Row ID,Order ID,Order Date,Ship Date,Ship Mode,Customer ID,Customer Name,Segment,Country,City,State,Postal Code,Region,Product ID,Category,Sub-Category,Product Name,Sales,Quantity,Discount,Profit
1,CA-2020-010001,2019-08-25,2019-09-01,Standard Class,CUS-01071,Joseph Lee,Consumer,United States,San Francisco,California,46930,West,OFF-LAB-54942,Office Supplies,Labels,Maco Laser Labels,27.77,5,0.5,-2.09
2,CA-2019-010004,2020-07-20,2020-07-25,Standard Class,CUS-01043,David White,Corporate,United States,San Francisco,California,31178,West,OFF-STO-66057,Office Supplies,Storage,Bankers Box Stor/File,55.19,2,0,23.62
3,CA-2019-010004,2020-07-20,2020-07-25,Standard Class,CUS-01043,David White,Corporate,United States,San Francisco,California,31178,West,OFF-STO-66057,Office Supplies,Storage,Bankers Box Stor/File,55.19,2,0,23.62
4,CA-2019-010008,2022-04-07,2022-04-11,Second Class,CUS-01017,Charles Thompson,Home Office,United States,Boston,Massachusetts,57795,East,TEC-ACC-99399,Technology,Accessories,Anker USB-C Hub,25.69,2,0.3,9.3
5,CA-2019-010008,2022-04-07,2022-04-11,Second Class,CUS-01017,Charles Thompson,Home Office,United States,Boston,Massachusetts,57795,East,TEC-ACC-99399,Technology,Accessories,Anker USB-C Hub,25.69,2,0.3,9.3
6,CA-2019-010008,2022-04-07,2022-04-11,Second Class,CUS-01017,Charles Thompson,Home Office,United States,Boston,Massachusetts,57795,East,TEC-ACC-99399,Technology,Accessories,Anker USB-C Hub,25.69,2,0.3,9.3
7,CA-2019-010008,2022-04-07,2022-04-11,Second Class,CUS-01017,Charles Thompson,Home Office,United States,Boston,Massachusetts,57795,East,TEC-ACC-99399,Technology,Accessories,Anker USB-C Hub,25.69,2,0.3,9.3
8,CA-2020-010011,2019-11-29,2019-12-03,Second Class,CUS-01004,Jennifer Lee,Corporate,United States,San Francisco,California,63964,West,OFF-LAB-30866,Office Supplies,Labels,Staples Multipurpose Labels,8.59,2,0.4,-1.71
9,CA-2020-010011,2019-11-29,2019-12-03,Second Class,CUS-01004,Jennifer Lee,Corporate,United States,San Francisco,California,63964,West,OFF-LAB-30866,Office Supplies,Labels,Staples Multipurpose Labels,8.59,2,0.4,-1.71
10,CA-2020-010011,2019-11-29,2019-12-03,Second Class,CUS-01004,Jennifer Lee,Corporate,United States,San Francisco,California,63964,West,OFF-LAB-30866,Office Supplies,Labels,Staples Multipurpose Labels,8.59,2,0.4,-1.71
11,CA-2020-010011,2019-11-29,2019-12-03,Second Class,CUS-01004,Jennifer Lee,Corporate,United States,San Francisco,California,63964,West,OFF-LAB-30866,Office Supplies,Labels,Staples Multipurpose Labels,8.59,2,0.4,-1.71
12,CA-2020-010013,2021-07-31,2021-08-03,First Class,CUS-01106,John Perez,Consumer,United States,Seattle,Washington,13101,West,OFF-LAB-53025,Office Supplies,Labels,Staples Multipurpose Labels,5.34,2,0.2,1.02
13,CA-2020-010013,2021-07-31,2021-08-03,First Class,CUS-01106,John Perez,Consumer,United States,Seattle,Washington,13101,West,OFF-LAB-53025,Office Supplies,Labels,Staples Multipurpose Labels,5.34,2,0.2,1.02
14,CA-2020-010013,2021-07-31,2021-08-03,First Class,CUS-01106,John Perez,Consumer,United States,Seattle,Washington,13101,West,OFF-LAB-53025,Office Supplies,Labels,Staples Multipurpose Labels,5.34,2,0.2,1.02
15,CA-2020-010013,2021-07-31,2021-08-03,First Class,CUS-01106,John Perez,Consumer,United States,Seattle,Washington,13101,West,OFF-LAB-53025,Office Supplies,Labels,Staples Multipurpose Labels,5.34,2,0.2,1.02
16,CA-2021-010015,2019-08-25,2019-08-27,First Class,CUS-01075,Sarah Martinez,Home Office,United States,Chicago,Illinois,24208,Central,OFF-APP-51114,Office Supplies,Appliances,Bostitch QuietSharp Sharpener,340.79,9,0,69.55
17,CA-2021-010015,2019-08-25,2019-08-27,First Class,CUS-01075,Sarah Martinez,Home Office,United States,Chicago,Illinois,24208,Central,OFF-APP-51114,Office Supplies,Appliances,Bostitch QuietSharp Sharpener,340.79,9,0,69.55
18,CA-2021-010016,2022-12-22,2022-12-22,Same Day,CUS-01067,Betty Taylor,Home Office,United States,San Francisco,California,66531,West,TEC-ACC-96951,Technology,Accessories,Belkin Surge Protector,284.58,5,0.2,90.14
19,CA-2021-010016,2022-12-22,2022-12-22,Same Day,CUS-01067,Betty Taylor,Home Office,United States,San Francisco,California,66531,West,TEC-ACC-96951,Technology,Accessories,Belkin Surge Protector,284.58,5,0.2,90.14
20,CA-2021-010016,2022-12-22,2022-12-22,Same Day,CUS-01067,Betty Taylor,Home Office,United States,San Francisco,California,66531,West,TEC-ACC-96951,Technology,Accessories,Belkin Surge Protector,284.58,5,0.2,90.14
21,CA-2022-010017,2022-02-09,2022-02-12,Second Class,CUS-01054,David Martin,Home Office,United States,Atlanta,Georgia,90676,South,OFF-FAS-81819,Office Supplies,Fasteners,Acme Scissors,66.69,5,0.2,8.94
22,CA-2022-010017,2022-02-09,2022-02-12,Second Class,CUS-01054,David Martin,Home Office,United States,Atlanta,Georgia,90676,South,OFF-FAS-81819,Office Supplies,Fasteners,Acme Scissors,66.69,5,0.2,8.94
23,CA-2022-010017,2022-02-09,2022-02-12,Second Class,CUS-01054,David Martin,Home Office,United States,Atlanta,Georgia,90676,South,OFF-FAS-81819,Office Supplies,Fasteners,Acme Scissors,66.69,5,0.2,8.94
24,CA-2022-010020,2021-06-24,2021-06-29,Second Class,CUS-01061,William Jones,Home Office,United States,Los Angeles,California,47196,West,OFF-ENV-40784,Office Supplies,Envelopes,Quality Park Catalog Envelopes,102.71,4,0.1,11.19
25,CA-2020-010024,2022-06-05,2022-06-11,Standard Class,CUS-01054,David Martin,Home Office,United States,Portland,Oregon,74799,West,FUR-TAB-95990,Furniture,Tables,IKEA Bekant Desk,196.7,2,0.4,-13.53
26,CA-2020-010024,2022-06-05,2022-06-11,Standard Class,CUS-01054,David Martin,Home Office,United States,Portland,Oregon,74799,West,FUR-TAB-95990,Furniture,Tables,IKEA Bekant Desk,196.7,2,0.4,-13.53
27,CA-2020-010024,2022-06-05,2022-06-11,Standard Class,CUS-01054,David Martin,Home Office,United States,Portland,Oregon,74799,West,FUR-TAB-95990,Furniture,Tables,IKEA Bekant Desk,196.7,2,0.4,-13.53
28,CA-2020-010024,2022-06-05,2022-06-11,Standard Class,CUS-01054,David Martin,Home Office,United States,Portland,Oregon,74799,West,FUR-TAB-95990,Furniture,Tables,IKEA Bekant Desk,196.7,2,0.4,-13.53
29,CA-2019-010028,2020-05-25,2020-05-31,Standard Class,CUS-01018,Betty Lee,Consumer,United States,Nashville,Tennessee,83259,South,OFF-ENV-90301,Office Supplies,Envelopes,Staples 10-Envelope Box,44.66,9,0.4,-8.54
30,CA-2019-010028,2020-05-25,2020-05-31,Standard Class,CUS-01018,Betty Lee,Consumer,United States,Nashville,Tennessee,83259,South,OFF-ENV-90301,Office Supplies,Envelopes,Staples 10-Envelope Box,44.66,9,0.4,-8.54
31,CA-2019-010028,2020-05-25,2020-05-31,Standard Class,CUS-01018,Betty Lee,Consumer,United States,Nashville,Tennessee,83259,South,OFF-ENV-90301,Office Supplies,Envelopes,Staples 10-Envelope Box,44.66,9,0.4,-8.54
32,CA-2019-010028,2020-05-25,2020-05-31,Standard Class,CUS-01018,Betty Lee,Consumer,United States,Nashville,Tennessee,83259,South,OFF-ENV-90301,Office Supplies,Envelopes,Staples 10-Envelope Box,44.66,9,0.4,-8.54
33,CA-2020-010033,2021-07-10,2021-07-12,First Class,CUS-01108,Christopher Martinez,Consumer,United States,Columbus,Ohio,73517,Central,OFF-LAB-67654,Office Supplies,Labels,Staples Multipurpose Labels,10.99,5,0.1,1.74
34,CA-2020-010033,2021-07-10,2021-07-12,First Class,CUS-01108,Christopher Martinez,Consumer,United States,Columbus,Ohio,73517,Central,OFF-LAB-67654,Office Supplies,Labels,Staples Multipurpose Labels,10.99,5,0.1,1.74
35,CA-2020-010033,2021-07-10,2021-07-12,First Class,CUS-01108,Christopher Martinez,Consumer,United States,Columbus,Ohio,73517,Central,OFF-LAB-67654,Office Supplies,Labels,Staples Multipurpose Labels,10.99,5,0.1,1.74
36,CA-2019-010037,2019-11-05,2019-11-09,Second Class,CUS-01089,Michael Johnson,Home Office,United States,Seattle,Washington,18418,West,FUR-FUR-81121,Furniture,Furnishings,Master Caster Doorstop,21.61,1,0.1,8.28
37,CA-2019-010037,2019-11-05,2019-11-09,Second Class,CUS-01089,Michael Johnson,Home Office,United States,Seattle,Washington,18418,West,FUR-FUR-81121,Furniture,Furnishings,Master Caster Doorstop,21.61,1,0.1,8.28
38,CA-2019-010037,2019-11-05,2019-11-09,Second Class,CUS-01089,Michael Johnson,Home Office,United States,Seattle,Washington,18418,West,FUR-FUR-81121,Furniture,Furnishings,Master Caster Doorstop,21.61,1,0.1,8.28
39,CA-2019-010037,2019-11-05,2019-11-09,Second Class,CUS-01089,Michael Johnson,Home Office,United States,Seattle,Washington,18418,West,FUR-FUR-81121,Furniture,Furnishings,Master Caster Doorstop,21.61,1,0.1,8.28
40,CA-2019-010039,2021-02-18,2021-02-18,Same Day,CUS-01046,James White,Home Office,United States,Kansas City,Missouri,64921,Central,OFF-SUP-38906,Office Supplies,Supplies,Scotch Magic Tape,11.77,5,0.4,-1.44
41,CA-2019-010039,2021-02-18,2021-02-18,Same Day,CUS-01046,James White,Home Office,United States,Kansas City,Missouri,64921,Central,OFF-SUP-38906,Office Supplies,Supplies,Scotch Magic Tape,11.77,5,0.4,-1.44
42,CA-2019-010039,2021-02-18,2021-02-18,Same Day,CUS-01046,James White,Home Office,United States,Kansas City,Missouri,64921,Central,OFF-SUP-38906,Office Supplies,Supplies,Scotch Magic Tape,11.77,5,0.4,-1.44
43,CA-2019-010039,2021-02-18,2021-02-18,Same Day,CUS-01046,James White,Home Office,United States,Kansas City,Missouri,64921,Central,OFF-SUP-38906,Office Supplies,Supplies,Scotch Magic Tape,11.77,5,0.4,-1.44
44,CA-2021-010044,2019-12-05,2019-12-05,Same Day,CUS-01080,Michael White,Corporate,United States,Baltimore,Maryland,87580,East,OFF-BIN-94246,Office Supplies,Binders,Avery Heavy Duty Binder,29.43,8,0,2.06
45,CA-2021-010044,2019-12-05,2019-12-05,Same Day,CUS-01080,Michael White,Corporate,United States,Baltimore,Maryland,87580,East,OFF-BIN-94246,Office Supplies,Binders,Avery Heavy Duty Binder,29.43,8,0,2.06
46,CA-2021-010044,2019-12-05,2019-12-05,Same Day,CUS-01080,Michael White,Corporate,United States,Baltimore,Maryland,87580,East,OFF-BIN-94246,Office Supplies,Binders,Avery Heavy Duty Binder,29.43,8,0,2.06
47,CA-2021-010044,2019-12-05,2019-12-05,Same Day,CUS-01080,Michael White,Corporate,United States,Baltimore,Maryland,87580,East,OFF-BIN-94246,Office Supplies,Binders,Avery Heavy Duty Binder,29.43,8,0,2.06
48,CA-2021-010048,2021-07-20,2021-07-23,First Class,CUS-01098,Patricia Clark,Corporate,United States,Miami,Florida,65255,South,FUR-CHA-12540,Furniture,Chairs,Flash Furniture Mesh Chair,487.0,1,0.3,68.03
49,CA-2019-010050,2020-05-21,2020-05-24,Second Class,CUS-01080,Michael White,Corporate,United States,Seattle,Washington,26544,West,FUR-CHA-70952,Furniture,Chairs,Steelcase Leap V2,3933.4,6,0,1149.96
50,CA-2020-010051,2019-08-10,2019-08-16,Standard Class,CUS-01074,John Lopez,Consumer,United States,Charlotte,North Carolina,35995,South,TEC-MAC-92213,Technology,Machines,Fellowes Powershred 79Ci,882.13,5,0,325.06
51,CA-2021-010054,2021-05-27,2021-05-29,First Class,CUS-01065,Richard Harris,Corporate,United States,Chicago,Illinois,65057,Central,FUR-CHA-57472,Furniture,Chairs,Flash Furniture Mesh Chair,1610.2,8,0,361.0
52,CA-2021-010054,2021-05-27,2021-05-29,First Class,CUS-01065,Richard Harris,Corporate,United States,Chicago,Illinois,65057,Central,FUR-CHA-57472,Furniture,Chairs,Flash Furniture Mesh Chair,1610.2,8,0,361.0
53,CA-2021-010054,2021-05-27,2021-05-29,First Class,CUS-01065,Richard Harris,Corporate,United States,Chicago,Illinois,65057,Central,FUR-CHA-57472,Furniture,Chairs,Flash Furniture Mesh Chair,1610.2,8,0,361.0
54,CA-2022-010059,2021-06-11,2021-06-14,First Class,CUS-01110,Margaret Jones,Home Office,United States,Los Angeles,California,46559,West,FUR-TAB-84691,Furniture,Tables,Sauder Palladia Desk,972.57,7,0.3,59.79
55,CA-2022-010059,2021-06-11,2021-06-14,First Class,CUS-01110,Margaret Jones,Home Office,United States,Los Angeles,California,46559,West,FUR-TAB-84691,Furniture,Tables,Sauder Palladia Desk,972.57,7,0.3,59.79
56,CA-2022-010059,2021-06-11,2021-06-14,First Class,CUS-01110,Margaret Jones,Home Office,United States,Los Angeles,California,46559,West,FUR-TAB-84691,Furniture,Tables,Sauder Palladia Desk,972.57,7,0.3,59.79
57,CA-2020-010063,2020-03-10,2020-03-13,First Class,CUS-01044,Robert Wilson,Corporate,United States,Columbus,Ohio,46211,Central,OFF-BIN-35042,Office Supplies,Binders,Mead Flex Binder,10.74,7,0.5,-1.46
58,CA-2020-010063,2020-03-10,2020-03-13,First Class,CUS-01044,Robert Wilson,Corporate,United States,Columbus,Ohio,46211,Central,OFF-BIN-35042,Office Supplies,Binders,Mead Flex Binder,10.74,7,0.5,-1.46
59,CA-2022-010067,2021-07-06,2021-07-11,Standard Class,CUS-01038,Thomas Clark,Home Office,United States,Portland,Oregon,41890,West,FUR-BOO-82544,Furniture,Bookcases,Sauder Cottage Road Bookcase,260.88,7,0.3,49.76
60,CA-2022-010067,2021-07-06,2021-07-11,Standard Class,CUS-01038,Thomas Clark,Home Office,United States,Portland,Oregon,41890,West,FUR-BOO-82544,Furniture,Bookcases,Sauder Cottage Road Bookcase,260.88,7,0.3,49.76
61,CA-2022-010067,2021-07-06,2021-07-11,Standard Class,CUS-01038,Thomas Clark,Home Office,United States,Portland,Oregon,41890,West,FUR-BOO-82544,Furniture,Bookcases,Sauder Cottage Road Bookcase,260.88,7,0.3,49.76
62,CA-2022-010067,2021-07-06,2021-07-11,Standard Class,CUS-01038,Thomas Clark,Home Office,United States,Portland,Oregon,41890,West,FUR-BOO-82544,Furniture,Bookcases,Sauder Cottage Road Bookcase,260.88,7,0.3,49.76
63,CA-2021-010071,2020-05-29,2020-06-01,Second Class,CUS-01093,Patricia Garcia,Corporate,United States,San Francisco,California,25670,West,OFF-SUP-34267,Office Supplies,Supplies,Scotch Magic Tape,17.02,8,0.2,5.79
64,CA-2021-010071,2020-05-29,2020-06-01,Second Class,CUS-01093,Patricia Garcia,Corporate,United States,San Francisco,California,25670,West,OFF-SUP-34267,Office Supplies,Supplies,Scotch Magic Tape,17.02,8,0.2,5.79
65,CA-2021-010071,2020-05-29,2020-06-01,Second Class,CUS-01093,Patricia Garcia,Corporate,United States,San Francisco,California,25670,West,OFF-SUP-34267,Office Supplies,Supplies,Scotch Magic Tape,17.02,8,0.2,5.79
66,CA-2019-010074,2020-08-29,2020-09-02,Second Class,CUS-01023,Betty Garcia,Corporate,United States,Chicago,Illinois,80010,Central,TEC-ACC-17146,Technology,Accessories,Logitech MX Master Mouse,216.73,3,0.5,-9.87
67,CA-2021-010076,2021-09-07,2021-09-08,Same Day,CUS-01024,Daniel Miller,Home Office,United States,Boston,Massachusetts,72616,East,TEC-PHO-74454,Technology,Phones,Motorola Moto G,91.03,1,0,9.98
68,CA-2021-010076,2021-09-07,2021-09-08,Same Day,CUS-01024,Daniel Miller,Home Office,United States,Boston,Massachusetts,72616,East,TEC-PHO-74454,Technology,Phones,Motorola Moto G,91.03,1,0,9.98
69,CA-2021-010076,2021-09-07,2021-09-08,Same Day,CUS-01024,Daniel Miller,Home Office,United States,Boston,Massachusetts,72616,East,TEC-PHO-74454,Technology,Phones,Motorola Moto G,91.03,1,0,9.98
70,CA-2019-010080,2019-08-31,2019-08-31,Same Day,CUS-01100,Donald Jackson,Home Office,United States,Charlotte,North Carolina,68028,South,FUR-FUR-84531,Furniture,Furnishings,Master Caster Doorstop,615.29,10,0,263.99
71,CA-2019-010080,2019-08-31,2019-08-31,Same Day,CUS-01100,Donald Jackson,Home Office,United States,Charlotte,North Carolina,68028,South,FUR-FUR-84531,Furniture,Furnishings,Master Caster Doorstop,615.29,10,0,263.99
72,CA-2020-010082,2022-09-14,2022-09-19,Standard Class,CUS-01031,Patricia Davis,Consumer,United States,Phoenix,Arizona,19838,West,TEC-PHO-69048,Technology,Phones,Motorola Moto G,1895.19,8,0.2,119.5
73,CA-2020-010082,2022-09-14,2022-09-19,Standard Class,CUS-01031,Patricia Davis,Consumer,United States,Phoenix,Arizona,19838,West,TEC-PHO-69048,Technology,Phones,Motorola Moto G,1895.19,8,0.2,119.5
74,CA-2020-010082,2022-09-14,2022-09-19,Standard Class,CUS-01031,Patricia Davis,Consumer,United States,Phoenix,Arizona,19838,West,TEC-PHO-69048,Technology,Phones,Motorola Moto G,1895.19,8,0.2,119.5
75,CA-2021-010085,2019-05-26,2019-05-30,Second Class,CUS-01101,David Johnson,Home Office,United States,Portland,Oregon,25043,West,OFF-LAB-29528,Office Supplies,Labels,Maco Laser Labels,32.25,3,0,2.38
76,CA-2021-010085,2019-05-26,2019-05-30,Second Class,CUS-01101,David Johnson,Home Office,United States,Portland,Oregon,25043,West,OFF-LAB-29528,Office Supplies,Labels,Maco Laser Labels,32.25,3,0,2.38
77,CA-2021-010085,2019-05-26,2019-05-30,Second Class,CUS-01101,David Johnson,Home Office,United States,Portland,Oregon,25043,West,OFF-LAB-29528,Office Supplies,Labels,Maco Laser Labels,32.25,3,0,2.38
78,CA-2021-010089,2019-09-12,2019-09-13,Same Day,CUS-01090,James Williams,Consumer,United States,Miami,Florida,75597,South,OFF-STO-20543,Office Supplies,Storage,Smead Filing Box,284.44,7,0.3,82.91
79,CA-2019-010093,2022-10-12,2022-10-19,Standard Class,CUS-01106,John Perez,Consumer,United States,Columbus,Ohio,15273,Central,TEC-COP-46458,Technology,Copiers,Xerox B210,775.18,10,0.4,-117.8
80,CA-2019-010093,2022-10-12,2022-10-19,Standard Class,CUS-01106,John Perez,Consumer,United States,Columbus,Ohio,15273,Central,TEC-COP-46458,Technology,Copiers,Xerox B210,775.18,10,0.4,-117.8
81,CA-2019-010093,2022-10-12,2022-10-19,Standard Class,CUS-01106,John Perez,Consumer,United States,Columbus,Ohio,15273,Central,TEC-COP-46458,Technology,Copiers,Xerox B210,775.18,10,0.4,-117.8
82,CA-2019-010093,2022-10-12,2022-10-19,Standard Class,CUS-01106,John Perez,Consumer,United States,Columbus,Ohio,15273,Central,TEC-COP-46458,Technology,Copiers,Xerox B210,775.18,10,0.4,-117.8
83,CA-2019-010095,2020-12-13,2020-12-14,Same Day,CUS-01042,Linda Jones,Home Office,United States,Philadelphia,Pennsylvania,53228,East,FUR-FUR-96846,Furniture,Furnishings,Master Caster Doorstop,538.39,9,0,124.87
84,CA-2019-010095,2020-12-13,2020-12-14,Same Day,CUS-01042,Linda Jones,Home Office,United States,Philadelphia,Pennsylvania,53228,East,FUR-FUR-96846,Furniture,Furnishings,Master Caster Doorstop,538.39,9,0,124.87
85,CA-2019-010095,2020-12-13,2020-12-14,Same Day,CUS-01042,Linda Jones,Home Office,United States,Philadelphia,Pennsylvania,53228,East,FUR-FUR-96846,Furniture,Furnishings,Master Caster Doorstop,538.39,9,0,124.87
86,CA-2021-010099,2019-08-26,2019-08-26,Same Day,CUS-01085,Richard Miller,Home Office,United States,Charlotte,North Carolina,17104,South,TEC-MAC-91609,Technology,Machines,Dymo LabelWriter 450,1445.28,8,0,189.94
87,CA-2021-010099,2019-08-26,2019-08-26,Same Day,CUS-01085,Richard Miller,Home Office,United States,Charlotte,North Carolina,17104,South,TEC-MAC-91609,Technology,Machines,Dymo LabelWriter 450,1445.28,8,0,189.94
88,CA-2021-010102,2022-12-01,2022-12-01,Same Day,CUS-01004,Jennifer Lee,Corporate,United States,Seattle,Washington,50730,West,OFF-BIN-63476,Office Supplies,Binders,Mead Flex Binder,3.17,2,0.5,-0.68
89,CA-2021-010102,2022-12-01,2022-12-01,Same Day,CUS-01004,Jennifer Lee,Corporate,United States,Seattle,Washington,50730,West,OFF-BIN-63476,Office Supplies,Binders,Mead Flex Binder,3.17,2,0.5,-0.68
90,CA-2022-010106,2021-11-08,2021-11-11,First Class,CUS-01107,Anthony White,Home Office,United States,Charlotte,North Carolina,41946,South,FUR-TAB-34983,Furniture,Tables,Sauder Palladia Desk,2514.41,9,0,994.73
91,CA-2022-010106,2021-11-08,2021-11-11,First Class,CUS-01107,Anthony White,Home Office,United States,Charlotte,North Carolina,41946,South,FUR-TAB-34983,Furniture,Tables,Sauder Palladia Desk,2514.41,9,0,994.73
92,CA-2022-010106,2021-11-08,2021-11-11,First Class,CUS-01107,Anthony White,Home Office,United States,Charlotte,North Carolina,41946,South,FUR-TAB-34983,Furniture,Tables,Sauder Palladia Desk,2514.41,9,0,994.73
93,CA-2022-010109,2021-11-05,2021-11-07,First Class,CUS-01037,William Davis,Home Office,United States,Columbus,Ohio,86011,Central,OFF-STO-68529,Office Supplies,Storage,Avery Lateral File,56.15,6,0.3,15.2
94,CA-2022-010109,2021-11-05,2021-11-07,First Class,CUS-01037,William Davis,Home Office,United States,Columbus,Ohio,86011,Central,OFF-STO-68529,Office Supplies,Storage,Avery Lateral File,56.15,6,0.3,15.2
95,CA-2022-010109,2021-11-05,2021-11-07,First Class,CUS-01037,William Davis,Home Office,United States,Columbus,Ohio,86011,Central,OFF-STO-68529,Office Supplies,Storage,Avery Lateral File,56.15,6,0.3,15.2
96,CA-2022-010109,2021-11-05,2021-11-07,First Class,CUS-01037,William Davis,Home Office,United States,Columbus,Ohio,86011,Central,OFF-STO-68529,Office Supplies,Storage,Avery Lateral File,56.15,6,0.3,15.2
97,CA-2022-010112,2020-01-22,2020-01-27,Second Class,CUS-01050,David Taylor,Consumer,United States,Portland,Oregon,15720,West,FUR-FUR-59968,Furniture,Furnishings,Lorell Dry-Erase Board,61.63,3,0.5,-13.44
98,CA-2022-010112,2020-01-22,2020-01-27,Second Class,CUS-01050,David Taylor,Consumer,United States,Portland,Oregon,15720,West,FUR-FUR-59968,Furniture,Furnishings,Lorell Dry-Erase Board,61.63,3,0.5,-13.44
99,CA-2021-010115,2021-06-20,2021-06-27,Standard Class,CUS-01117,David Taylor,Home Office,United States,Houston,Texas,28894,South,FUR-TAB-71537,Furniture,Tables,IKEA Bekant Desk,637.71,5,0.3,190.87
100,CA-2021-010115,2021-06-20,2021-06-27,Standard Class,CUS-01117,David Taylor,Home Office,United States,Houston,Texas,28894,South,FUR-TAB-71537,Furniture,Tables,IKEA Bekant Desk,637.71,5,0.3,190.87
101,CA-2021-010115,2021-06-20,2021-06-27,Standard Class,CUS-01117,David Taylor,Home Office,United States,Houston,Texas,28894,South,FUR-TAB-71537,Furniture,Tables,IKEA Bekant Desk,637.71,5,0.3,190.87
102,CA-2021-010115,2021-06-20,2021-06-27,Standard Class,CUS-01117,David Taylor,Home Office,United States,Houston,Texas,28894,South,FUR-TAB-71537,Furniture,Tables,IKEA Bekant Desk,637.71,5,0.3,190.87
103,CA-2019-010116,2022-10-13,2022-10-14,Same Day,CUS-01081,Daniel Anderson,Corporate,United States,Nashville,Tennessee,14705,South,OFF-PAP-92727,Office Supplies,Paper,Hammermill Premium Copy Paper,44.48,5,0.1,15.51
104,CA-2019-010116,2022-10-13,2022-10-14,Same Day,CUS-01081,Daniel Anderson,Corporate,United States,Nashville,Tennessee,14705,South,OFF-PAP-92727,Office Supplies,Paper,Hammermill Premium Copy Paper,44.48,5,0.1,15.51
105,CA-2019-010116,2022-10-13,2022-10-14,Same Day,CUS-01081,Daniel Anderson,Corporate,United States,Nashville,Tennessee,14705,South,OFF-PAP-92727,Office Supplies,Paper,Hammermill Premium Copy Paper,44.48,5,0.1,15.51
106,CA-2019-010116,2022-10-13,2022-10-14,Same Day,CUS-01081,Daniel Anderson,Corporate,United States,Nashville,Tennessee,14705,South,OFF-PAP-92727,Office Supplies,Paper,Hammermill Premium Copy Paper,44.48,5,0.1,15.51
107,CA-2019-010119,2021-06-27,2021-07-02,Second Class,CUS-01039,Sandra Lee,Corporate,United States,New York,New York,52516,East,TEC-ACC-59131,Technology,Accessories,Belkin Surge Protector,138.94,4,0.4,-19.2
108,CA-2019-010119,2021-06-27,2021-07-02,Second Class,CUS-01039,Sandra Lee,Corporate,United States,New York,New York,52516,East,TEC-ACC-59131,Technology,Accessories,Belkin Surge Protector,138.94,4,0.4,-19.2
109,CA-2020-010120,2019-06-11,2019-06-11,Same Day,CUS-01064,Sandra Miller,Home Office,United States,Seattle,Washington,70443,West,OFF-FAS-43466,Office Supplies,Fasteners,Acme Scissors,131.23,8,0.2,42.13
110,CA-2020-010120,2019-06-11,2019-06-11,Same Day,CUS-01064,Sandra Miller,Home Office,United States,Seattle,Washington,70443,West,OFF-FAS-43466,Office Supplies,Fasteners,Acme Scissors,131.23,8,0.2,42.13
111,CA-2019-010122,2020-12-08,2020-12-11,First Class,CUS-01089,Michael Johnson,Home Office,United States,Kansas City,Missouri,49599,Central,TEC-COP-23979,Technology,Copiers,Xerox B210,1361.84,10,0.3,381.21
112,CA-2019-010122,2020-12-08,2020-12-11,First Class,CUS-01089,Michael Johnson,Home Office,United States,Kansas City,Missouri,49599,Central,TEC-COP-23979,Technology,Copiers,Xerox B210,1361.84,10,0.3,381.21
113,CA-2019-010122,2020-12-08,2020-12-11,First Class,CUS-01089,Michael Johnson,Home Office,United States,Kansas City,Missouri,49599,Central,TEC-COP-23979,Technology,Copiers,Xerox B210,1361.84,10,0.3,381.21
114,CA-2019-010126,2020-07-16,2020-07-23,Standard Class,CUS-01111,Lisa Taylor,Corporate,United States,Washington,District of Columbia,75107,East,FUR-TAB-56179,Furniture,Tables,Realspace Magellan Corner Desk,464.96,4,0.2,149.31
115,CA-2019-010126,2020-07-16,2020-07-23,Standard Class,CUS-01111,Lisa Taylor,Corporate,United States,Washington,District of Columbia,75107,East,FUR-TAB-56179,Furniture,Tables,Realspace Magellan Corner Desk,464.96,4,0.2,149.31
116,CA-2019-010130,2020-09-24,2020-09-24,Same Day,CUS-01075,Sarah Martinez,Home Office,United States,Dallas,Texas,21813,Central,FUR-BOO-64460,Furniture,Bookcases,Way2Furn 5-Shelf,76.95,3,0.3,20.19
117,CA-2019-010130,2020-09-24,2020-09-24,Same Day,CUS-01075,Sarah Martinez,Home Office,United States,Dallas,Texas,21813,Central,FUR-BOO-64460,Furniture,Bookcases,Way2Furn 5-Shelf,76.95,3,0.3,20.19
118,CA-2019-010130,2020-09-24,2020-09-24,Same Day,CUS-01075,Sarah Martinez,Home Office,United States,Dallas,Texas,21813,Central,FUR-BOO-64460,Furniture,Bookcases,Way2Furn 5-Shelf,76.95,3,0.3,20.19
119,CA-2020-010131,2021-09-13,2021-09-16,First Class,CUS-01103,Robert White,Consumer,United States,Baltimore,Maryland,19869,East,TEC-COM-83048,Technology,Computers,Apple MacBook Air,6377.6,7,0,993.52
120,CA-2022-010134,2022-10-09,2022-10-12,First Class,CUS-01106,John Perez,Consumer,United States,Chicago,Illinois,98452,Central,TEC-COP-91205,Technology,Copiers,Canon imageRUNNER 2630,4284.26,9,0.3,1782.69
121,CA-2022-010134,2022-10-09,2022-10-12,First Class,CUS-01106,John Perez,Consumer,United States,Chicago,Illinois,98452,Central,TEC-COP-91205,Technology,Copiers,Canon imageRUNNER 2630,4284.26,9,0.3,1782.69
122,CA-2019-010137,2022-12-06,2022-12-09,First Class,CUS-01015,Ashley Martin,Consumer,United States,Los Angeles,California,14877,West,FUR-FUR-22739,Furniture,Furnishings,Deflect-O Chair Mat,167.57,9,0,34.43
123,CA-2019-010137,2022-12-06,2022-12-09,First Class,CUS-01015,Ashley Martin,Consumer,United States,Los Angeles,California,14877,West,FUR-FUR-22739,Furniture,Furnishings,Deflect-O Chair Mat,167.57,9,0,34.43
124,CA-2019-010137,2022-12-06,2022-12-09,First Class,CUS-01015,Ashley Martin,Consumer,United States,Los Angeles,California,14877,West,FUR-FUR-22739,Furniture,Furnishings,Deflect-O Chair Mat,167.57,9,0,34.43
125,CA-2022-010141,2019-11-13,2019-11-13,Same Day,CUS-01107,Anthony White,Home Office,United States,Nashville,Tennessee,63492,South,FUR-CHA-38477,Furniture,Chairs,Herman Miller Aeron,418.26,4,0.3,37.54
126,CA-2022-010141,2019-11-13,2019-11-13,Same Day,CUS-01107,Anthony White,Home Office,United States,Nashville,Tennessee,63492,South,FUR-CHA-38477,Furniture,Chairs,Herman Miller Aeron,418.26,4,0.3,37.54
127,CA-2022-010141,2019-11-13,2019-11-13,Same Day,CUS-01107,Anthony White,Home Office,United States,Nashville,Tennessee,63492,South,FUR-CHA-38477,Furniture,Chairs,Herman Miller Aeron,418.26,4,0.3,37.54
128,CA-2021-010146,2021-03-26,2021-03-28,First Class,CUS-01016,Matthew Williams,Home Office,United States,Houston,Texas,96870,South,TEC-MAC-16629,Technology,Machines,Zebra ZT411 Label Printer,744.49,4,0,271.58
129,CA-2021-010146,2021-03-26,2021-03-28,First Class,CUS-01016,Matthew Williams,Home Office,United States,Houston,Texas,96870,South,TEC-MAC-16629,Technology,Machines,Zebra ZT411 Label Printer,744.49,4,0,271.58
130,CA-2019-010147,2020-02-29,2020-03-03,Second Class,CUS-01043,David White,Corporate,United States,Phoenix,Arizona,10371,West,FUR-TAB-80807,Furniture,Tables,IKEA Bekant Desk,945.78,3,0,297.38
131,CA-2020-010152,2021-01-03,2021-01-08,Second Class,CUS-01042,Linda Jones,Home Office,United States,Philadelphia,Pennsylvania,44782,East,TEC-COM-78955,Technology,Computers,Apple MacBook Air,186.04,2,0.5,-21.33
132,CA-2020-010152,2021-01-03,2021-01-08,Second Class,CUS-01042,Linda Jones,Home Office,United States,Philadelphia,Pennsylvania,44782,East,TEC-COM-78955,Technology,Computers,Apple MacBook Air,186.04,2,0.5,-21.33
133,CA-2020-010152,2021-01-03,2021-01-08,Second Class,CUS-01042,Linda Jones,Home Office,United States,Philadelphia,Pennsylvania,44782,East,TEC-COM-78955,Technology,Computers,Apple MacBook Air,186.04,2,0.5,-21.33
134,CA-2019-010153,2021-10-28,2021-11-02,Second Class,CUS-01006,Jessica Davis,Home Office,United States,Kansas City,Missouri,94323,Central,TEC-PHO-62640,Technology,Phones,Motorola Moto G,156.32,2,0.5,-26.18
135,CA-2019-010153,2021-10-28,2021-11-02,Second Class,CUS-01006,Jessica Davis,Home Office,United States,Kansas City,Missouri,94323,Central,TEC-PHO-62640,Technology,Phones,Motorola Moto G,156.32,2,0.5,-26.18
136,CA-2019-010153,2021-10-28,2021-11-02,Second Class,CUS-01006,Jessica Davis,Home Office,United States,Kansas City,Missouri,94323,Central,TEC-PHO-62640,Technology,Phones,Motorola Moto G,156.32,2,0.5,-26.18
137,CA-2019-010153,2021-10-28,2021-11-02,Second Class,CUS-01006,Jessica Davis,Home Office,United States,Kansas City,Missouri,94323,Central,TEC-PHO-62640,Technology,Phones,Motorola Moto G,156.32,2,0.5,-26.18
138,CA-2019-010157,2020-10-21,2020-10-24,Second Class,CUS-01017,Charles Thompson,Home Office,United States,Columbus,Ohio,92978,Central,OFF-SUP-52622,Office Supplies,Supplies,Scotch Magic Tape,25.81,10,0.2,5.97
139,CA-2019-010157,2020-10-21,2020-10-24,Second Class,CUS-01017,Charles Thompson,Home Office,United States,Columbus,Ohio,92978,Central,OFF-SUP-52622,Office Supplies,Supplies,Scotch Magic Tape,25.81,10,0.2,5.97
140,CA-2019-010157,2020-10-21,2020-10-24,Second Class,CUS-01017,Charles Thompson,Home Office,United States,Columbus,Ohio,92978,Central,OFF-SUP-52622,Office Supplies,Supplies,Scotch Magic Tape,25.81,10,0.2,5.97
141,CA-2019-010157,2020-10-21,2020-10-24,Second Class,CUS-01017,Charles Thompson,Home Office,United States,Columbus,Ohio,92978,Central,OFF-SUP-52622,Office Supplies,Supplies,Scotch Magic Tape,25.81,10,0.2,5.97
142,CA-2019-010158,2022-09-02,2022-09-06,Second Class,CUS-01058,Patricia Davis,Home Office,United States,Portland,Oregon,54424,West,FUR-FUR-22463,Furniture,Furnishings,Master Caster Doorstop,166.52,6,0.2,33.26
143,CA-2019-010158,2022-09-02,2022-09-06,Second Class,CUS-01058,Patricia Davis,Home Office,United States,Portland,Oregon,54424,West,FUR-FUR-22463,Furniture,Furnishings,Master Caster Doorstop,166.52,6,0.2,33.26
144,CA-2022-010159,2019-07-06,2019-07-11,Standard Class,CUS-01056,Emily Smith,Consumer,United States,Boston,Massachusetts,27054,East,OFF-BIN-83608,Office Supplies,Binders,Mead Flex Binder,5.41,2,0.4,-0.52
145,CA-2022-010159,2019-07-06,2019-07-11,Standard Class,CUS-01056,Emily Smith,Consumer,United States,Boston,Massachusetts,27054,East,OFF-BIN-83608,Office Supplies,Binders,Mead Flex Binder,5.41,2,0.4,-0.52
146,CA-2022-010159,2019-07-06,2019-07-11,Standard Class,CUS-01056,Emily Smith,Consumer,United States,Boston,Massachusetts,27054,East,OFF-BIN-83608,Office Supplies,Binders,Mead Flex Binder,5.41,2,0.4,-0.52
147,CA-2022-010159,2019-07-06,2019-07-11,Standard Class,CUS-01056,Emily Smith,Consumer,United States,Boston,Massachusetts,27054,East,OFF-BIN-83608,Office Supplies,Binders,Mead Flex Binder,5.41,2,0.4,-0.52
148,CA-2019-010160,2022-05-14,2022-05-17,First Class,CUS-01014,Thomas Johnson,Home Office,United States,Seattle,Washington,96079,West,FUR-TAB-55890,Furniture,Tables,IKEA Bekant Desk,2335.64,6,0,829.25
149,CA-2019-010160,2022-05-14,2022-05-17,First Class,CUS-01014,Thomas Johnson,Home Office,United States,Seattle,Washington,96079,West,FUR-TAB-55890,Furniture,Tables,IKEA Bekant Desk,2335.64,6,0,829.25
150,CA-2022-010163,2022-06-27,2022-07-04,Standard Class,CUS-01119,James White,Home Office,United States,Chicago,Illinois,33647,Central,FUR-BOO-56009,Furniture,Bookcases,Sauder Cottage Road Bookcase,109.39,3,0.4,-4.26
151,CA-2019-010168,2020-03-16,2020-03-17,Same Day,CUS-01059,Jennifer Williams,Home Office,United States,Dallas,Texas,58503,Central,FUR-BOO-88148,Furniture,Bookcases,Way2Furn 5-Shelf,83.64,1,0,9.45
152,CA-2019-010173,2021-06-26,2021-06-27,Same Day,CUS-01078,Donald Davis,Corporate,United States,Charlotte,North Carolina,45804,South,TEC-MAC-55242,Technology,Machines,Zebra ZT411 Label Printer,203.14,5,0.5,-26.49
153,CA-2019-010173,2021-06-26,2021-06-27,Same Day,CUS-01078,Donald Davis,Corporate,United States,Charlotte,North Carolina,45804,South,TEC-MAC-55242,Technology,Machines,Zebra ZT411 Label Printer,203.14,5,0.5,-26.49
154,CA-2019-010173,2021-06-26,2021-06-27,Same Day,CUS-01078,Donald Davis,Corporate,United States,Charlotte,North Carolina,45804,South,TEC-MAC-55242,Technology,Machines,Zebra ZT411 Label Printer,203.14,5,0.5,-26.49
155,CA-2019-010176,2021-03-20,2021-03-25,Standard Class,CUS-01027,David Martin,Home Office,United States,Dallas,Texas,27987,Central,FUR-BOO-25726,Furniture,Bookcases,Sauder Cottage Road Bookcase,214.34,7,0,21.8
156,CA-2019-010176,2021-03-20,2021-03-25,Standard Class,CUS-01027,David Martin,Home Office,United States,Dallas,Texas,27987,Central,FUR-BOO-25726,Furniture,Bookcases,Sauder Cottage Road Bookcase,214.34,7,0,21.8
157,CA-2021-010178,2021-03-24,2021-03-30,Standard Class,CUS-01003,William Clark,Consumer,United States,Houston,Texas,51033,South,OFF-APP-63008,Office Supplies,Appliances,ACCO 3-Hole Punch,622.92,7,0.2,59.84
158,CA-2021-010179,2022-06-19,2022-06-20,Same Day,CUS-01012,Michael Williams,Corporate,United States,Houston,Texas,41891,South,FUR-FUR-20308,Furniture,Furnishings,Lorell Dry-Erase Board,146.76,5,0.3,20.34
159,CA-2021-010179,2022-06-19,2022-06-20,Same Day,CUS-01012,Michael Williams,Corporate,United States,Houston,Texas,41891,South,FUR-FUR-20308,Furniture,Furnishings,Lorell Dry-Erase Board,146.76,5,0.3,20.34
160,CA-2019-010181,2022-07-20,2022-07-27,Standard Class,CUS-01066,Margaret White,Home Office,United States,San Francisco,California,56019,West,OFF-ART-23474,Office Supplies,Art,Crayola Colored Pencils,36.6,4,0,10.65
161,CA-2020-010186,2021-08-08,2021-08-09,Same Day,CUS-01111,Lisa Taylor,Corporate,United States,Dallas,Texas,67640,Central,TEC-COP-92756,Technology,Copiers,Xerox B210,3311.92,5,0,631.84
162,CA-2021-010190,2021-07-14,2021-07-19,Standard Class,CUS-01048,Karen Thompson,Corporate,United States,Chicago,Illinois,94497,Central,TEC-MAC-76462,Technology,Machines,Fellowes Powershred 79Ci,1137.07,10,0,261.4
163,CA-2021-010190,2021-07-14,2021-07-19,Standard Class,CUS-01048,Karen Thompson,Corporate,United States,Chicago,Illinois,94497,Central,TEC-MAC-76462,Technology,Machines,Fellowes Powershred 79Ci,1137.07,10,0,261.4
164,CA-2021-010194,2021-09-01,2021-09-04,Second Class,CUS-01058,Patricia Davis,Home Office,United States,Boston,Massachusetts,21053,East,OFF-ART-42472,Office Supplies,Art,Crayola Colored Pencils,87.25,8,0,17.06
165,CA-2021-010194,2021-09-01,2021-09-04,Second Class,CUS-01058,Patricia Davis,Home Office,United States,Boston,Massachusetts,21053,East,OFF-ART-42472,Office Supplies,Art,Crayola Colored Pencils,87.25,8,0,17.06
166,CA-2021-010194,2021-09-01,2021-09-04,Second Class,CUS-01058,Patricia Davis,Home Office,United States,Boston,Massachusetts,21053,East,OFF-ART-42472,Office Supplies,Art,Crayola Colored Pencils,87.25,8,0,17.06
167,CA-2022-010199,2020-11-23,2020-11-30,Standard Class,CUS-01083,Michael Johnson,Corporate,United States,Chicago,Illinois,53213,Central,TEC-MAC-60667,Technology,Machines,Fellowes Powershred 79Ci,956.47,10,0,175.37
168,CA-2022-010199,2020-11-23,2020-11-30,Standard Class,CUS-01083,Michael Johnson,Corporate,United States,Chicago,Illinois,53213,Central,TEC-MAC-60667,Technology,Machines,Fellowes Powershred 79Ci,956.47,10,0,175.37
169,CA-2021-010203,2022-09-05,2022-09-05,Same Day,CUS-01077,William Clark,Home Office,United States,Boston,Massachusetts,83259,East,FUR-BOO-97833,Furniture,Bookcases,Bush Furniture Cabot Bookcase,591.35,9,0,182.38
170,CA-2021-010203,2022-09-05,2022-09-05,Same Day,CUS-01077,William Clark,Home Office,United States,Boston,Massachusetts,83259,East,FUR-BOO-97833,Furniture,Bookcases,Bush Furniture Cabot Bookcase,591.35,9,0,182.38
171,CA-2021-010203,2022-09-05,2022-09-05,Same Day,CUS-01077,William Clark,Home Office,United States,Boston,Massachusetts,83259,East,FUR-BOO-97833,Furniture,Bookcases,Bush Furniture Cabot Bookcase,591.35,9,0,182.38
172,CA-2021-010203,2022-09-05,2022-09-05,Same Day,CUS-01077,William Clark,Home Office,United States,Boston,Massachusetts,83259,East,FUR-BOO-97833,Furniture,Bookcases,Bush Furniture Cabot Bookcase,591.35,9,0,182.38
173,CA-2021-010206,2021-01-12,2021-01-14,First Class,CUS-01028,Sarah Garcia,Corporate,United States,Kansas City,Missouri,35166,Central,TEC-COM-20114,Technology,Computers,HP Pavilion 14,813.11,2,0,255.94
174,CA-2021-010206,2021-01-12,2021-01-14,First Class,CUS-01028,Sarah Garcia,Corporate,United States,Kansas City,Missouri,35166,Central,TEC-COM-20114,Technology,Computers,HP Pavilion 14,813.11,2,0,255.94
175,CA-2022-010207,2019-11-29,2019-12-04,Second Class,CUS-01099,Patricia Johnson,Home Office,United States,Portland,Oregon,15726,West,FUR-BOO-41133,Furniture,Bookcases,Way2Furn 5-Shelf,680.36,10,0.2,238.78
176,CA-2022-010207,2019-11-29,2019-12-04,Second Class,CUS-01099,Patricia Johnson,Home Office,United States,Portland,Oregon,15726,West,FUR-BOO-41133,Furniture,Bookcases,Way2Furn 5-Shelf,680.36,10,0.2,238.78
177,CA-2022-010207,2019-11-29,2019-12-04,Second Class,CUS-01099,Patricia Johnson,Home Office,United States,Portland,Oregon,15726,West,FUR-BOO-41133,Furniture,Bookcases,Way2Furn 5-Shelf,680.36,10,0.2,238.78
178,CA-2022-010207,2019-11-29,2019-12-04,Second Class,CUS-01099,Patricia Johnson,Home Office,United States,Portland,Oregon,15726,West,FUR-BOO-41133,Furniture,Bookcases,Way2Furn 5-Shelf,680.36,10,0.2,238.78
179,CA-2020-010209,2020-05-04,2020-05-07,First Class,CUS-01116,Sarah Gonzalez,Corporate,United States,San Francisco,California,98907,West,OFF-STO-46932,Office Supplies,Storage,Smead Filing Box,194.17,9,0.4,-42.38
180,CA-2020-010209,2020-05-04,2020-05-07,First Class,CUS-01116,Sarah Gonzalez,Corporate,United States,San Francisco,California,98907,West,OFF-STO-46932,Office Supplies,Storage,Smead Filing Box,194.17,9,0.4,-42.38
181,CA-2020-010214,2019-04-17,2019-04-18,Same Day,CUS-01071,Joseph Lee,Consumer,United States,Washington,District of Columbia,26341,East,FUR-CHA-45755,Furniture,Chairs,Steelcase Leap V2,4076.54,9,0,1558.95
182,CA-2020-010217,2020-12-16,2020-12-22,Standard Class,CUS-01007,Mary Martin,Consumer,United States,Nashville,Tennessee,59015,South,TEC-COP-59140,Technology,Copiers,Canon imageRUNNER 2630,1136.89,6,0,438.47
183,CA-2020-010217,2020-12-16,2020-12-22,Standard Class,CUS-01007,Mary Martin,Consumer,United States,Nashville,Tennessee,59015,South,TEC-COP-59140,Technology,Copiers,Canon imageRUNNER 2630,1136.89,6,0,438.47
184,CA-2020-010217,2020-12-16,2020-12-22,Standard Class,CUS-01007,Mary Martin,Consumer,United States,Nashville,Tennessee,59015,South,TEC-COP-59140,Technology,Copiers,Canon imageRUNNER 2630,1136.89,6,0,438.47
185,CA-2020-010221,2019-03-20,2019-03-23,First Class,CUS-01090,James Williams,Consumer,United States,Portland,Oregon,68799,West,OFF-BIN-12490,Office Supplies,Binders,Avery Heavy Duty Binder,6.24,3,0.4,-0.29
186,CA-2020-010221,2019-03-20,2019-03-23,First Class,CUS-01090,James Williams,Consumer,United States,Portland,Oregon,68799,West,OFF-BIN-12490,Office Supplies,Binders,Avery Heavy Duty Binder,6.24,3,0.4,-0.29
187,CA-2020-010221,2019-03-20,2019-03-23,First Class,CUS-01090,James Williams,Consumer,United States,Portland,Oregon,68799,West,OFF-BIN-12490,Office Supplies,Binders,Avery Heavy Duty Binder,6.24,3,0.4,-0.29
188,CA-2020-010223,2019-09-07,2019-09-12,Standard Class,CUS-01054,David Martin,Home Office,United States,Houston,Texas,24530,South,FUR-CHA-28818,Furniture,Chairs,Steelcase Leap V2,56.86,1,0.3,8.31
189,CA-2020-010223,2019-09-07,2019-09-12,Standard Class,CUS-01054,David Martin,Home Office,United States,Houston,Texas,24530,South,FUR-CHA-28818,Furniture,Chairs,Steelcase Leap V2,56.86,1,0.3,8.31
190,CA-2020-010223,2019-09-07,2019-09-12,Standard Class,CUS-01054,David Martin,Home Office,United States,Houston,Texas,24530,South,FUR-CHA-28818,Furniture,Chairs,Steelcase Leap V2,56.86,1,0.3,8.31
191,CA-2020-010223,2019-09-07,2019-09-12,Standard Class,CUS-01054,David Martin,Home Office,United States,Houston,Texas,24530,South,FUR-CHA-28818,Furniture,Chairs,Steelcase Leap V2,56.86,1,0.3,8.31
192,CA-2020-010226,2021-12-08,2021-12-10,First Class,CUS-01068,Mark Brown,Consumer,United States,Baltimore,Maryland,71621,East,TEC-COP-43246,Technology,Copiers,Ricoh IM C300,7174.68,6,0,1348.27
193,CA-2021-010227,2019-04-01,2019-04-04,First Class,CUS-01105,Sarah Lee,Home Office,United States,Portland,Oregon,72722,West,OFF-ART-18270,Office Supplies,Art,Crayola Colored Pencils,264.59,8,0,44.29
194,CA-2020-010229,2020-10-08,2020-10-11,First Class,CUS-01105,Sarah Lee,Home Office,United States,Miami,Florida,14799,South,OFF-LAB-56789,Office Supplies,Labels,Staples Multipurpose Labels,7.2,1,0.3,1.15
195,CA-2020-010229,2020-10-08,2020-10-11,First Class,CUS-01105,Sarah Lee,Home Office,United States,Miami,Florida,14799,South,OFF-LAB-56789,Office Supplies,Labels,Staples Multipurpose Labels,7.2,1,0.3,1.15
196,CA-2020-010229,2020-10-08,2020-10-11,First Class,CUS-01105,Sarah Lee,Home Office,United States,Miami,Florida,14799,South,OFF-LAB-56789,Office Supplies,Labels,Staples Multipurpose Labels,7.2,1,0.3,1.15
197,CA-2022-010230,2021-06-19,2021-06-20,Same Day,CUS-01024,Daniel Miller,Home Office,United States,Charlotte,North Carolina,58148,South,OFF-FAS-65640,Office Supplies,Fasteners,Swingline Heavy Duty Stapler,30.87,10,0,8.28
198,CA-2022-010230,2021-06-19,2021-06-20,Same Day,CUS-01024,Daniel Miller,Home Office,United States,Charlotte,North Carolina,58148,South,OFF-FAS-65640,Office Supplies,Fasteners,Swingline Heavy Duty Stapler,30.87,10,0,8.28
199,CA-2022-010230,2021-06-19,2021-06-20,Same Day,CUS-01024,Daniel Miller,Home Office,United States,Charlotte,North Carolina,58148,South,OFF-FAS-65640,Office Supplies,Fasteners,Swingline Heavy Duty Stapler,30.87,10,0,8.28
200,CA-2019-010234,2020-11-02,2020-11-05,First Class,CUS-01058,Patricia Davis,Home Office,United States,Atlanta,Georgia,68183,South,FUR-FUR-56210,Furniture,Furnishings,Deflect-O Chair Mat,683.11,7,0.2,208.89
201,CA-2019-010235,2021-01-14,2021-01-17,Second Class,CUS-01019,Robert Johnson,Home Office,United States,Houston,Texas,26545,South,TEC-COM-57467,Technology,Computers,Lenovo ThinkPad X1,2337.49,10,0,682.63
202,CA-2019-010235,2021-01-14,2021-01-17,Second Class,CUS-01019,Robert Johnson,Home Office,United States,Houston,Texas,26545,South,TEC-COM-57467,Technology,Computers,Lenovo ThinkPad X1,2337.49,10,0,682.63
203,CA-2019-010235,2021-01-14,2021-01-17,Second Class,CUS-01019,Robert Johnson,Home Office,United States,Houston,Texas,26545,South,TEC-COM-57467,Technology,Computers,Lenovo ThinkPad X1,2337.49,10,0,682.63
204,CA-2019-010235,2021-01-14,2021-01-17,Second Class,CUS-01019,Robert Johnson,Home Office,United States,Houston,Texas,26545,South,TEC-COM-57467,Technology,Computers,Lenovo ThinkPad X1,2337.49,10,0,682.63
205,CA-2021-010239,2021-06-28,2021-07-05,Standard Class,CUS-01018,Betty Lee,Consumer,United States,Kansas City,Missouri,51207,Central,OFF-FAS-24869,Office Supplies,Fasteners,Swingline Heavy Duty Stapler,9.6,3,0.5,-1.23
206,CA-2021-010242,2022-12-12,2022-12-12,Same Day,CUS-01079,Anthony Miller,Consumer,United States,Kansas City,Missouri,36237,Central,TEC-COM-69250,Technology,Computers,Dell Inspiron 15,1708.58,8,0,639.36
207,CA-2021-010242,2022-12-12,2022-12-12,Same Day,CUS-01079,Anthony Miller,Consumer,United States,Kansas City,Missouri,36237,Central,TEC-COM-69250,Technology,Computers,Dell Inspiron 15,1708.58,8,0,639.36
208,CA-2021-010242,2022-12-12,2022-12-12,Same Day,CUS-01079,Anthony Miller,Consumer,United States,Kansas City,Missouri,36237,Central,TEC-COM-69250,Technology,Computers,Dell Inspiron 15,1708.58,8,0,639.36
209,CA-2021-010245,2022-01-31,2022-02-03,First Class,CUS-01109,Christopher Davis,Corporate,United States,Seattle,Washington,57381,West,OFF-LAB-36342,Office Supplies,Labels,Avery Easy Peel Labels,19.17,4,0.5,-0.58
210,CA-2021-010245,2022-01-31,2022-02-03,First Class,CUS-01109,Christopher Davis,Corporate,United States,Seattle,Washington,57381,West,OFF-LAB-36342,Office Supplies,Labels,Avery Easy Peel Labels,19.17,4,0.5,-0.58
211,CA-2021-010245,2022-01-31,2022-02-03,First Class,CUS-01109,Christopher Davis,Corporate,United States,Seattle,Washington,57381,West,OFF-LAB-36342,Office Supplies,Labels,Avery Easy Peel Labels,19.17,4,0.5,-0.58
212,CA-2022-010246,2019-09-23,2019-09-28,Standard Class,CUS-01040,Betty Davis,Consumer,United States,Charlotte,North Carolina,78903,South,FUR-FUR-19666,Furniture,Furnishings,Lorell Dry-Erase Board,73.61,6,0,16.93
213,CA-2022-010246,2019-09-23,2019-09-28,Standard Class,CUS-01040,Betty Davis,Consumer,United States,Charlotte,North Carolina,78903,South,FUR-FUR-19666,Furniture,Furnishings,Lorell Dry-Erase Board,73.61,6,0,16.93
214,CA-2022-010246,2019-09-23,2019-09-28,Standard Class,CUS-01040,Betty Davis,Consumer,United States,Charlotte,North Carolina,78903,South,FUR-FUR-19666,Furniture,Furnishings,Lorell Dry-Erase Board,73.61,6,0,16.93
215,CA-2020-010251,2022-08-03,2022-08-06,Second Class,CUS-01056,Emily Smith,Consumer,United States,New York,New York,77908,East,TEC-ACC-31229,Technology,Accessories,Anker USB-C Hub,84.47,4,0.3,36.24
216,CA-2020-010251,2022-08-03,2022-08-06,Second Class,CUS-01056,Emily Smith,Consumer,United States,New York,New York,77908,East,TEC-ACC-31229,Technology,Accessories,Anker USB-C Hub,84.47,4,0.3,36.24
217,CA-2020-010251,2022-08-03,2022-08-06,Second Class,CUS-01056,Emily Smith,Consumer,United States,New York,New York,77908,East,TEC-ACC-31229,Technology,Accessories,Anker USB-C Hub,84.47,4,0.3,36.24
218,CA-2019-010256,2020-02-07,2020-02-09,First Class,CUS-01081,Daniel Anderson,Corporate,United States,Columbus,Ohio,79924,Central,TEC-MAC-32103,Technology,Machines,Fellowes Powershred 79Ci,1006.84,10,0,119.29
219,CA-2019-010256,2020-02-07,2020-02-09,First Class,CUS-01081,Daniel Anderson,Corporate,United States,Columbus,Ohio,79924,Central,TEC-MAC-32103,Technology,Machines,Fellowes Powershred 79Ci,1006.84,10,0,119.29
220,CA-2019-010256,2020-02-07,2020-02-09,First Class,CUS-01081,Daniel Anderson,Corporate,United States,Columbus,Ohio,79924,Central,TEC-MAC-32103,Technology,Machines,Fellowes Powershred 79Ci,1006.84,10,0,119.29
221,CA-2019-010259,2019-06-16,2019-06-23,Standard Class,CUS-01099,Patricia Johnson,Home Office,United States,Dallas,Texas,84991,Central,FUR-CHA-92203,Furniture,Chairs,Flash Furniture Mesh Chair,331.82,5,0.5,-24.55
222,CA-2019-010259,2019-06-16,2019-06-23,Standard Class,CUS-01099,Patricia Johnson,Home Office,United States,Dallas,Texas,84991,Central,FUR-CHA-92203,Furniture,Chairs,Flash Furniture Mesh Chair,331.82,5,0.5,-24.55
223,CA-2019-010259,2019-06-16,2019-06-23,Standard Class,CUS-01099,Patricia Johnson,Home Office,United States,Dallas,Texas,84991,Central,FUR-CHA-92203,Furniture,Chairs,Flash Furniture Mesh Chair,331.82,5,0.5,-24.55
224,CA-2019-010259,2019-06-16,2019-06-23,Standard Class,CUS-01099,Patricia Johnson,Home Office,United States,Dallas,Texas,84991,Central,FUR-CHA-92203,Furniture,Chairs,Flash Furniture Mesh Chair,331.82,5,0.5,-24.55
225,CA-2021-010260,2019-05-30,2019-06-04,Standard Class,CUS-01057,Betty Hernandez,Consumer,United States,Charlotte,North Carolina,70875,South,TEC-ACC-50970,Technology,Accessories,Anker USB-C Hub,454.83,6,0.3,200.19
226,CA-2021-010260,2019-05-30,2019-06-04,Standard Class,CUS-01057,Betty Hernandez,Consumer,United States,Charlotte,North Carolina,70875,South,TEC-ACC-50970,Technology,Accessories,Anker USB-C Hub,454.83,6,0.3,200.19
227,CA-2021-010264,2022-02-24,2022-03-02,Standard Class,CUS-01031,Patricia Davis,Consumer,United States,Houston,Texas,45058,South,FUR-TAB-22689,Furniture,Tables,IKEA Bekant Desk,334.79,7,0.4,-25.0
228,CA-2021-010264,2022-02-24,2022-03-02,Standard Class,CUS-01031,Patricia Davis,Consumer,United States,Houston,Texas,45058,South,FUR-TAB-22689,Furniture,Tables,IKEA Bekant Desk,334.79,7,0.4,-25.0
229,CA-2021-010269,2020-10-02,2020-10-05,Second Class,CUS-01064,Sandra Miller,Home Office,United States,Charlotte,North Carolina,50441,South,FUR-CHA-61543,Furniture,Chairs,HON Ignition 2.0 Task Chair,1794.28,4,0.1,508.39
230,CA-2019-010274,2021-10-10,2021-10-11,Same Day,CUS-01069,Joseph Williams,Corporate,United States,New York,New York,66482,East,TEC-ACC-62855,Technology,Accessories,Belkin Surge Protector,352.2,7,0,97.95
231,CA-2019-010274,2021-10-10,2021-10-11,Same Day,CUS-01069,Joseph Williams,Corporate,United States,New York,New York,66482,East,TEC-ACC-62855,Technology,Accessories,Belkin Surge Protector,352.2,7,0,97.95
232,CA-2021-010277,2020-08-14,2020-08-20,Standard Class,CUS-01065,Richard Harris,Corporate,United States,Nashville,Tennessee,46663,South,OFF-PAP-22672,Office Supplies,Paper,Hammermill Premium Copy Paper,53.13,6,0.3,18.7
233,CA-2021-010277,2020-08-14,2020-08-20,Standard Class,CUS-01065,Richard Harris,Corporate,United States,Nashville,Tennessee,46663,South,OFF-PAP-22672,Office Supplies,Paper,Hammermill Premium Copy Paper,53.13,6,0.3,18.7
234,CA-2022-010282,2019-03-24,2019-03-29,Standard Class,CUS-01018,Betty Lee,Consumer,United States,Kansas City,Missouri,78069,Central,FUR-TAB-77568,Furniture,Tables,Realspace Magellan Corner Desk,534.08,10,0.3,61.42
235,CA-2022-010282,2019-03-24,2019-03-29,Standard Class,CUS-01018,Betty Lee,Consumer,United States,Kansas City,Missouri,78069,Central,FUR-TAB-77568,Furniture,Tables,Realspace Magellan Corner Desk,534.08,10,0.3,61.42
236,CA-2022-010282,2019-03-24,2019-03-29,Standard Class,CUS-01018,Betty Lee,Consumer,United States,Kansas City,Missouri,78069,Central,FUR-TAB-77568,Furniture,Tables,Realspace Magellan Corner Desk,534.08,10,0.3,61.42
237,CA-2021-010287,2021-11-09,2021-11-10,Same Day,CUS-01061,William Jones,Home Office,United States,Boston,Massachusetts,53416,East,OFF-PAP-86507,Office Supplies,Paper,HP Office Paper 500-Sheet,5.27,1,0.5,-0.41
238,CA-2021-010287,2021-11-09,2021-11-10,Same Day,CUS-01061,William Jones,Home Office,United States,Boston,Massachusetts,53416,East,OFF-PAP-86507,Office Supplies,Paper,HP Office Paper 500-Sheet,5.27,1,0.5,-0.41
239,CA-2019-010292,2021-09-10,2021-09-15,Second Class,CUS-01081,Daniel Anderson,Corporate,United States,Atlanta,Georgia,99224,South,TEC-PHO-35006,Technology,Phones,Apple iPhone 14,392.29,6,0.4,-21.69
240,CA-2019-010292,2021-09-10,2021-09-15,Second Class,CUS-01081,Daniel Anderson,Corporate,United States,Atlanta,Georgia,99224,South,TEC-PHO-35006,Technology,Phones,Apple iPhone 14,392.29,6,0.4,-21.69
241,CA-2022-010297,2022-06-06,2022-06-06,Same Day,CUS-01091,David Anderson,Corporate,United States,Phoenix,Arizona,37176,West,OFF-ENV-78875,Office Supplies,Envelopes,Staples 10-Envelope Box,9.53,3,0.5,-1.98
242,CA-2022-010297,2022-06-06,2022-06-06,Same Day,CUS-01091,David Anderson,Corporate,United States,Phoenix,Arizona,37176,West,OFF-ENV-78875,Office Supplies,Envelopes,Staples 10-Envelope Box,9.53,3,0.5,-1.98
243,CA-2022-010297,2022-06-06,2022-06-06,Same Day,CUS-01091,David Anderson,Corporate,United States,Phoenix,Arizona,37176,West,OFF-ENV-78875,Office Supplies,Envelopes,Staples 10-Envelope Box,9.53,3,0.5,-1.98
244,CA-2021-010302,2022-06-03,2022-06-03,Same Day,CUS-01032,Christopher Wilson,Corporate,United States,Columbus,Ohio,49124,Central,TEC-ACC-37168,Technology,Accessories,Belkin Surge Protector,329.5,8,0.3,79.71
245,CA-2021-010302,2022-06-03,2022-06-03,Same Day,CUS-01032,Christopher Wilson,Corporate,United States,Columbus,Ohio,49124,Central,TEC-ACC-37168,Technology,Accessories,Belkin Surge Protector,329.5,8,0.3,79.71
246,CA-2021-010302,2022-06-03,2022-06-03,Same Day,CUS-01032,Christopher Wilson,Corporate,United States,Columbus,Ohio,49124,Central,TEC-ACC-37168,Technology,Accessories,Belkin Surge Protector,329.5,8,0.3,79.71
247,CA-2021-010305,2022-03-20,2022-03-21,Same Day,CUS-01105,Sarah Lee,Home Office,United States,Dallas,Texas,48070,Central,TEC-ACC-55398,Technology,Accessories,Logitech MX Master Mouse,192.68,5,0.5,-13.06
248,CA-2021-010305,2022-03-20,2022-03-21,Same Day,CUS-01105,Sarah Lee,Home Office,United States,Dallas,Texas,48070,Central,TEC-ACC-55398,Technology,Accessories,Logitech MX Master Mouse,192.68,5,0.5,-13.06
249,CA-2021-010305,2022-03-20,2022-03-21,Same Day,CUS-01105,Sarah Lee,Home Office,United States,Dallas,Texas,48070,Central,TEC-ACC-55398,Technology,Accessories,Logitech MX Master Mouse,192.68,5,0.5,-13.06
250,CA-2021-010306,2019-08-12,2019-08-15,Second Class,CUS-01007,Mary Martin,Consumer,United States,Seattle,Washington,16880,West,TEC-COP-71918,Technology,Copiers,Ricoh IM C300,629.48,3,0,274.33
251,CA-2021-010306,2019-08-12,2019-08-15,Second Class,CUS-01007,Mary Martin,Consumer,United States,Seattle,Washington,16880,West,TEC-COP-71918,Technology,Copiers,Ricoh IM C300,629.48,3,0,274.33
252,CA-2022-010308,2021-09-04,2021-09-08,Second Class,CUS-01042,Linda Jones,Home Office,United States,Chicago,Illinois,21725,Central,OFF-LAB-14888,Office Supplies,Labels,Maco Laser Labels,29.16,3,0.4,-5.88
253,CA-2022-010308,2021-09-04,2021-09-08,Second Class,CUS-01042,Linda Jones,Home Office,United States,Chicago,Illinois,21725,Central,OFF-LAB-14888,Office Supplies,Labels,Maco Laser Labels,29.16,3,0.4,-5.88
254,CA-2019-010312,2021-10-11,2021-10-16,Second Class,CUS-01112,Robert Smith,Corporate,United States,Chicago,Illinois,11214,Central,FUR-CHA-47298,Furniture,Chairs,Herman Miller Aeron,1028.3,9,0.5,-208.59
255,CA-2019-010312,2021-10-11,2021-10-16,Second Class,CUS-01112,Robert Smith,Corporate,United States,Chicago,Illinois,11214,Central,FUR-CHA-47298,Furniture,Chairs,Herman Miller Aeron,1028.3,9,0.5,-208.59
256,CA-2022-010316,2020-01-30,2020-02-05,Standard Class,CUS-01021,Joseph Brown,Corporate,United States,Miami,Florida,34405,South,TEC-ACC-84420,Technology,Accessories,Belkin Surge Protector,172.81,4,0,50.87
257,CA-2022-010316,2020-01-30,2020-02-05,Standard Class,CUS-01021,Joseph Brown,Corporate,United States,Miami,Florida,34405,South,TEC-ACC-84420,Technology,Accessories,Belkin Surge Protector,172.81,4,0,50.87
258,CA-2022-010316,2020-01-30,2020-02-05,Standard Class,CUS-01021,Joseph Brown,Corporate,United States,Miami,Florida,34405,South,TEC-ACC-84420,Technology,Accessories,Belkin Surge Protector,172.81,4,0,50.87
259,CA-2022-010316,2020-01-30,2020-02-05,Standard Class,CUS-01021,Joseph Brown,Corporate,United States,Miami,Florida,34405,South,TEC-ACC-84420,Technology,Accessories,Belkin Surge Protector,172.81,4,0,50.87
260,CA-2022-010319,2020-11-02,2020-11-08,Standard Class,CUS-01086,Mark Jones,Corporate,United States,Philadelphia,Pennsylvania,28430,East,FUR-BOO-10895,Furniture,Bookcases,Bush Furniture Cabot Bookcase,89.75,4,0.5,-15.77
261,CA-2022-010319,2020-11-02,2020-11-08,Standard Class,CUS-01086,Mark Jones,Corporate,United States,Philadelphia,Pennsylvania,28430,East,FUR-BOO-10895,Furniture,Bookcases,Bush Furniture Cabot Bookcase,89.75,4,0.5,-15.77
262,CA-2022-010319,2020-11-02,2020-11-08,Standard Class,CUS-01086,Mark Jones,Corporate,United States,Philadelphia,Pennsylvania,28430,East,FUR-BOO-10895,Furniture,Bookcases,Bush Furniture Cabot Bookcase,89.75,4,0.5,-15.77
263,CA-2021-010324,2022-03-19,2022-03-25,Standard Class,CUS-01084,Nancy Brown,Consumer,United States,Dallas,Texas,18142,Central,OFF-PAP-50213,Office Supplies,Paper,HP Office Paper 500-Sheet,33.18,9,0.2,10.82
264,CA-2021-010324,2022-03-19,2022-03-25,Standard Class,CUS-01084,Nancy Brown,Consumer,United States,Dallas,Texas,18142,Central,OFF-PAP-50213,Office Supplies,Paper,HP Office Paper 500-Sheet,33.18,9,0.2,10.82
265,CA-2021-010324,2022-03-19,2022-03-25,Standard Class,CUS-01084,Nancy Brown,Consumer,United States,Dallas,Texas,18142,Central,OFF-PAP-50213,Office Supplies,Paper,HP Office Paper 500-Sheet,33.18,9,0.2,10.82
266,CA-2021-010329,2020-03-28,2020-03-31,Second Class,CUS-01062,Donald Martin,Consumer,United States,Portland,Oregon,89395,West,FUR-FUR-81989,Furniture,Furnishings,Lorell Dry-Erase Board,1408.0,9,0.1,499.48
267,CA-2022-010334,2022-12-12,2022-12-14,First Class,CUS-01118,Lisa Perez,Home Office,United States,New York,New York,81781,East,OFF-LAB-80341,Office Supplies,Labels,Maco Laser Labels,14.24,6,0.5,-0.69
268,CA-2022-010334,2022-12-12,2022-12-14,First Class,CUS-01118,Lisa Perez,Home Office,United States,New York,New York,81781,East,OFF-LAB-80341,Office Supplies,Labels,Maco Laser Labels,14.24,6,0.5,-0.69
269,CA-2022-010339,2021-11-11,2021-11-11,Same Day,CUS-01059,Jennifer Williams,Home Office,United States,Phoenix,Arizona,64450,West,FUR-CHA-98181,Furniture,Chairs,Flash Furniture Mesh Chair,445.56,1,0.4,-33.81
270,CA-2020-010340,2019-05-30,2019-06-05,Standard Class,CUS-01045,Ashley Jackson,Corporate,United States,Washington,District of Columbia,17897,East,TEC-COP-47629,Technology,Copiers,Canon imageRUNNER 2630,355.34,3,0.4,-35.49
271,CA-2020-010340,2019-05-30,2019-06-05,Standard Class,CUS-01045,Ashley Jackson,Corporate,United States,Washington,District of Columbia,17897,East,TEC-COP-47629,Technology,Copiers,Canon imageRUNNER 2630,355.34,3,0.4,-35.49
272,CA-2020-010340,2019-05-30,2019-06-05,Standard Class,CUS-01045,Ashley Jackson,Corporate,United States,Washington,District of Columbia,17897,East,TEC-COP-47629,Technology,Copiers,Canon imageRUNNER 2630,355.34,3,0.4,-35.49
273,CA-2020-010340,2019-05-30,2019-06-05,Standard Class,CUS-01045,Ashley Jackson,Corporate,United States,Washington,District of Columbia,17897,East,TEC-COP-47629,Technology,Copiers,Canon imageRUNNER 2630,355.34,3,0.4,-35.49
274,CA-2022-010345,2021-02-08,2021-02-15,Standard Class,CUS-01085,Richard Miller,Home Office,United States,San Francisco,California,25549,West,TEC-MAC-79316,Technology,Machines,Dymo LabelWriter 450,179.79,4,0,63.37
275,CA-2022-010345,2021-02-08,2021-02-15,Standard Class,CUS-01085,Richard Miller,Home Office,United States,San Francisco,California,25549,West,TEC-MAC-79316,Technology,Machines,Dymo LabelWriter 450,179.79,4,0,63.37
276,CA-2022-010345,2021-02-08,2021-02-15,Standard Class,CUS-01085,Richard Miller,Home Office,United States,San Francisco,California,25549,West,TEC-MAC-79316,Technology,Machines,Dymo LabelWriter 450,179.79,4,0,63.37
277,CA-2022-010349,2021-05-18,2021-05-18,Same Day,CUS-01032,Christopher Wilson,Corporate,United States,Miami,Florida,30332,South,FUR-TAB-24790,Furniture,Tables,Realspace Magellan Corner Desk,1015.68,7,0,148.56
278,CA-2019-010354,2019-03-10,2019-03-10,Same Day,CUS-01032,Christopher Wilson,Corporate,United States,Baltimore,Maryland,67535,East,TEC-MAC-17398,Technology,Machines,Zebra ZT411 Label Printer,209.17,5,0.1,78.71
279,CA-2019-010354,2019-03-10,2019-03-10,Same Day,CUS-01032,Christopher Wilson,Corporate,United States,Baltimore,Maryland,67535,East,TEC-MAC-17398,Technology,Machines,Zebra ZT411 Label Printer,209.17,5,0.1,78.71
280,CA-2019-010354,2019-03-10,2019-03-10,Same Day,CUS-01032,Christopher Wilson,Corporate,United States,Baltimore,Maryland,67535,East,TEC-MAC-17398,Technology,Machines,Zebra ZT411 Label Printer,209.17,5,0.1,78.71
281,CA-2021-010359,2020-09-10,2020-09-15,Second Class,CUS-01067,Betty Taylor,Home Office,United States,Portland,Oregon,49387,West,FUR-CHA-92050,Furniture,Chairs,Steelcase Leap V2,958.18,9,0.5,-32.94
282,CA-2021-010359,2020-09-10,2020-09-15,Second Class,CUS-01067,Betty Taylor,Home Office,United States,Portland,Oregon,49387,West,FUR-CHA-92050,Furniture,Chairs,Steelcase Leap V2,958.18,9,0.5,-32.94
283,CA-2021-010359,2020-09-10,2020-09-15,Second Class,CUS-01067,Betty Taylor,Home Office,United States,Portland,Oregon,49387,West,FUR-CHA-92050,Furniture,Chairs,Steelcase Leap V2,958.18,9,0.5,-32.94
284,CA-2022-010361,2020-10-14,2020-10-15,Same Day,CUS-01020,Joseph Hernandez,Consumer,United States,Kansas City,Missouri,34101,Central,OFF-STO-39536,Office Supplies,Storage,Avery Lateral File,13.19,3,0.5,-2.74
285,CA-2022-010361,2020-10-14,2020-10-15,Same Day,CUS-01020,Joseph Hernandez,Consumer,United States,Kansas City,Missouri,34101,Central,OFF-STO-39536,Office Supplies,Storage,Avery Lateral File,13.19,3,0.5,-2.74
286,CA-2022-010361,2020-10-14,2020-10-15,Same Day,CUS-01020,Joseph Hernandez,Consumer,United States,Kansas City,Missouri,34101,Central,OFF-STO-39536,Office Supplies,Storage,Avery Lateral File,13.19,3,0.5,-2.74
287,CA-2022-010361,2020-10-14,2020-10-15,Same Day,CUS-01020,Joseph Hernandez,Consumer,United States,Kansas City,Missouri,34101,Central,OFF-STO-39536,Office Supplies,Storage,Avery Lateral File,13.19,3,0.5,-2.74
288,CA-2022-010366,2021-12-21,2021-12-25,Second Class,CUS-01032,Christopher Wilson,Corporate,United States,Dallas,Texas,53288,Central,OFF-PAP-58637,Office Supplies,Paper,HP Office Paper 500-Sheet,42.12,4,0,6.63
289,CA-2019-010371,2022-04-18,2022-04-22,Second Class,CUS-01027,David Martin,Home Office,United States,Minneapolis,Minnesota,12009,Central,TEC-COM-72773,Technology,Computers,Dell Inspiron 15,7556.48,10,0.1,1576.68
290,CA-2019-010371,2022-04-18,2022-04-22,Second Class,CUS-01027,David Martin,Home Office,United States,Minneapolis,Minnesota,12009,Central,TEC-COM-72773,Technology,Computers,Dell Inspiron 15,7556.48,10,0.1,1576.68
291,CA-2021-010373,2021-02-18,2021-02-19,Same Day,CUS-01040,Betty Davis,Consumer,United States,Minneapolis,Minnesota,77215,Central,FUR-FUR-71537,Furniture,Furnishings,Deflect-O Chair Mat,199.16,6,0.1,39.49
292,CA-2021-010373,2021-02-18,2021-02-19,Same Day,CUS-01040,Betty Davis,Consumer,United States,Minneapolis,Minnesota,77215,Central,FUR-FUR-71537,Furniture,Furnishings,Deflect-O Chair Mat,199.16,6,0.1,39.49
293,CA-2021-010373,2021-02-18,2021-02-19,Same Day,CUS-01040,Betty Davis,Consumer,United States,Minneapolis,Minnesota,77215,Central,FUR-FUR-71537,Furniture,Furnishings,Deflect-O Chair Mat,199.16,6,0.1,39.49
294,CA-2021-010373,2021-02-18,2021-02-19,Same Day,CUS-01040,Betty Davis,Consumer,United States,Minneapolis,Minnesota,77215,Central,FUR-FUR-71537,Furniture,Furnishings,Deflect-O Chair Mat,199.16,6,0.1,39.49
295,CA-2019-010376,2020-03-29,2020-04-01,Second Class,CUS-01034,Christopher Miller,Home Office,United States,Miami,Florida,29976,South,TEC-ACC-59786,Technology,Accessories,Anker USB-C Hub,98.89,4,0.5,-13.36
296,CA-2019-010376,2020-03-29,2020-04-01,Second Class,CUS-01034,Christopher Miller,Home Office,United States,Miami,Florida,29976,South,TEC-ACC-59786,Technology,Accessories,Anker USB-C Hub,98.89,4,0.5,-13.36
297,CA-2019-010376,2020-03-29,2020-04-01,Second Class,CUS-01034,Christopher Miller,Home Office,United States,Miami,Florida,29976,South,TEC-ACC-59786,Technology,Accessories,Anker USB-C Hub,98.89,4,0.5,-13.36
298,CA-2021-010381,2022-08-07,2022-08-08,Same Day,CUS-01022,Karen Taylor,Home Office,United States,Dallas,Texas,28344,Central,OFF-SUP-34123,Office Supplies,Supplies,Dixon Ticonderoga Pencils,241.55,9,0,62.7
299,CA-2019-010385,2021-04-24,2021-04-29,Second Class,CUS-01030,Joseph White,Corporate,United States,Philadelphia,Pennsylvania,11198,East,TEC-MAC-58916,Technology,Machines,Dymo LabelWriter 450,553.81,10,0.5,-86.87
300,CA-2019-010386,2022-02-03,2022-02-03,Same Day,CUS-01003,William Clark,Consumer,United States,Columbus,Ohio,47576,Central,TEC-MAC-98346,Technology,Machines,Fellowes Powershred 79Ci,366.01,3,0,152.71
301,CA-2019-010386,2022-02-03,2022-02-03,Same Day,CUS-01003,William Clark,Consumer,United States,Columbus,Ohio,47576,Central,TEC-MAC-98346,Technology,Machines,Fellowes Powershred 79Ci,366.01,3,0,152.71
302,CA-2020-010391,2022-06-23,2022-06-26,First Class,CUS-01035,Emily Wilson,Home Office,United States,Houston,Texas,58896,South,FUR-FUR-41877,Furniture,Furnishings,Lorell Dry-Erase Board,599.36,4,0.2,193.96
303,CA-2019-010393,2021-04-10,2021-04-11,Same Day,CUS-01071,Joseph Lee,Consumer,United States,Houston,Texas,93459,South,TEC-COM-75517,Technology,Computers,Dell Inspiron 15,9494.77,6,0,3873.07
304,CA-2020-010394,2022-11-18,2022-11-19,Same Day,CUS-01006,Jessica Davis,Home Office,United States,Boston,Massachusetts,81176,East,OFF-BIN-51220,Office Supplies,Binders,Avery Heavy Duty Binder,4.39,4,0,1.54
305,CA-2020-010394,2022-11-18,2022-11-19,Same Day,CUS-01006,Jessica Davis,Home Office,United States,Boston,Massachusetts,81176,East,OFF-BIN-51220,Office Supplies,Binders,Avery Heavy Duty Binder,4.39,4,0,1.54
306,CA-2020-010394,2022-11-18,2022-11-19,Same Day,CUS-01006,Jessica Davis,Home Office,United States,Boston,Massachusetts,81176,East,OFF-BIN-51220,Office Supplies,Binders,Avery Heavy Duty Binder,4.39,4,0,1.54
307,CA-2020-010394,2022-11-18,2022-11-19,Same Day,CUS-01006,Jessica Davis,Home Office,United States,Boston,Massachusetts,81176,East,OFF-BIN-51220,Office Supplies,Binders,Avery Heavy Duty Binder,4.39,4,0,1.54
308,CA-2019-010396,2019-11-29,2019-12-04,Second Class,CUS-01107,Anthony White,Home Office,United States,Nashville,Tennessee,53480,South,FUR-TAB-20279,Furniture,Tables,Realspace Magellan Corner Desk,1530.36,6,0,136.31
309,CA-2019-010396,2019-11-29,2019-12-04,Second Class,CUS-01107,Anthony White,Home Office,United States,Nashville,Tennessee,53480,South,FUR-TAB-20279,Furniture,Tables,Realspace Magellan Corner Desk,1530.36,6,0,136.31
310,CA-2019-010399,2022-05-24,2022-05-25,Same Day,CUS-01004,Jennifer Lee,Corporate,United States,Kansas City,Missouri,74304,Central,TEC-ACC-66603,Technology,Accessories,APC UPS 1500VA,116.93,10,0.4,-4.93
311,CA-2019-010399,2022-05-24,2022-05-25,Same Day,CUS-01004,Jennifer Lee,Corporate,United States,Kansas City,Missouri,74304,Central,TEC-ACC-66603,Technology,Accessories,APC UPS 1500VA,116.93,10,0.4,-4.93
312,CA-2019-010399,2022-05-24,2022-05-25,Same Day,CUS-01004,Jennifer Lee,Corporate,United States,Kansas City,Missouri,74304,Central,TEC-ACC-66603,Technology,Accessories,APC UPS 1500VA,116.93,10,0.4,-4.93
313,CA-2020-010402,2019-06-18,2019-06-20,First Class,CUS-01049,Linda Hernandez,Corporate,United States,Portland,Oregon,51507,West,FUR-CHA-10680,Furniture,Chairs,HON Ignition 2.0 Task Chair,4775.67,8,0.3,1693.16
314,CA-2020-010403,2020-01-19,2020-01-20,Same Day,CUS-01072,James Williams,Home Office,United States,Houston,Texas,13442,South,TEC-ACC-88240,Technology,Accessories,Logitech MX Master Mouse,139.45,6,0.4,-3.83
315,CA-2020-010403,2020-01-19,2020-01-20,Same Day,CUS-01072,James Williams,Home Office,United States,Houston,Texas,13442,South,TEC-ACC-88240,Technology,Accessories,Logitech MX Master Mouse,139.45,6,0.4,-3.83
316,CA-2020-010403,2020-01-19,2020-01-20,Same Day,CUS-01072,James Williams,Home Office,United States,Houston,Texas,13442,South,TEC-ACC-88240,Technology,Accessories,Logitech MX Master Mouse,139.45,6,0.4,-3.83
317,CA-2020-010403,2020-01-19,2020-01-20,Same Day,CUS-01072,James Williams,Home Office,United States,Houston,Texas,13442,South,TEC-ACC-88240,Technology,Accessories,Logitech MX Master Mouse,139.45,6,0.4,-3.83
318,CA-2022-010404,2022-02-19,2022-02-24,Second Class,CUS-01067,Betty Taylor,Home Office,United States,Portland,Oregon,32216,West,TEC-ACC-45180,Technology,Accessories,Belkin Surge Protector,65.19,2,0,14.6
319,CA-2022-010404,2022-02-19,2022-02-24,Second Class,CUS-01067,Betty Taylor,Home Office,United States,Portland,Oregon,32216,West,TEC-ACC-45180,Technology,Accessories,Belkin Surge Protector,65.19,2,0,14.6
320,CA-2022-010404,2022-02-19,2022-02-24,Second Class,CUS-01067,Betty Taylor,Home Office,United States,Portland,Oregon,32216,West,TEC-ACC-45180,Technology,Accessories,Belkin Surge Protector,65.19,2,0,14.6
321,CA-2022-010404,2022-02-19,2022-02-24,Second Class,CUS-01067,Betty Taylor,Home Office,United States,Portland,Oregon,32216,West,TEC-ACC-45180,Technology,Accessories,Belkin Surge Protector,65.19,2,0,14.6
322,CA-2021-010405,2019-06-07,2019-06-10,First Class,CUS-01032,Christopher Wilson,Corporate,United States,Nashville,Tennessee,90828,South,TEC-COP-27758,Technology,Copiers,Canon imageRUNNER 2630,814.12,7,0.3,314.78
323,CA-2021-010405,2019-06-07,2019-06-10,First Class,CUS-01032,Christopher Wilson,Corporate,United States,Nashville,Tennessee,90828,South,TEC-COP-27758,Technology,Copiers,Canon imageRUNNER 2630,814.12,7,0.3,314.78
324,CA-2021-010405,2019-06-07,2019-06-10,First Class,CUS-01032,Christopher Wilson,Corporate,United States,Nashville,Tennessee,90828,South,TEC-COP-27758,Technology,Copiers,Canon imageRUNNER 2630,814.12,7,0.3,314.78
325,CA-2021-010405,2019-06-07,2019-06-10,First Class,CUS-01032,Christopher Wilson,Corporate,United States,Nashville,Tennessee,90828,South,TEC-COP-27758,Technology,Copiers,Canon imageRUNNER 2630,814.12,7,0.3,314.78
326,CA-2021-010409,2020-11-16,2020-11-16,Same Day,CUS-01039,Sandra Lee,Corporate,United States,Columbus,Ohio,36326,Central,FUR-BOO-62198,Furniture,Bookcases,Bush Furniture Cabot Bookcase,424.92,5,0.5,-92.86
327,CA-2021-010409,2020-11-16,2020-11-16,Same Day,CUS-01039,Sandra Lee,Corporate,United States,Columbus,Ohio,36326,Central,FUR-BOO-62198,Furniture,Bookcases,Bush Furniture Cabot Bookcase,424.92,5,0.5,-92.86
328,CA-2021-010413,2020-07-28,2020-07-29,Same Day,CUS-01015,Ashley Martin,Consumer,United States,Phoenix,Arizona,81516,West,TEC-MAC-70505,Technology,Machines,Zebra ZT411 Label Printer,856.94,4,0.5,-158.14
329,CA-2022-010417,2019-10-13,2019-10-15,First Class,CUS-01033,Robert Miller,Home Office,United States,Portland,Oregon,59412,West,TEC-COP-86315,Technology,Copiers,Xerox B210,1403.94,9,0.4,-187.75
330,CA-2022-010417,2019-10-13,2019-10-15,First Class,CUS-01033,Robert Miller,Home Office,United States,Portland,Oregon,59412,West,TEC-COP-86315,Technology,Copiers,Xerox B210,1403.94,9,0.4,-187.75
331,CA-2022-010417,2019-10-13,2019-10-15,First Class,CUS-01033,Robert Miller,Home Office,United States,Portland,Oregon,59412,West,TEC-COP-86315,Technology,Copiers,Xerox B210,1403.94,9,0.4,-187.75
332,CA-2019-010421,2020-05-23,2020-05-25,First Class,CUS-01083,Michael Johnson,Corporate,United States,Washington,District of Columbia,94545,East,OFF-APP-66420,Office Supplies,Appliances,Bostitch QuietSharp Sharpener,26.22,2,0.2,3.64
333,CA-2019-010421,2020-05-23,2020-05-25,First Class,CUS-01083,Michael Johnson,Corporate,United States,Washington,District of Columbia,94545,East,OFF-APP-66420,Office Supplies,Appliances,Bostitch QuietSharp Sharpener,26.22,2,0.2,3.64
334,CA-2022-010422,2021-03-12,2021-03-12,Same Day,CUS-01045,Ashley Jackson,Corporate,United States,Baltimore,Maryland,23703,East,FUR-FUR-25213,Furniture,Furnishings,Deflect-O Chair Mat,83.81,3,0.3,14.65
335,CA-2022-010422,2021-03-12,2021-03-12,Same Day,CUS-01045,Ashley Jackson,Corporate,United States,Baltimore,Maryland,23703,East,FUR-FUR-25213,Furniture,Furnishings,Deflect-O Chair Mat,83.81,3,0.3,14.65
336,CA-2022-010422,2021-03-12,2021-03-12,Same Day,CUS-01045,Ashley Jackson,Corporate,United States,Baltimore,Maryland,23703,East,FUR-FUR-25213,Furniture,Furnishings,Deflect-O Chair Mat,83.81,3,0.3,14.65
337,CA-2022-010422,2021-03-12,2021-03-12,Same Day,CUS-01045,Ashley Jackson,Corporate,United States,Baltimore,Maryland,23703,East,FUR-FUR-25213,Furniture,Furnishings,Deflect-O Chair Mat,83.81,3,0.3,14.65
338,CA-2020-010425,2021-09-16,2021-09-19,First Class,CUS-01013,Michael Gonzalez,Corporate,United States,Charlotte,North Carolina,51800,South,TEC-ACC-25084,Technology,Accessories,Logitech MX Master Mouse,60.85,6,0,19.52
339,CA-2020-010425,2021-09-16,2021-09-19,First Class,CUS-01013,Michael Gonzalez,Corporate,United States,Charlotte,North Carolina,51800,South,TEC-ACC-25084,Technology,Accessories,Logitech MX Master Mouse,60.85,6,0,19.52
340,CA-2020-010430,2019-12-24,2019-12-28,Second Class,CUS-01072,James Williams,Home Office,United States,Charlotte,North Carolina,40389,South,FUR-TAB-93948,Furniture,Tables,IKEA Bekant Desk,2212.15,7,0,763.1
341,CA-2020-010430,2019-12-24,2019-12-28,Second Class,CUS-01072,James Williams,Home Office,United States,Charlotte,North Carolina,40389,South,FUR-TAB-93948,Furniture,Tables,IKEA Bekant Desk,2212.15,7,0,763.1
342,CA-2022-010435,2021-05-29,2021-05-29,Same Day,CUS-01091,David Anderson,Corporate,United States,Seattle,Washington,46483,West,OFF-PAP-23336,Office Supplies,Paper,Georgia-Pacific Copy Paper,203.29,9,0,39.91
343,CA-2022-010435,2021-05-29,2021-05-29,Same Day,CUS-01091,David Anderson,Corporate,United States,Seattle,Washington,46483,West,OFF-PAP-23336,Office Supplies,Paper,Georgia-Pacific Copy Paper,203.29,9,0,39.91
344,CA-2022-010440,2020-06-21,2020-06-22,Same Day,CUS-01077,William Clark,Home Office,United States,Nashville,Tennessee,61451,South,OFF-PAP-56135,Office Supplies,Paper,HP Office Paper 500-Sheet,158.1,10,0,59.37
345,CA-2022-010440,2020-06-21,2020-06-22,Same Day,CUS-01077,William Clark,Home Office,United States,Nashville,Tennessee,61451,South,OFF-PAP-56135,Office Supplies,Paper,HP Office Paper 500-Sheet,158.1,10,0,59.37
346,CA-2022-010440,2020-06-21,2020-06-22,Same Day,CUS-01077,William Clark,Home Office,United States,Nashville,Tennessee,61451,South,OFF-PAP-56135,Office Supplies,Paper,HP Office Paper 500-Sheet,158.1,10,0,59.37
347,CA-2019-010441,2020-10-03,2020-10-08,Standard Class,CUS-01040,Betty Davis,Consumer,United States,Philadelphia,Pennsylvania,58929,East,OFF-ART-60916,Office Supplies,Art,Sharpie Permanent Markers,9.26,3,0.4,-1.01
348,CA-2019-010441,2020-10-03,2020-10-08,Standard Class,CUS-01040,Betty Davis,Consumer,United States,Philadelphia,Pennsylvania,58929,East,OFF-ART-60916,Office Supplies,Art,Sharpie Permanent Markers,9.26,3,0.4,-1.01
349,CA-2019-010441,2020-10-03,2020-10-08,Standard Class,CUS-01040,Betty Davis,Consumer,United States,Philadelphia,Pennsylvania,58929,East,OFF-ART-60916,Office Supplies,Art,Sharpie Permanent Markers,9.26,3,0.4,-1.01
350,CA-2019-010441,2020-10-03,2020-10-08,Standard Class,CUS-01040,Betty Davis,Consumer,United States,Philadelphia,Pennsylvania,58929,East,OFF-ART-60916,Office Supplies,Art,Sharpie Permanent Markers,9.26,3,0.4,-1.01
351,CA-2020-010443,2019-12-08,2019-12-09,Same Day,CUS-01018,Betty Lee,Consumer,United States,San Francisco,California,69113,West,OFF-BIN-11256,Office Supplies,Binders,Cardinal EasyOpen Binder,9.67,4,0.4,-2.1
352,CA-2020-010443,2019-12-08,2019-12-09,Same Day,CUS-01018,Betty Lee,Consumer,United States,San Francisco,California,69113,West,OFF-BIN-11256,Office Supplies,Binders,Cardinal EasyOpen Binder,9.67,4,0.4,-2.1
353,CA-2020-010443,2019-12-08,2019-12-09,Same Day,CUS-01018,Betty Lee,Consumer,United States,San Francisco,California,69113,West,OFF-BIN-11256,Office Supplies,Binders,Cardinal EasyOpen Binder,9.67,4,0.4,-2.1
354,CA-2020-010443,2019-12-08,2019-12-09,Same Day,CUS-01018,Betty Lee,Consumer,United States,San Francisco,California,69113,West,OFF-BIN-11256,Office Supplies,Binders,Cardinal EasyOpen Binder,9.67,4,0.4,-2.1
355,CA-2022-010448,2021-05-01,2021-05-02,Same Day,CUS-01022,Karen Taylor,Home Office,United States,Washington,District of Columbia,14044,East,TEC-ACC-46025,Technology,Accessories,Logitech MX Master Mouse,84.52,5,0,30.62
356,CA-2022-010448,2021-05-01,2021-05-02,Same Day,CUS-01022,Karen Taylor,Home Office,United States,Washington,District of Columbia,14044,East,TEC-ACC-46025,Technology,Accessories,Logitech MX Master Mouse,84.52,5,0,30.62
357,CA-2022-010448,2021-05-01,2021-05-02,Same Day,CUS-01022,Karen Taylor,Home Office,United States,Washington,District of Columbia,14044,East,TEC-ACC-46025,Technology,Accessories,Logitech MX Master Mouse,84.52,5,0,30.62
358,CA-2022-010448,2021-05-01,2021-05-02,Same Day,CUS-01022,Karen Taylor,Home Office,United States,Washington,District of Columbia,14044,East,TEC-ACC-46025,Technology,Accessories,Logitech MX Master Mouse,84.52,5,0,30.62
359,CA-2019-010452,2019-08-22,2019-08-25,First Class,CUS-01070,Mary Lee,Home Office,United States,Baltimore,Maryland,81611,East,TEC-COP-95678,Technology,Copiers,Canon imageRUNNER 2630,2001.02,5,0,460.02
360,CA-2019-010452,2019-08-22,2019-08-25,First Class,CUS-01070,Mary Lee,Home Office,United States,Baltimore,Maryland,81611,East,TEC-COP-95678,Technology,Copiers,Canon imageRUNNER 2630,2001.02,5,0,460.02
361,CA-2019-010452,2019-08-22,2019-08-25,First Class,CUS-01070,Mary Lee,Home Office,United States,Baltimore,Maryland,81611,East,TEC-COP-95678,Technology,Copiers,Canon imageRUNNER 2630,2001.02,5,0,460.02
362,CA-2019-010457,2019-08-29,2019-09-01,Second Class,CUS-01104,Margaret Brown,Home Office,United States,Columbus,Ohio,92938,Central,FUR-TAB-28249,Furniture,Tables,Realspace Magellan Corner Desk,975.2,4,0,271.13
363,CA-2019-010457,2019-08-29,2019-09-01,Second Class,CUS-01104,Margaret Brown,Home Office,United States,Columbus,Ohio,92938,Central,FUR-TAB-28249,Furniture,Tables,Realspace Magellan Corner Desk,975.2,4,0,271.13
364,CA-2019-010457,2019-08-29,2019-09-01,Second Class,CUS-01104,Margaret Brown,Home Office,United States,Columbus,Ohio,92938,Central,FUR-TAB-28249,Furniture,Tables,Realspace Magellan Corner Desk,975.2,4,0,271.13
365,CA-2020-010461,2022-12-12,2022-12-15,First Class,CUS-01074,John Lopez,Consumer,United States,Columbus,Ohio,99037,Central,TEC-COM-17770,Technology,Computers,Apple MacBook Air,1788.48,3,0,268.04
366,CA-2020-010461,2022-12-12,2022-12-15,First Class,CUS-01074,John Lopez,Consumer,United States,Columbus,Ohio,99037,Central,TEC-COM-17770,Technology,Computers,Apple MacBook Air,1788.48,3,0,268.04
367,CA-2020-010461,2022-12-12,2022-12-15,First Class,CUS-01074,John Lopez,Consumer,United States,Columbus,Ohio,99037,Central,TEC-COM-17770,Technology,Computers,Apple MacBook Air,1788.48,3,0,268.04
368,CA-2020-010464,2021-09-29,2021-10-04,Second Class,CUS-01081,Daniel Anderson,Corporate,United States,Kansas City,Missouri,59174,Central,FUR-CHA-62802,Furniture,Chairs,HON Ignition 2.0 Task Chair,443.31,5,0.3,102.8
369,CA-2020-010464,2021-09-29,2021-10-04,Second Class,CUS-01081,Daniel Anderson,Corporate,United States,Kansas City,Missouri,59174,Central,FUR-CHA-62802,Furniture,Chairs,HON Ignition 2.0 Task Chair,443.31,5,0.3,102.8
370,CA-2020-010464,2021-09-29,2021-10-04,Second Class,CUS-01081,Daniel Anderson,Corporate,United States,Kansas City,Missouri,59174,Central,FUR-CHA-62802,Furniture,Chairs,HON Ignition 2.0 Task Chair,443.31,5,0.3,102.8
371,CA-2020-010464,2021-09-29,2021-10-04,Second Class,CUS-01081,Daniel Anderson,Corporate,United States,Kansas City,Missouri,59174,Central,FUR-CHA-62802,Furniture,Chairs,HON Ignition 2.0 Task Chair,443.31,5,0.3,102.8
372,CA-2021-010468,2019-01-06,2019-01-13,Standard Class,CUS-01059,Jennifer Williams,Home Office,United States,Chicago,Illinois,80048,Central,FUR-TAB-37767,Furniture,Tables,Sauder Palladia Desk,1212.92,6,0.2,224.51
373,CA-2021-010468,2019-01-06,2019-01-13,Standard Class,CUS-01059,Jennifer Williams,Home Office,United States,Chicago,Illinois,80048,Central,FUR-TAB-37767,Furniture,Tables,Sauder Palladia Desk,1212.92,6,0.2,224.51
374,CA-2022-010473,2022-10-29,2022-11-03,Standard Class,CUS-01013,Michael Gonzalez,Corporate,United States,Houston,Texas,26284,South,TEC-COP-10088,Technology,Copiers,Xerox B210,4691.0,7,0.1,2102.87
375,CA-2022-010473,2022-10-29,2022-11-03,Standard Class,CUS-01013,Michael Gonzalez,Corporate,United States,Houston,Texas,26284,South,TEC-COP-10088,Technology,Copiers,Xerox B210,4691.0,7,0.1,2102.87
376,CA-2021-010476,2020-07-15,2020-07-22,Standard Class,CUS-01047,Linda White,Home Office,United States,Chicago,Illinois,58738,Central,OFF-ART-61949,Office Supplies,Art,Crayola Colored Pencils,70.26,4,0.4,-10.97
377,CA-2019-010478,2021-09-03,2021-09-08,Standard Class,CUS-01076,Emily Miller,Home Office,United States,Phoenix,Arizona,99126,West,FUR-CHA-55032,Furniture,Chairs,HON Ignition 2.0 Task Chair,2628.01,7,0,633.56
378,CA-2019-010478,2021-09-03,2021-09-08,Standard Class,CUS-01076,Emily Miller,Home Office,United States,Phoenix,Arizona,99126,West,FUR-CHA-55032,Furniture,Chairs,HON Ignition 2.0 Task Chair,2628.01,7,0,633.56
379,CA-2022-010480,2019-07-29,2019-08-04,Standard Class,CUS-01048,Karen Thompson,Corporate,United States,Dallas,Texas,60164,Central,TEC-COM-79534,Technology,Computers,Dell Inspiron 15,5938.04,10,0,1342.23
380,CA-2022-010480,2019-07-29,2019-08-04,Standard Class,CUS-01048,Karen Thompson,Corporate,United States,Dallas,Texas,60164,Central,TEC-COM-79534,Technology,Computers,Dell Inspiron 15,5938.04,10,0,1342.23
381,CA-2020-010481,2022-06-15,2022-06-15,Same Day,CUS-01012,Michael Williams,Corporate,United States,Philadelphia,Pennsylvania,26142,East,OFF-APP-66280,Office Supplies,Appliances,Bostitch QuietSharp Sharpener,161.69,3,0.1,26.0
382,CA-2020-010485,2022-05-15,2022-05-17,First Class,CUS-01109,Christopher Davis,Corporate,United States,Dallas,Texas,77862,Central,OFF-SUP-61347,Office Supplies,Supplies,Pilot G2 Gel Pen 12-Pack,9.62,1,0.1,2.39
383,CA-2020-010490,2022-07-30,2022-08-06,Standard Class,CUS-01114,Jessica Jackson,Corporate,United States,Boston,Massachusetts,51480,East,TEC-COP-57895,Technology,Copiers,Xerox B210,1431.94,3,0.5,-309.14
384,CA-2019-010494,2019-05-19,2019-05-25,Standard Class,CUS-01028,Sarah Garcia,Corporate,United States,New York,New York,62163,East,OFF-FAS-75673,Office Supplies,Fasteners,3M Post-it Flags,97.49,7,0.4,-4.04
385,CA-2019-010494,2019-05-19,2019-05-25,Standard Class,CUS-01028,Sarah Garcia,Corporate,United States,New York,New York,62163,East,OFF-FAS-75673,Office Supplies,Fasteners,3M Post-it Flags,97.49,7,0.4,-4.04
386,CA-2021-010499,2020-09-26,2020-10-03,Standard Class,CUS-01118,Lisa Perez,Home Office,United States,Seattle,Washington,80305,West,FUR-FUR-93138,Furniture,Furnishings,Lorell Dry-Erase Board,118.24,2,0.2,38.95
387,CA-2021-010499,2020-09-26,2020-10-03,Standard Class,CUS-01118,Lisa Perez,Home Office,United States,Seattle,Washington,80305,West,FUR-FUR-93138,Furniture,Furnishings,Lorell Dry-Erase Board,118.24,2,0.2,38.95
388,CA-2019-010500,2019-06-26,2019-06-26,Same Day,CUS-01059,Jennifer Williams,Home Office,United States,Boston,Massachusetts,97304,East,OFF-ART-11660,Office Supplies,Art,Crayola Colored Pencils,10.91,1,0,2.71
389,CA-2019-010500,2019-06-26,2019-06-26,Same Day,CUS-01059,Jennifer Williams,Home Office,United States,Boston,Massachusetts,97304,East,OFF-ART-11660,Office Supplies,Art,Crayola Colored Pencils,10.91,1,0,2.71
390,CA-2019-010500,2019-06-26,2019-06-26,Same Day,CUS-01059,Jennifer Williams,Home Office,United States,Boston,Massachusetts,97304,East,OFF-ART-11660,Office Supplies,Art,Crayola Colored Pencils,10.91,1,0,2.71
391,CA-2021-010502,2021-01-31,2021-02-05,Second Class,CUS-01100,Donald Jackson,Home Office,United States,Chicago,Illinois,13847,Central,FUR-FUR-78662,Furniture,Furnishings,Master Caster Doorstop,87.05,10,0,21.63
392,CA-2021-010502,2021-01-31,2021-02-05,Second Class,CUS-01100,Donald Jackson,Home Office,United States,Chicago,Illinois,13847,Central,FUR-FUR-78662,Furniture,Furnishings,Master Caster Doorstop,87.05,10,0,21.63
393,CA-2021-010502,2021-01-31,2021-02-05,Second Class,CUS-01100,Donald Jackson,Home Office,United States,Chicago,Illinois,13847,Central,FUR-FUR-78662,Furniture,Furnishings,Master Caster Doorstop,87.05,10,0,21.63
394,CA-2019-010504,2022-03-06,2022-03-10,Second Class,CUS-01021,Joseph Brown,Corporate,United States,Chicago,Illinois,85223,Central,OFF-PAP-76692,Office Supplies,Paper,Hammermill Premium Copy Paper,1.84,1,0.1,0.13
395,CA-2019-010504,2022-03-06,2022-03-10,Second Class,CUS-01021,Joseph Brown,Corporate,United States,Chicago,Illinois,85223,Central,OFF-PAP-76692,Office Supplies,Paper,Hammermill Premium Copy Paper,1.84,1,0.1,0.13
396,CA-2019-010504,2022-03-06,2022-03-10,Second Class,CUS-01021,Joseph Brown,Corporate,United States,Chicago,Illinois,85223,Central,OFF-PAP-76692,Office Supplies,Paper,Hammermill Premium Copy Paper,1.84,1,0.1,0.13
397,CA-2022-010508,2020-01-02,2020-01-09,Standard Class,CUS-01103,Robert White,Consumer,United States,Atlanta,Georgia,52179,South,TEC-COP-45554,Technology,Copiers,Ricoh IM C300,9031.37,10,0.3,882.91
398,CA-2020-010510,2021-11-22,2021-11-28,Standard Class,CUS-01009,Karen Smith,Consumer,United States,Miami,Florida,50723,South,FUR-CHA-11044,Furniture,Chairs,Flash Furniture Mesh Chair,775.65,5,0.2,268.25
399,CA-2020-010510,2021-11-22,2021-11-28,Standard Class,CUS-01009,Karen Smith,Consumer,United States,Miami,Florida,50723,South,FUR-CHA-11044,Furniture,Chairs,Flash Furniture Mesh Chair,775.65,5,0.2,268.25
400,CA-2022-010512,2022-04-26,2022-04-26,Same Day,CUS-01094,James Wilson,Corporate,United States,Seattle,Washington,10835,West,FUR-CHA-80981,Furniture,Chairs,Steelcase Leap V2,64.68,1,0.3,3.27
401,CA-2022-010512,2022-04-26,2022-04-26,Same Day,CUS-01094,James Wilson,Corporate,United States,Seattle,Washington,10835,West,FUR-CHA-80981,Furniture,Chairs,Steelcase Leap V2,64.68,1,0.3,3.27
402,CA-2022-010512,2022-04-26,2022-04-26,Same Day,CUS-01094,James Wilson,Corporate,United States,Seattle,Washington,10835,West,FUR-CHA-80981,Furniture,Chairs,Steelcase Leap V2,64.68,1,0.3,3.27
403,CA-2022-010512,2022-04-26,2022-04-26,Same Day,CUS-01094,James Wilson,Corporate,United States,Seattle,Washington,10835,West,FUR-CHA-80981,Furniture,Chairs,Steelcase Leap V2,64.68,1,0.3,3.27
404,CA-2021-010515,2020-02-25,2020-02-29,Second Class,CUS-01063,Thomas Jackson,Home Office,United States,Philadelphia,Pennsylvania,46677,East,TEC-PHO-78125,Technology,Phones,Samsung Galaxy S22,1836.17,6,0.5,-403.79
405,CA-2019-010516,2019-10-01,2019-10-01,Same Day,CUS-01076,Emily Miller,Home Office,United States,Baltimore,Maryland,96827,East,TEC-COM-44208,Technology,Computers,Lenovo ThinkPad X1,2597.46,7,0.3,460.33
406,CA-2019-010516,2019-10-01,2019-10-01,Same Day,CUS-01076,Emily Miller,Home Office,United States,Baltimore,Maryland,96827,East,TEC-COM-44208,Technology,Computers,Lenovo ThinkPad X1,2597.46,7,0.3,460.33
407,CA-2019-010516,2019-10-01,2019-10-01,Same Day,CUS-01076,Emily Miller,Home Office,United States,Baltimore,Maryland,96827,East,TEC-COM-44208,Technology,Computers,Lenovo ThinkPad X1,2597.46,7,0.3,460.33
408,CA-2020-010521,2020-02-20,2020-02-25,Second Class,CUS-01014,Thomas Johnson,Home Office,United States,Los Angeles,California,31544,West,FUR-FUR-63282,Furniture,Furnishings,Master Caster Doorstop,48.61,6,0.1,11.22
409,CA-2020-010521,2020-02-20,2020-02-25,Second Class,CUS-01014,Thomas Johnson,Home Office,United States,Los Angeles,California,31544,West,FUR-FUR-63282,Furniture,Furnishings,Master Caster Doorstop,48.61,6,0.1,11.22
410,CA-2020-010521,2020-02-20,2020-02-25,Second Class,CUS-01014,Thomas Johnson,Home Office,United States,Los Angeles,California,31544,West,FUR-FUR-63282,Furniture,Furnishings,Master Caster Doorstop,48.61,6,0.1,11.22
411,CA-2020-010521,2020-02-20,2020-02-25,Second Class,CUS-01014,Thomas Johnson,Home Office,United States,Los Angeles,California,31544,West,FUR-FUR-63282,Furniture,Furnishings,Master Caster Doorstop,48.61,6,0.1,11.22
412,CA-2021-010522,2019-07-05,2019-07-10,Second Class,CUS-01039,Sandra Lee,Corporate,United States,Philadelphia,Pennsylvania,52964,East,TEC-PHO-56627,Technology,Phones,Samsung Galaxy S22,238.1,1,0.2,36.69
413,CA-2021-010522,2019-07-05,2019-07-10,Second Class,CUS-01039,Sandra Lee,Corporate,United States,Philadelphia,Pennsylvania,52964,East,TEC-PHO-56627,Technology,Phones,Samsung Galaxy S22,238.1,1,0.2,36.69
414,CA-2019-010523,2021-07-15,2021-07-18,Second Class,CUS-01060,Emily Williams,Home Office,United States,Philadelphia,Pennsylvania,25919,East,TEC-PHO-27133,Technology,Phones,Samsung Galaxy S22,1945.95,7,0.3,631.49
415,CA-2021-010527,2019-02-14,2019-02-19,Standard Class,CUS-01116,Sarah Gonzalez,Corporate,United States,Atlanta,Georgia,22055,South,FUR-CHA-70423,Furniture,Chairs,HON Ignition 2.0 Task Chair,195.03,10,0.4,-36.92
416,CA-2021-010527,2019-02-14,2019-02-19,Standard Class,CUS-01116,Sarah Gonzalez,Corporate,United States,Atlanta,Georgia,22055,South,FUR-CHA-70423,Furniture,Chairs,HON Ignition 2.0 Task Chair,195.03,10,0.4,-36.92
417,CA-2021-010527,2019-02-14,2019-02-19,Standard Class,CUS-01116,Sarah Gonzalez,Corporate,United States,Atlanta,Georgia,22055,South,FUR-CHA-70423,Furniture,Chairs,HON Ignition 2.0 Task Chair,195.03,10,0.4,-36.92
418,CA-2021-010527,2019-02-14,2019-02-19,Standard Class,CUS-01116,Sarah Gonzalez,Corporate,United States,Atlanta,Georgia,22055,South,FUR-CHA-70423,Furniture,Chairs,HON Ignition 2.0 Task Chair,195.03,10,0.4,-36.92
419,CA-2022-010528,2021-02-22,2021-02-22,Same Day,CUS-01046,James White,Home Office,United States,Seattle,Washington,46042,West,FUR-FUR-14541,Furniture,Furnishings,Deflect-O Chair Mat,274.17,10,0.1,84.69
420,CA-2022-010528,2021-02-22,2021-02-22,Same Day,CUS-01046,James White,Home Office,United States,Seattle,Washington,46042,West,FUR-FUR-14541,Furniture,Furnishings,Deflect-O Chair Mat,274.17,10,0.1,84.69
421,CA-2022-010528,2021-02-22,2021-02-22,Same Day,CUS-01046,James White,Home Office,United States,Seattle,Washington,46042,West,FUR-FUR-14541,Furniture,Furnishings,Deflect-O Chair Mat,274.17,10,0.1,84.69
422,CA-2022-010528,2021-02-22,2021-02-22,Same Day,CUS-01046,James White,Home Office,United States,Seattle,Washington,46042,West,FUR-FUR-14541,Furniture,Furnishings,Deflect-O Chair Mat,274.17,10,0.1,84.69
423,CA-2022-010529,2021-09-08,2021-09-13,Standard Class,CUS-01036,Ashley Jones,Corporate,United States,Atlanta,Georgia,64949,South,TEC-MAC-92674,Technology,Machines,Zebra ZT411 Label Printer,1340.61,9,0,597.59
424,CA-2022-010529,2021-09-08,2021-09-13,Standard Class,CUS-01036,Ashley Jones,Corporate,United States,Atlanta,Georgia,64949,South,TEC-MAC-92674,Technology,Machines,Zebra ZT411 Label Printer,1340.61,9,0,597.59
425,CA-2022-010529,2021-09-08,2021-09-13,Standard Class,CUS-01036,Ashley Jones,Corporate,United States,Atlanta,Georgia,64949,South,TEC-MAC-92674,Technology,Machines,Zebra ZT411 Label Printer,1340.61,9,0,597.59
426,CA-2022-010534,2021-09-19,2021-09-22,First Class,CUS-01050,David Taylor,Consumer,United States,Dallas,Texas,13416,Central,FUR-TAB-46822,Furniture,Tables,IKEA Bekant Desk,463.8,8,0.3,165.46
427,CA-2022-010534,2021-09-19,2021-09-22,First Class,CUS-01050,David Taylor,Consumer,United States,Dallas,Texas,13416,Central,FUR-TAB-46822,Furniture,Tables,IKEA Bekant Desk,463.8,8,0.3,165.46
428,CA-2020-010539,2020-05-22,2020-05-26,Second Class,CUS-01069,Joseph Williams,Corporate,United States,Philadelphia,Pennsylvania,85457,East,FUR-BOO-33081,Furniture,Bookcases,Bush Furniture Cabot Bookcase,535.92,6,0.3,222.72
429,CA-2021-010540,2022-02-28,2022-03-05,Second Class,CUS-01025,Karen Harris,Home Office,United States,Nashville,Tennessee,50508,South,TEC-COP-21830,Technology,Copiers,Canon imageRUNNER 2630,824.4,10,0.1,47.79
430,CA-2021-010540,2022-02-28,2022-03-05,Second Class,CUS-01025,Karen Harris,Home Office,United States,Nashville,Tennessee,50508,South,TEC-COP-21830,Technology,Copiers,Canon imageRUNNER 2630,824.4,10,0.1,47.79
431,CA-2021-010540,2022-02-28,2022-03-05,Second Class,CUS-01025,Karen Harris,Home Office,United States,Nashville,Tennessee,50508,South,TEC-COP-21830,Technology,Copiers,Canon imageRUNNER 2630,824.4,10,0.1,47.79
432,CA-2021-010540,2022-02-28,2022-03-05,Second Class,CUS-01025,Karen Harris,Home Office,United States,Nashville,Tennessee,50508,South,TEC-COP-21830,Technology,Copiers,Canon imageRUNNER 2630,824.4,10,0.1,47.79
433,CA-2019-010545,2022-06-11,2022-06-14,Second Class,CUS-01044,Robert Wilson,Corporate,United States,San Francisco,California,17806,West,TEC-COM-24538,Technology,Computers,HP Pavilion 14,2376.11,6,0,473.88
434,CA-2019-010545,2022-06-11,2022-06-14,Second Class,CUS-01044,Robert Wilson,Corporate,United States,San Francisco,California,17806,West,TEC-COM-24538,Technology,Computers,HP Pavilion 14,2376.11,6,0,473.88
435,CA-2019-010545,2022-06-11,2022-06-14,Second Class,CUS-01044,Robert Wilson,Corporate,United States,San Francisco,California,17806,West,TEC-COM-24538,Technology,Computers,HP Pavilion 14,2376.11,6,0,473.88
436,CA-2019-010545,2022-06-11,2022-06-14,Second Class,CUS-01044,Robert Wilson,Corporate,United States,San Francisco,California,17806,West,TEC-COM-24538,Technology,Computers,HP Pavilion 14,2376.11,6,0,473.88
437,CA-2019-010548,2020-09-10,2020-09-12,First Class,CUS-01021,Joseph Brown,Corporate,United States,Charlotte,North Carolina,95089,South,FUR-TAB-83659,Furniture,Tables,Realspace Magellan Corner Desk,2310.99,10,0.3,321.91
438,CA-2019-010548,2020-09-10,2020-09-12,First Class,CUS-01021,Joseph Brown,Corporate,United States,Charlotte,North Carolina,95089,South,FUR-TAB-83659,Furniture,Tables,Realspace Magellan Corner Desk,2310.99,10,0.3,321.91
439,CA-2022-010551,2022-11-11,2022-11-13,First Class,CUS-01023,Betty Garcia,Corporate,United States,Washington,District of Columbia,61327,East,OFF-BIN-88956,Office Supplies,Binders,Avery Heavy Duty Binder,107.6,10,0.1,32.91
440,CA-2022-010554,2020-11-09,2020-11-14,Standard Class,CUS-01045,Ashley Jackson,Corporate,United States,Dallas,Texas,93386,Central,TEC-ACC-11493,Technology,Accessories,APC UPS 1500VA,308.24,4,0,58.62
441,CA-2019-010556,2021-03-01,2021-03-02,Same Day,CUS-01022,Karen Taylor,Home Office,United States,Charlotte,North Carolina,59638,South,FUR-FUR-72847,Furniture,Furnishings,Deflect-O Chair Mat,1370.15,10,0.1,157.65
442,CA-2019-010557,2019-02-11,2019-02-14,First Class,CUS-01014,Thomas Johnson,Home Office,United States,Boston,Massachusetts,32296,East,FUR-TAB-19830,Furniture,Tables,Realspace Magellan Corner Desk,191.15,2,0.3,54.98
443,CA-2019-010557,2019-02-11,2019-02-14,First Class,CUS-01014,Thomas Johnson,Home Office,United States,Boston,Massachusetts,32296,East,FUR-TAB-19830,Furniture,Tables,Realspace Magellan Corner Desk,191.15,2,0.3,54.98
444,CA-2019-010557,2019-02-11,2019-02-14,First Class,CUS-01014,Thomas Johnson,Home Office,United States,Boston,Massachusetts,32296,East,FUR-TAB-19830,Furniture,Tables,Realspace Magellan Corner Desk,191.15,2,0.3,54.98
445,CA-2019-010557,2019-02-11,2019-02-14,First Class,CUS-01014,Thomas Johnson,Home Office,United States,Boston,Massachusetts,32296,East,FUR-TAB-19830,Furniture,Tables,Realspace Magellan Corner Desk,191.15,2,0.3,54.98
446,CA-2019-010560,2022-08-31,2022-09-05,Second Class,CUS-01114,Jessica Jackson,Corporate,United States,Atlanta,Georgia,17019,South,TEC-ACC-34901,Technology,Accessories,Anker USB-C Hub,265.85,9,0.2,83.54
447,CA-2019-010560,2022-08-31,2022-09-05,Second Class,CUS-01114,Jessica Jackson,Corporate,United States,Atlanta,Georgia,17019,South,TEC-ACC-34901,Technology,Accessories,Anker USB-C Hub,265.85,9,0.2,83.54
448,CA-2019-010560,2022-08-31,2022-09-05,Second Class,CUS-01114,Jessica Jackson,Corporate,United States,Atlanta,Georgia,17019,South,TEC-ACC-34901,Technology,Accessories,Anker USB-C Hub,265.85,9,0.2,83.54
449,CA-2020-010564,2019-04-12,2019-04-13,Same Day,CUS-01020,Joseph Hernandez,Consumer,United States,Boston,Massachusetts,10500,East,FUR-CHA-96772,Furniture,Chairs,Herman Miller Aeron,2143.16,8,0.1,190.3
450,CA-2020-010564,2019-04-12,2019-04-13,Same Day,CUS-01020,Joseph Hernandez,Consumer,United States,Boston,Massachusetts,10500,East,FUR-CHA-96772,Furniture,Chairs,Herman Miller Aeron,2143.16,8,0.1,190.3
451,CA-2020-010565,2019-06-17,2019-06-17,Same Day,CUS-01040,Betty Davis,Consumer,United States,Charlotte,North Carolina,74106,South,OFF-FAS-94130,Office Supplies,Fasteners,Swingline Heavy Duty Stapler,24.07,3,0.3,9.73
452,CA-2020-010565,2019-06-17,2019-06-17,Same Day,CUS-01040,Betty Davis,Consumer,United States,Charlotte,North Carolina,74106,South,OFF-FAS-94130,Office Supplies,Fasteners,Swingline Heavy Duty Stapler,24.07,3,0.3,9.73
453,CA-2020-010565,2019-06-17,2019-06-17,Same Day,CUS-01040,Betty Davis,Consumer,United States,Charlotte,North Carolina,74106,South,OFF-FAS-94130,Office Supplies,Fasteners,Swingline Heavy Duty Stapler,24.07,3,0.3,9.73
454,CA-2020-010568,2019-04-02,2019-04-05,First Class,CUS-01060,Emily Williams,Home Office,United States,Dallas,Texas,45200,Central,OFF-BIN-97486,Office Supplies,Binders,Avery Heavy Duty Binder,11.55,6,0.4,-2.53
455,CA-2020-010568,2019-04-02,2019-04-05,First Class,CUS-01060,Emily Williams,Home Office,United States,Dallas,Texas,45200,Central,OFF-BIN-97486,Office Supplies,Binders,Avery Heavy Duty Binder,11.55,6,0.4,-2.53
456,CA-2019-010572,2021-12-06,2021-12-07,Same Day,CUS-01074,John Lopez,Consumer,United States,Portland,Oregon,49171,West,TEC-COP-75811,Technology,Copiers,Canon imageRUNNER 2630,2215.05,9,0,217.32
457,CA-2019-010572,2021-12-06,2021-12-07,Same Day,CUS-01074,John Lopez,Consumer,United States,Portland,Oregon,49171,West,TEC-COP-75811,Technology,Copiers,Canon imageRUNNER 2630,2215.05,9,0,217.32
458,CA-2019-010572,2021-12-06,2021-12-07,Same Day,CUS-01074,John Lopez,Consumer,United States,Portland,Oregon,49171,West,TEC-COP-75811,Technology,Copiers,Canon imageRUNNER 2630,2215.05,9,0,217.32
459,CA-2019-010572,2021-12-06,2021-12-07,Same Day,CUS-01074,John Lopez,Consumer,United States,Portland,Oregon,49171,West,TEC-COP-75811,Technology,Copiers,Canon imageRUNNER 2630,2215.05,9,0,217.32
460,CA-2020-010576,2020-03-09,2020-03-12,Second Class,CUS-01006,Jessica Davis,Home Office,United States,Houston,Texas,99538,South,FUR-TAB-29382,Furniture,Tables,Realspace Magellan Corner Desk,2694.2,5,0.3,1116.27
461,CA-2019-010578,2022-02-13,2022-02-14,Same Day,CUS-01110,Margaret Jones,Home Office,United States,Columbus,Ohio,70051,Central,TEC-MAC-78493,Technology,Machines,Fellowes Powershred 79Ci,444.49,2,0.4,-24.42
462,CA-2019-010582,2019-07-26,2019-07-29,First Class,CUS-01113,Michael Williams,Home Office,United States,Miami,Florida,60206,South,OFF-STO-89817,Office Supplies,Storage,Bankers Box Stor/File,29.05,3,0.2,6.13
463,CA-2019-010582,2019-07-26,2019-07-29,First Class,CUS-01113,Michael Williams,Home Office,United States,Miami,Florida,60206,South,OFF-STO-89817,Office Supplies,Storage,Bankers Box Stor/File,29.05,3,0.2,6.13
464,CA-2019-010582,2019-07-26,2019-07-29,First Class,CUS-01113,Michael Williams,Home Office,United States,Miami,Florida,60206,South,OFF-STO-89817,Office Supplies,Storage,Bankers Box Stor/File,29.05,3,0.2,6.13
465,CA-2019-010582,2019-07-26,2019-07-29,First Class,CUS-01113,Michael Williams,Home Office,United States,Miami,Florida,60206,South,OFF-STO-89817,Office Supplies,Storage,Bankers Box Stor/File,29.05,3,0.2,6.13
466,CA-2019-010587,2020-11-09,2020-11-12,Second Class,CUS-01096,Emily Jones,Consumer,United States,Miami,Florida,58816,South,TEC-ACC-50756,Technology,Accessories,Belkin Surge Protector,322.4,8,0,141.53
467,CA-2019-010587,2020-11-09,2020-11-12,Second Class,CUS-01096,Emily Jones,Consumer,United States,Miami,Florida,58816,South,TEC-ACC-50756,Technology,Accessories,Belkin Surge Protector,322.4,8,0,141.53
468,CA-2020-010591,2021-06-26,2021-06-29,First Class,CUS-01094,James Wilson,Corporate,United States,Nashville,Tennessee,94614,South,TEC-COM-37707,Technology,Computers,Apple MacBook Air,1957.44,7,0.5,-346.27
469,CA-2020-010591,2021-06-26,2021-06-29,First Class,CUS-01094,James Wilson,Corporate,United States,Nashville,Tennessee,94614,South,TEC-COM-37707,Technology,Computers,Apple MacBook Air,1957.44,7,0.5,-346.27
470,CA-2020-010591,2021-06-26,2021-06-29,First Class,CUS-01094,James Wilson,Corporate,United States,Nashville,Tennessee,94614,South,TEC-COM-37707,Technology,Computers,Apple MacBook Air,1957.44,7,0.5,-346.27
471,CA-2019-010594,2019-11-22,2019-11-28,Standard Class,CUS-01091,David Anderson,Corporate,United States,Atlanta,Georgia,78719,South,OFF-BIN-35265,Office Supplies,Binders,Avery Heavy Duty Binder,25.88,4,0,3.88
472,CA-2019-010594,2019-11-22,2019-11-28,Standard Class,CUS-01091,David Anderson,Corporate,United States,Atlanta,Georgia,78719,South,OFF-BIN-35265,Office Supplies,Binders,Avery Heavy Duty Binder,25.88,4,0,3.88
473,CA-2019-010594,2019-11-22,2019-11-28,Standard Class,CUS-01091,David Anderson,Corporate,United States,Atlanta,Georgia,78719,South,OFF-BIN-35265,Office Supplies,Binders,Avery Heavy Duty Binder,25.88,4,0,3.88
474,CA-2019-010594,2019-11-22,2019-11-28,Standard Class,CUS-01091,David Anderson,Corporate,United States,Atlanta,Georgia,78719,South,OFF-BIN-35265,Office Supplies,Binders,Avery Heavy Duty Binder,25.88,4,0,3.88
475,CA-2019-010599,2022-12-14,2022-12-18,Second Class,CUS-01048,Karen Thompson,Corporate,United States,Nashville,Tennessee,62028,South,OFF-PAP-14005,Office Supplies,Paper,Georgia-Pacific Copy Paper,17.86,8,0.5,-1.08
476,CA-2019-010599,2022-12-14,2022-12-18,Second Class,CUS-01048,Karen Thompson,Corporate,United States,Nashville,Tennessee,62028,South,OFF-PAP-14005,Office Supplies,Paper,Georgia-Pacific Copy Paper,17.86,8,0.5,-1.08
477,CA-2019-010599,2022-12-14,2022-12-18,Second Class,CUS-01048,Karen Thompson,Corporate,United States,Nashville,Tennessee,62028,South,OFF-PAP-14005,Office Supplies,Paper,Georgia-Pacific Copy Paper,17.86,8,0.5,-1.08
478,CA-2019-010599,2022-12-14,2022-12-18,Second Class,CUS-01048,Karen Thompson,Corporate,United States,Nashville,Tennessee,62028,South,OFF-PAP-14005,Office Supplies,Paper,Georgia-Pacific Copy Paper,17.86,8,0.5,-1.08
479,CA-2021-010602,2019-12-01,2019-12-03,First Class,CUS-01037,William Davis,Home Office,United States,Baltimore,Maryland,16507,East,TEC-MAC-39012,Technology,Machines,Zebra ZT411 Label Printer,1030.58,4,0.2,320.13
480,CA-2019-010605,2019-09-28,2019-10-03,Second Class,CUS-01103,Robert White,Consumer,United States,Philadelphia,Pennsylvania,43081,East,OFF-FAS-94245,Office Supplies,Fasteners,3M Post-it Flags,48.69,7,0.3,11.38
481,CA-2019-010605,2019-09-28,2019-10-03,Second Class,CUS-01103,Robert White,Consumer,United States,Philadelphia,Pennsylvania,43081,East,OFF-FAS-94245,Office Supplies,Fasteners,3M Post-it Flags,48.69,7,0.3,11.38
482,CA-2022-010609,2022-10-18,2022-10-18,Same Day,CUS-01001,Linda Smith,Home Office,United States,Columbus,Ohio,94848,Central,OFF-FAS-99707,Office Supplies,Fasteners,Acme Scissors,5.06,2,0.3,2.25
483,CA-2022-010609,2022-10-18,2022-10-18,Same Day,CUS-01001,Linda Smith,Home Office,United States,Columbus,Ohio,94848,Central,OFF-FAS-99707,Office Supplies,Fasteners,Acme Scissors,5.06,2,0.3,2.25
484,CA-2022-010609,2022-10-18,2022-10-18,Same Day,CUS-01001,Linda Smith,Home Office,United States,Columbus,Ohio,94848,Central,OFF-FAS-99707,Office Supplies,Fasteners,Acme Scissors,5.06,2,0.3,2.25
485,CA-2021-010612,2022-09-05,2022-09-07,First Class,CUS-01020,Joseph Hernandez,Consumer,United States,Los Angeles,California,88647,West,FUR-BOO-28340,Furniture,Bookcases,Way2Furn 5-Shelf,429.07,8,0.2,65.98
486,CA-2021-010612,2022-09-05,2022-09-07,First Class,CUS-01020,Joseph Hernandez,Consumer,United States,Los Angeles,California,88647,West,FUR-BOO-28340,Furniture,Bookcases,Way2Furn 5-Shelf,429.07,8,0.2,65.98
487,CA-2021-010612,2022-09-05,2022-09-07,First Class,CUS-01020,Joseph Hernandez,Consumer,United States,Los Angeles,California,88647,West,FUR-BOO-28340,Furniture,Bookcases,Way2Furn 5-Shelf,429.07,8,0.2,65.98
488,CA-2021-010612,2022-09-05,2022-09-07,First Class,CUS-01020,Joseph Hernandez,Consumer,United States,Los Angeles,California,88647,West,FUR-BOO-28340,Furniture,Bookcases,Way2Furn 5-Shelf,429.07,8,0.2,65.98
489,CA-2022-010615,2019-03-14,2019-03-18,Second Class,CUS-01093,Patricia Garcia,Corporate,United States,Phoenix,Arizona,93665,West,FUR-BOO-49347,Furniture,Bookcases,Way2Furn 5-Shelf,684.38,9,0,114.64
490,CA-2022-010615,2019-03-14,2019-03-18,Second Class,CUS-01093,Patricia Garcia,Corporate,United States,Phoenix,Arizona,93665,West,FUR-BOO-49347,Furniture,Bookcases,Way2Furn 5-Shelf,684.38,9,0,114.64
491,CA-2022-010615,2019-03-14,2019-03-18,Second Class,CUS-01093,Patricia Garcia,Corporate,United States,Phoenix,Arizona,93665,West,FUR-BOO-49347,Furniture,Bookcases,Way2Furn 5-Shelf,684.38,9,0,114.64
492,CA-2022-010615,2019-03-14,2019-03-18,Second Class,CUS-01093,Patricia Garcia,Corporate,United States,Phoenix,Arizona,93665,West,FUR-BOO-49347,Furniture,Bookcases,Way2Furn 5-Shelf,684.38,9,0,114.64
493,CA-2020-010619,2022-02-18,2022-02-23,Second Class,CUS-01116,Sarah Gonzalez,Corporate,United States,Chicago,Illinois,39131,Central,FUR-TAB-50250,Furniture,Tables,Realspace Magellan Corner Desk,626.57,6,0.3,96.63
494,CA-2020-010619,2022-02-18,2022-02-23,Second Class,CUS-01116,Sarah Gonzalez,Corporate,United States,Chicago,Illinois,39131,Central,FUR-TAB-50250,Furniture,Tables,Realspace Magellan Corner Desk,626.57,6,0.3,96.63
495,CA-2020-010619,2022-02-18,2022-02-23,Second Class,CUS-01116,Sarah Gonzalez,Corporate,United States,Chicago,Illinois,39131,Central,FUR-TAB-50250,Furniture,Tables,Realspace Magellan Corner Desk,626.57,6,0.3,96.63
496,CA-2022-010622,2021-08-21,2021-08-28,Standard Class,CUS-01075,Sarah Martinez,Home Office,United States,Baltimore,Maryland,35499,East,OFF-PAP-60026,Office Supplies,Paper,Georgia-Pacific Copy Paper,111.86,7,0,44.56
497,CA-2022-010622,2021-08-21,2021-08-28,Standard Class,CUS-01075,Sarah Martinez,Home Office,United States,Baltimore,Maryland,35499,East,OFF-PAP-60026,Office Supplies,Paper,Georgia-Pacific Copy Paper,111.86,7,0,44.56
498,CA-2020-010623,2020-12-02,2020-12-03,Same Day,CUS-01019,Robert Johnson,Home Office,United States,Dallas,Texas,20592,Central,FUR-BOO-33176,Furniture,Bookcases,Way2Furn 5-Shelf,74.94,1,0,17.3
499,CA-2020-010623,2020-12-02,2020-12-03,Same Day,CUS-01019,Robert Johnson,Home Office,United States,Dallas,Texas,20592,Central,FUR-BOO-33176,Furniture,Bookcases,Way2Furn 5-Shelf,74.94,1,0,17.3
500,CA-2020-010625,2019-11-21,2019-11-21,Same Day,CUS-01017,Charles Thompson,Home Office,United States,Charlotte,North Carolina,62873,South,FUR-FUR-10611,Furniture,Furnishings,Master Caster Doorstop,20.13,4,0.3,8.66
501,CA-2020-010625,2019-11-21,2019-11-21,Same Day,CUS-01017,Charles Thompson,Home Office,United States,Charlotte,North Carolina,62873,South,FUR-FUR-10611,Furniture,Furnishings,Master Caster Doorstop,20.13,4,0.3,8.66
502,CA-2020-010625,2019-11-21,2019-11-21,Same Day,CUS-01017,Charles Thompson,Home Office,United States,Charlotte,North Carolina,62873,South,FUR-FUR-10611,Furniture,Furnishings,Master Caster Doorstop,20.13,4,0.3,8.66
503,CA-2020-010630,2022-10-17,2022-10-24,Standard Class,CUS-01094,James Wilson,Corporate,United States,Seattle,Washington,55134,West,FUR-TAB-60272,Furniture,Tables,IKEA Bekant Desk,2560.5,5,0,194.89
504,CA-2021-010631,2021-07-22,2021-07-25,First Class,CUS-01114,Jessica Jackson,Corporate,United States,San Francisco,California,74248,West,FUR-TAB-62873,Furniture,Tables,IKEA Bekant Desk,539.59,4,0,72.56
505,CA-2020-010634,2021-01-20,2021-01-26,Standard Class,CUS-01113,Michael Williams,Home Office,United States,Columbus,Ohio,91675,Central,TEC-MAC-96765,Technology,Machines,Zebra ZT411 Label Printer,31.98,1,0,10.42
506,CA-2020-010634,2021-01-20,2021-01-26,Standard Class,CUS-01113,Michael Williams,Home Office,United States,Columbus,Ohio,91675,Central,TEC-MAC-96765,Technology,Machines,Zebra ZT411 Label Printer,31.98,1,0,10.42
507,CA-2020-010634,2021-01-20,2021-01-26,Standard Class,CUS-01113,Michael Williams,Home Office,United States,Columbus,Ohio,91675,Central,TEC-MAC-96765,Technology,Machines,Zebra ZT411 Label Printer,31.98,1,0,10.42
508,CA-2020-010634,2021-01-20,2021-01-26,Standard Class,CUS-01113,Michael Williams,Home Office,United States,Columbus,Ohio,91675,Central,TEC-MAC-96765,Technology,Machines,Zebra ZT411 Label Printer,31.98,1,0,10.42
509,CA-2022-010635,2019-09-11,2019-09-14,First Class,CUS-01090,James Williams,Consumer,United States,Seattle,Washington,99881,West,OFF-BIN-65164,Office Supplies,Binders,Cardinal EasyOpen Binder,73.95,9,0.2,22.12
510,CA-2022-010635,2019-09-11,2019-09-14,First Class,CUS-01090,James Williams,Consumer,United States,Seattle,Washington,99881,West,OFF-BIN-65164,Office Supplies,Binders,Cardinal EasyOpen Binder,73.95,9,0.2,22.12
511,CA-2022-010639,2021-11-13,2021-11-19,Standard Class,CUS-01015,Ashley Martin,Consumer,United States,Baltimore,Maryland,36037,East,OFF-LAB-78569,Office Supplies,Labels,Staples Multipurpose Labels,123.1,6,0.4,-10.35
512,CA-2022-010640,2022-11-10,2022-11-11,Same Day,CUS-01031,Patricia Davis,Consumer,United States,New York,New York,98032,East,TEC-PHO-29548,Technology,Phones,Motorola Moto G,10336.01,9,0,3508.3
513,CA-2021-010642,2021-07-24,2021-07-27,First Class,CUS-01060,Emily Williams,Home Office,United States,New York,New York,32898,East,TEC-ACC-98705,Technology,Accessories,Belkin Surge Protector,176.35,2,0,68.86
514,CA-2019-010644,2022-09-20,2022-09-24,Second Class,CUS-01046,James White,Home Office,United States,Nashville,Tennessee,45167,South,OFF-PAP-54921,Office Supplies,Paper,HP Office Paper 500-Sheet,20.94,7,0.4,-4.55
515,CA-2019-010644,2022-09-20,2022-09-24,Second Class,CUS-01046,James White,Home Office,United States,Nashville,Tennessee,45167,South,OFF-PAP-54921,Office Supplies,Paper,HP Office Paper 500-Sheet,20.94,7,0.4,-4.55
516,CA-2019-010644,2022-09-20,2022-09-24,Second Class,CUS-01046,James White,Home Office,United States,Nashville,Tennessee,45167,South,OFF-PAP-54921,Office Supplies,Paper,HP Office Paper 500-Sheet,20.94,7,0.4,-4.55
517,CA-2022-010646,2021-05-13,2021-05-16,Second Class,CUS-01017,Charles Thompson,Home Office,United States,Philadelphia,Pennsylvania,23593,East,FUR-FUR-98918,Furniture,Furnishings,Lorell Dry-Erase Board,547.44,10,0.4,-99.0
518,CA-2020-010650,2021-09-26,2021-10-02,Standard Class,CUS-01057,Betty Hernandez,Consumer,United States,New York,New York,44290,East,OFF-ENV-98857,Office Supplies,Envelopes,Quality Park Catalog Envelopes,71.38,10,0.1,31.49
519,CA-2020-010650,2021-09-26,2021-10-02,Standard Class,CUS-01057,Betty Hernandez,Consumer,United States,New York,New York,44290,East,OFF-ENV-98857,Office Supplies,Envelopes,Quality Park Catalog Envelopes,71.38,10,0.1,31.49
520,CA-2020-010650,2021-09-26,2021-10-02,Standard Class,CUS-01057,Betty Hernandez,Consumer,United States,New York,New York,44290,East,OFF-ENV-98857,Office Supplies,Envelopes,Quality Park Catalog Envelopes,71.38,10,0.1,31.49
521,CA-2019-010654,2022-09-17,2022-09-21,Second Class,CUS-01045,Ashley Jackson,Corporate,United States,Atlanta,Georgia,83183,South,OFF-BIN-94331,Office Supplies,Binders,Avery Heavy Duty Binder,61.56,9,0.5,-12.03
522,CA-2019-010654,2022-09-17,2022-09-21,Second Class,CUS-01045,Ashley Jackson,Corporate,United States,Atlanta,Georgia,83183,South,OFF-BIN-94331,Office Supplies,Binders,Avery Heavy Duty Binder,61.56,9,0.5,-12.03
523,CA-2019-010658,2020-10-18,2020-10-22,Second Class,CUS-01036,Ashley Jones,Corporate,United States,Washington,District of Columbia,39190,East,OFF-APP-40801,Office Supplies,Appliances,Bostitch QuietSharp Sharpener,29.25,8,0.5,-1.25
524,CA-2019-010658,2020-10-18,2020-10-22,Second Class,CUS-01036,Ashley Jones,Corporate,United States,Washington,District of Columbia,39190,East,OFF-APP-40801,Office Supplies,Appliances,Bostitch QuietSharp Sharpener,29.25,8,0.5,-1.25
525,CA-2019-010658,2020-10-18,2020-10-22,Second Class,CUS-01036,Ashley Jones,Corporate,United States,Washington,District of Columbia,39190,East,OFF-APP-40801,Office Supplies,Appliances,Bostitch QuietSharp Sharpener,29.25,8,0.5,-1.25
526,CA-2019-010658,2020-10-18,2020-10-22,Second Class,CUS-01036,Ashley Jones,Corporate,United States,Washington,District of Columbia,39190,East,OFF-APP-40801,Office Supplies,Appliances,Bostitch QuietSharp Sharpener,29.25,8,0.5,-1.25
527,CA-2022-010662,2019-09-01,2019-09-01,Same Day,CUS-01014,Thomas Johnson,Home Office,United States,Charlotte,North Carolina,14696,South,OFF-SUP-21913,Office Supplies,Supplies,Pilot G2 Gel Pen 12-Pack,94.34,10,0.2,38.31
528,CA-2022-010662,2019-09-01,2019-09-01,Same Day,CUS-01014,Thomas Johnson,Home Office,United States,Charlotte,North Carolina,14696,South,OFF-SUP-21913,Office Supplies,Supplies,Pilot G2 Gel Pen 12-Pack,94.34,10,0.2,38.31
529,CA-2022-010665,2021-01-14,2021-01-19,Standard Class,CUS-01109,Christopher Davis,Corporate,United States,Miami,Florida,83420,South,OFF-STO-96136,Office Supplies,Storage,Bankers Box Stor/File,159.9,8,0,14.22
530,CA-2022-010665,2021-01-14,2021-01-19,Standard Class,CUS-01109,Christopher Davis,Corporate,United States,Miami,Florida,83420,South,OFF-STO-96136,Office Supplies,Storage,Bankers Box Stor/File,159.9,8,0,14.22
531,CA-2019-010668,2020-12-28,2020-12-31,First Class,CUS-01090,James Williams,Consumer,United States,New York,New York,31516,East,FUR-TAB-63636,Furniture,Tables,Realspace Magellan Corner Desk,457.48,10,0.1,57.19
532,CA-2019-010668,2020-12-28,2020-12-31,First Class,CUS-01090,James Williams,Consumer,United States,New York,New York,31516,East,FUR-TAB-63636,Furniture,Tables,Realspace Magellan Corner Desk,457.48,10,0.1,57.19
533,CA-2019-010668,2020-12-28,2020-12-31,First Class,CUS-01090,James Williams,Consumer,United States,New York,New York,31516,East,FUR-TAB-63636,Furniture,Tables,Realspace Magellan Corner Desk,457.48,10,0.1,57.19
534,CA-2019-010668,2020-12-28,2020-12-31,First Class,CUS-01090,James Williams,Consumer,United States,New York,New York,31516,East,FUR-TAB-63636,Furniture,Tables,Realspace Magellan Corner Desk,457.48,10,0.1,57.19
535,CA-2020-010671,2020-01-26,2020-01-28,First Class,CUS-01097,Charles Miller,Consumer,United States,Houston,Texas,93000,South,OFF-PAP-69950,Office Supplies,Paper,HP Office Paper 500-Sheet,344.38,9,0,149.99
536,CA-2019-010675,2021-06-05,2021-06-05,Same Day,CUS-01089,Michael Johnson,Home Office,United States,Seattle,Washington,23573,West,FUR-BOO-60418,Furniture,Bookcases,Way2Furn 5-Shelf,541.24,10,0.1,86.29
537,CA-2019-010675,2021-06-05,2021-06-05,Same Day,CUS-01089,Michael Johnson,Home Office,United States,Seattle,Washington,23573,West,FUR-BOO-60418,Furniture,Bookcases,Way2Furn 5-Shelf,541.24,10,0.1,86.29
538,CA-2019-010675,2021-06-05,2021-06-05,Same Day,CUS-01089,Michael Johnson,Home Office,United States,Seattle,Washington,23573,West,FUR-BOO-60418,Furniture,Bookcases,Way2Furn 5-Shelf,541.24,10,0.1,86.29
539,CA-2021-010680,2019-10-01,2019-10-05,Second Class,CUS-01078,Donald Davis,Corporate,United States,Columbus,Ohio,51144,Central,OFF-SUP-38487,Office Supplies,Supplies,Scotch Magic Tape,32.89,10,0.2,10.68
540,CA-2021-010680,2019-10-01,2019-10-05,Second Class,CUS-01078,Donald Davis,Corporate,United States,Columbus,Ohio,51144,Central,OFF-SUP-38487,Office Supplies,Supplies,Scotch Magic Tape,32.89,10,0.2,10.68
541,CA-2020-010684,2022-01-16,2022-01-18,First Class,CUS-01098,Patricia Clark,Corporate,United States,Columbus,Ohio,72963,Central,OFF-APP-79979,Office Supplies,Appliances,ACCO 3-Hole Punch,393.19,7,0,101.87
542,CA-2022-010689,2019-04-19,2019-04-24,Standard Class,CUS-01035,Emily Wilson,Home Office,United States,San Francisco,California,99573,West,FUR-TAB-48684,Furniture,Tables,IKEA Bekant Desk,627.56,9,0,121.42
543,CA-2022-010689,2019-04-19,2019-04-24,Standard Class,CUS-01035,Emily Wilson,Home Office,United States,San Francisco,California,99573,West,FUR-TAB-48684,Furniture,Tables,IKEA Bekant Desk,627.56,9,0,121.42
544,CA-2022-010689,2019-04-19,2019-04-24,Standard Class,CUS-01035,Emily Wilson,Home Office,United States,San Francisco,California,99573,West,FUR-TAB-48684,Furniture,Tables,IKEA Bekant Desk,627.56,9,0,121.42
545,CA-2022-010689,2019-04-19,2019-04-24,Standard Class,CUS-01035,Emily Wilson,Home Office,United States,San Francisco,California,99573,West,FUR-TAB-48684,Furniture,Tables,IKEA Bekant Desk,627.56,9,0,121.42
546,CA-2019-010691,2022-10-15,2022-10-20,Second Class,CUS-01083,Michael Johnson,Corporate,United States,Atlanta,Georgia,76967,South,OFF-FAS-97096,Office Supplies,Fasteners,3M Post-it Flags,10.55,7,0.4,-1.14
547,CA-2019-010691,2022-10-15,2022-10-20,Second Class,CUS-01083,Michael Johnson,Corporate,United States,Atlanta,Georgia,76967,South,OFF-FAS-97096,Office Supplies,Fasteners,3M Post-it Flags,10.55,7,0.4,-1.14
548,CA-2019-010691,2022-10-15,2022-10-20,Second Class,CUS-01083,Michael Johnson,Corporate,United States,Atlanta,Georgia,76967,South,OFF-FAS-97096,Office Supplies,Fasteners,3M Post-it Flags,10.55,7,0.4,-1.14
549,CA-2019-010696,2020-05-29,2020-06-03,Second Class,CUS-01112,Robert Smith,Corporate,United States,Atlanta,Georgia,93071,South,OFF-ENV-35362,Office Supplies,Envelopes,Quality Park Catalog Envelopes,24.62,3,0,3.07
550,CA-2019-010696,2020-05-29,2020-06-03,Second Class,CUS-01112,Robert Smith,Corporate,United States,Atlanta,Georgia,93071,South,OFF-ENV-35362,Office Supplies,Envelopes,Quality Park Catalog Envelopes,24.62,3,0,3.07
551,CA-2019-010697,2019-03-25,2019-03-26,Same Day,CUS-01072,James Williams,Home Office,United States,Dallas,Texas,31093,Central,OFF-FAS-53327,Office Supplies,Fasteners,Swingline Heavy Duty Stapler,30.18,3,0,3.36
552,CA-2019-010697,2019-03-25,2019-03-26,Same Day,CUS-01072,James Williams,Home Office,United States,Dallas,Texas,31093,Central,OFF-FAS-53327,Office Supplies,Fasteners,Swingline Heavy Duty Stapler,30.18,3,0,3.36
553,CA-2019-010697,2019-03-25,2019-03-26,Same Day,CUS-01072,James Williams,Home Office,United States,Dallas,Texas,31093,Central,OFF-FAS-53327,Office Supplies,Fasteners,Swingline Heavy Duty Stapler,30.18,3,0,3.36
554,CA-2019-010701,2022-09-17,2022-09-20,First Class,CUS-01102,Jennifer Garcia,Consumer,United States,Chicago,Illinois,51662,Central,OFF-LAB-78236,Office Supplies,Labels,Avery Easy Peel Labels,15.85,9,0,3.43
555,CA-2019-010701,2022-09-17,2022-09-20,First Class,CUS-01102,Jennifer Garcia,Consumer,United States,Chicago,Illinois,51662,Central,OFF-LAB-78236,Office Supplies,Labels,Avery Easy Peel Labels,15.85,9,0,3.43
556,CA-2019-010701,2022-09-17,2022-09-20,First Class,CUS-01102,Jennifer Garcia,Consumer,United States,Chicago,Illinois,51662,Central,OFF-LAB-78236,Office Supplies,Labels,Avery Easy Peel Labels,15.85,9,0,3.43
557,CA-2019-010701,2022-09-17,2022-09-20,First Class,CUS-01102,Jennifer Garcia,Consumer,United States,Chicago,Illinois,51662,Central,OFF-LAB-78236,Office Supplies,Labels,Avery Easy Peel Labels,15.85,9,0,3.43
558,CA-2019-010706,2020-03-29,2020-04-03,Second Class,CUS-01043,David White,Corporate,United States,Minneapolis,Minnesota,48479,Central,TEC-MAC-72240,Technology,Machines,Fellowes Powershred 79Ci,111.95,1,0,35.55
559,CA-2019-010706,2020-03-29,2020-04-03,Second Class,CUS-01043,David White,Corporate,United States,Minneapolis,Minnesota,48479,Central,TEC-MAC-72240,Technology,Machines,Fellowes Powershred 79Ci,111.95,1,0,35.55
560,CA-2019-010706,2020-03-29,2020-04-03,Second Class,CUS-01043,David White,Corporate,United States,Minneapolis,Minnesota,48479,Central,TEC-MAC-72240,Technology,Machines,Fellowes Powershred 79Ci,111.95,1,0,35.55
561,CA-2019-010706,2020-03-29,2020-04-03,Second Class,CUS-01043,David White,Corporate,United States,Minneapolis,Minnesota,48479,Central,TEC-MAC-72240,Technology,Machines,Fellowes Powershred 79Ci,111.95,1,0,35.55
562,CA-2020-010709,2022-06-26,2022-06-29,Second Class,CUS-01088,Sarah Williams,Corporate,United States,Kansas City,Missouri,24860,Central,FUR-BOO-47070,Furniture,Bookcases,Way2Furn 5-Shelf,104.21,9,0.3,26.65
563,CA-2020-010709,2022-06-26,2022-06-29,Second Class,CUS-01088,Sarah Williams,Corporate,United States,Kansas City,Missouri,24860,Central,FUR-BOO-47070,Furniture,Bookcases,Way2Furn 5-Shelf,104.21,9,0.3,26.65
564,CA-2020-010709,2022-06-26,2022-06-29,Second Class,CUS-01088,Sarah Williams,Corporate,United States,Kansas City,Missouri,24860,Central,FUR-BOO-47070,Furniture,Bookcases,Way2Furn 5-Shelf,104.21,9,0.3,26.65
565,CA-2020-010709,2022-06-26,2022-06-29,Second Class,CUS-01088,Sarah Williams,Corporate,United States,Kansas City,Missouri,24860,Central,FUR-BOO-47070,Furniture,Bookcases,Way2Furn 5-Shelf,104.21,9,0.3,26.65
566,CA-2022-010714,2020-08-30,2020-09-03,Second Class,CUS-01066,Margaret White,Home Office,United States,New York,New York,31940,East,OFF-SUP-92173,Office Supplies,Supplies,Pilot G2 Gel Pen 12-Pack,5.64,4,0.4,-1.08
567,CA-2022-010714,2020-08-30,2020-09-03,Second Class,CUS-01066,Margaret White,Home Office,United States,New York,New York,31940,East,OFF-SUP-92173,Office Supplies,Supplies,Pilot G2 Gel Pen 12-Pack,5.64,4,0.4,-1.08
568,CA-2022-010715,2022-11-06,2022-11-09,Second Class,CUS-01059,Jennifer Williams,Home Office,United States,Chicago,Illinois,21471,Central,TEC-PHO-43018,Technology,Phones,Samsung Galaxy S22,1703.44,10,0.1,705.9
569,CA-2022-010715,2022-11-06,2022-11-09,Second Class,CUS-01059,Jennifer Williams,Home Office,United States,Chicago,Illinois,21471,Central,TEC-PHO-43018,Technology,Phones,Samsung Galaxy S22,1703.44,10,0.1,705.9
570,CA-2022-010715,2022-11-06,2022-11-09,Second Class,CUS-01059,Jennifer Williams,Home Office,United States,Chicago,Illinois,21471,Central,TEC-PHO-43018,Technology,Phones,Samsung Galaxy S22,1703.44,10,0.1,705.9
571,CA-2022-010715,2022-11-06,2022-11-09,Second Class,CUS-01059,Jennifer Williams,Home Office,United States,Chicago,Illinois,21471,Central,TEC-PHO-43018,Technology,Phones,Samsung Galaxy S22,1703.44,10,0.1,705.9
572,CA-2022-010716,2022-07-14,2022-07-15,Same Day,CUS-01041,Emily Williams,Consumer,United States,Baltimore,Maryland,98250,East,TEC-MAC-94072,Technology,Machines,Zebra ZT411 Label Printer,696.61,2,0,230.13
573,CA-2021-010720,2019-08-06,2019-08-09,First Class,CUS-01078,Donald Davis,Corporate,United States,Boston,Massachusetts,67367,East,FUR-FUR-14039,Furniture,Furnishings,Lorell Dry-Erase Board,197.38,9,0.1,20.64
574,CA-2021-010720,2019-08-06,2019-08-09,First Class,CUS-01078,Donald Davis,Corporate,United States,Boston,Massachusetts,67367,East,FUR-FUR-14039,Furniture,Furnishings,Lorell Dry-Erase Board,197.38,9,0.1,20.64
575,CA-2021-010720,2019-08-06,2019-08-09,First Class,CUS-01078,Donald Davis,Corporate,United States,Boston,Massachusetts,67367,East,FUR-FUR-14039,Furniture,Furnishings,Lorell Dry-Erase Board,197.38,9,0.1,20.64
576,CA-2021-010720,2019-08-06,2019-08-09,First Class,CUS-01078,Donald Davis,Corporate,United States,Boston,Massachusetts,67367,East,FUR-FUR-14039,Furniture,Furnishings,Lorell Dry-Erase Board,197.38,9,0.1,20.64
577,CA-2021-010725,2020-09-02,2020-09-04,First Class,CUS-01071,Joseph Lee,Consumer,United States,Los Angeles,California,15475,West,TEC-MAC-61653,Technology,Machines,Fellowes Powershred 79Ci,150.6,2,0.2,20.18
578,CA-2021-010725,2020-09-02,2020-09-04,First Class,CUS-01071,Joseph Lee,Consumer,United States,Los Angeles,California,15475,West,TEC-MAC-61653,Technology,Machines,Fellowes Powershred 79Ci,150.6,2,0.2,20.18
579,CA-2021-010725,2020-09-02,2020-09-04,First Class,CUS-01071,Joseph Lee,Consumer,United States,Los Angeles,California,15475,West,TEC-MAC-61653,Technology,Machines,Fellowes Powershred 79Ci,150.6,2,0.2,20.18
580,CA-2020-010727,2022-08-15,2022-08-18,Second Class,CUS-01024,Daniel Miller,Home Office,United States,Phoenix,Arizona,43127,West,TEC-PHO-97946,Technology,Phones,Samsung Galaxy S22,499.33,1,0.5,-76.86
581,CA-2021-010731,2020-05-28,2020-06-02,Standard Class,CUS-01093,Patricia Garcia,Corporate,United States,Miami,Florida,56810,South,TEC-COM-47373,Technology,Computers,Dell Inspiron 15,1181.9,4,0.3,288.79
582,CA-2021-010731,2020-05-28,2020-06-02,Standard Class,CUS-01093,Patricia Garcia,Corporate,United States,Miami,Florida,56810,South,TEC-COM-47373,Technology,Computers,Dell Inspiron 15,1181.9,4,0.3,288.79
583,CA-2021-010731,2020-05-28,2020-06-02,Standard Class,CUS-01093,Patricia Garcia,Corporate,United States,Miami,Florida,56810,South,TEC-COM-47373,Technology,Computers,Dell Inspiron 15,1181.9,4,0.3,288.79
584,CA-2021-010732,2019-11-09,2019-11-12,First Class,CUS-01055,James Perez,Corporate,United States,Los Angeles,California,51053,West,TEC-COM-46264,Technology,Computers,Apple MacBook Air,826.96,3,0.3,331.74
585,CA-2021-010732,2019-11-09,2019-11-12,First Class,CUS-01055,James Perez,Corporate,United States,Los Angeles,California,51053,West,TEC-COM-46264,Technology,Computers,Apple MacBook Air,826.96,3,0.3,331.74
586,CA-2021-010732,2019-11-09,2019-11-12,First Class,CUS-01055,James Perez,Corporate,United States,Los Angeles,California,51053,West,TEC-COM-46264,Technology,Computers,Apple MacBook Air,826.96,3,0.3,331.74
587,CA-2021-010732,2019-11-09,2019-11-12,First Class,CUS-01055,James Perez,Corporate,United States,Los Angeles,California,51053,West,TEC-COM-46264,Technology,Computers,Apple MacBook Air,826.96,3,0.3,331.74
588,CA-2022-010737,2020-09-17,2020-09-17,Same Day,CUS-01023,Betty Garcia,Corporate,United States,Boston,Massachusetts,28350,East,OFF-LAB-92132,Office Supplies,Labels,Staples Multipurpose Labels,14.59,2,0,5.69
589,CA-2022-010740,2020-03-11,2020-03-18,Standard Class,CUS-01034,Christopher Miller,Home Office,United States,Atlanta,Georgia,57948,South,FUR-TAB-48141,Furniture,Tables,Realspace Magellan Corner Desk,2018.64,9,0,421.32
590,CA-2020-010745,2022-11-02,2022-11-07,Second Class,CUS-01018,Betty Lee,Consumer,United States,Atlanta,Georgia,33480,South,OFF-ART-73373,Office Supplies,Art,Sharpie Permanent Markers,19.1,1,0.1,6.78
591,CA-2020-010745,2022-11-02,2022-11-07,Second Class,CUS-01018,Betty Lee,Consumer,United States,Atlanta,Georgia,33480,South,OFF-ART-73373,Office Supplies,Art,Sharpie Permanent Markers,19.1,1,0.1,6.78
592,CA-2019-010750,2021-01-26,2021-01-29,Second Class,CUS-01086,Mark Jones,Corporate,United States,Phoenix,Arizona,57349,West,FUR-FUR-16086,Furniture,Furnishings,Master Caster Doorstop,43.89,6,0,14.55
593,CA-2019-010750,2021-01-26,2021-01-29,Second Class,CUS-01086,Mark Jones,Corporate,United States,Phoenix,Arizona,57349,West,FUR-FUR-16086,Furniture,Furnishings,Master Caster Doorstop,43.89,6,0,14.55
594,CA-2019-010750,2021-01-26,2021-01-29,Second Class,CUS-01086,Mark Jones,Corporate,United States,Phoenix,Arizona,57349,West,FUR-FUR-16086,Furniture,Furnishings,Master Caster Doorstop,43.89,6,0,14.55
595,CA-2021-010753,2022-01-19,2022-01-23,Second Class,CUS-01084,Nancy Brown,Consumer,United States,Miami,Florida,87028,South,OFF-PAP-42975,Office Supplies,Paper,Georgia-Pacific Copy Paper,19.55,4,0.4,-1.87
596,CA-2021-010753,2022-01-19,2022-01-23,Second Class,CUS-01084,Nancy Brown,Consumer,United States,Miami,Florida,87028,South,OFF-PAP-42975,Office Supplies,Paper,Georgia-Pacific Copy Paper,19.55,4,0.4,-1.87
597,CA-2021-010753,2022-01-19,2022-01-23,Second Class,CUS-01084,Nancy Brown,Consumer,United States,Miami,Florida,87028,South,OFF-PAP-42975,Office Supplies,Paper,Georgia-Pacific Copy Paper,19.55,4,0.4,-1.87
598,CA-2022-010758,2022-05-22,2022-05-29,Standard Class,CUS-01113,Michael Williams,Home Office,United States,Portland,Oregon,31706,West,TEC-PHO-37723,Technology,Phones,Google Pixel 7,733.4,3,0.3,213.28
599,CA-2020-010762,2020-11-07,2020-11-13,Standard Class,CUS-01087,Susan Martinez,Corporate,United States,Charlotte,North Carolina,37617,South,OFF-ART-63857,Office Supplies,Art,Sharpie Permanent Markers,1.97,1,0,0.55
600,CA-2020-010762,2020-11-07,2020-11-13,Standard Class,CUS-01087,Susan Martinez,Corporate,United States,Charlotte,North Carolina,37617,South,OFF-ART-63857,Office Supplies,Art,Sharpie Permanent Markers,1.97,1,0,0.55
601,CA-2020-010766,2019-03-22,2019-03-25,Second Class,CUS-01022,Karen Taylor,Home Office,United States,Dallas,Texas,77717,Central,FUR-CHA-21239,Furniture,Chairs,Herman Miller Aeron,661.1,10,0.5,-131.2
602,CA-2020-010766,2019-03-22,2019-03-25,Second Class,CUS-01022,Karen Taylor,Home Office,United States,Dallas,Texas,77717,Central,FUR-CHA-21239,Furniture,Chairs,Herman Miller Aeron,661.1,10,0.5,-131.2
603,CA-2020-010771,2022-05-15,2022-05-20,Second Class,CUS-01106,John Perez,Consumer,United States,Phoenix,Arizona,96461,West,OFF-FAS-99861,Office Supplies,Fasteners,Swingline Heavy Duty Stapler,47.01,8,0,6.67
604,CA-2020-010771,2022-05-15,2022-05-20,Second Class,CUS-01106,John Perez,Consumer,United States,Phoenix,Arizona,96461,West,OFF-FAS-99861,Office Supplies,Fasteners,Swingline Heavy Duty Stapler,47.01,8,0,6.67
605,CA-2020-010771,2022-05-15,2022-05-20,Second Class,CUS-01106,John Perez,Consumer,United States,Phoenix,Arizona,96461,West,OFF-FAS-99861,Office Supplies,Fasteners,Swingline Heavy Duty Stapler,47.01,8,0,6.67
606,CA-2020-010771,2022-05-15,2022-05-20,Second Class,CUS-01106,John Perez,Consumer,United States,Phoenix,Arizona,96461,West,OFF-FAS-99861,Office Supplies,Fasteners,Swingline Heavy Duty Stapler,47.01,8,0,6.67
607,CA-2020-010775,2019-02-03,2019-02-08,Second Class,CUS-01111,Lisa Taylor,Corporate,United States,Atlanta,Georgia,89365,South,TEC-COM-90576,Technology,Computers,Apple MacBook Air,5574.32,9,0,486.5
608,CA-2020-010775,2019-02-03,2019-02-08,Second Class,CUS-01111,Lisa Taylor,Corporate,United States,Atlanta,Georgia,89365,South,TEC-COM-90576,Technology,Computers,Apple MacBook Air,5574.32,9,0,486.5
609,CA-2019-010776,2021-12-05,2021-12-06,Same Day,CUS-01112,Robert Smith,Corporate,United States,Washington,District of Columbia,66224,East,TEC-COP-55943,Technology,Copiers,Xerox B210,3352.86,10,0,738.29
610,CA-2019-010776,2021-12-05,2021-12-06,Same Day,CUS-01112,Robert Smith,Corporate,United States,Washington,District of Columbia,66224,East,TEC-COP-55943,Technology,Copiers,Xerox B210,3352.86,10,0,738.29
611,CA-2019-010776,2021-12-05,2021-12-06,Same Day,CUS-01112,Robert Smith,Corporate,United States,Washington,District of Columbia,66224,East,TEC-COP-55943,Technology,Copiers,Xerox B210,3352.86,10,0,738.29
612,CA-2022-010780,2019-06-21,2019-06-24,First Class,CUS-01033,Robert Miller,Home Office,United States,Los Angeles,California,10932,West,OFF-SUP-78126,Office Supplies,Supplies,Pilot G2 Gel Pen 12-Pack,8.92,4,0.3,1.9
613,CA-2020-010782,2022-08-27,2022-08-30,First Class,CUS-01110,Margaret Jones,Home Office,United States,Nashville,Tennessee,57925,South,OFF-FAS-62095,Office Supplies,Fasteners,3M Post-it Flags,40.05,7,0.5,-2.43
614,CA-2020-010782,2022-08-27,2022-08-30,First Class,CUS-01110,Margaret Jones,Home Office,United States,Nashville,Tennessee,57925,South,OFF-FAS-62095,Office Supplies,Fasteners,3M Post-it Flags,40.05,7,0.5,-2.43
615,CA-2020-010782,2022-08-27,2022-08-30,First Class,CUS-01110,Margaret Jones,Home Office,United States,Nashville,Tennessee,57925,South,OFF-FAS-62095,Office Supplies,Fasteners,3M Post-it Flags,40.05,7,0.5,-2.43
616,CA-2020-010782,2022-08-27,2022-08-30,First Class,CUS-01110,Margaret Jones,Home Office,United States,Nashville,Tennessee,57925,South,OFF-FAS-62095,Office Supplies,Fasteners,3M Post-it Flags,40.05,7,0.5,-2.43
617,CA-2021-010786,2022-03-29,2022-04-01,First Class,CUS-01095,Ashley Hernandez,Corporate,United States,Los Angeles,California,40116,West,FUR-TAB-38109,Furniture,Tables,IKEA Bekant Desk,3096.0,6,0,353.86
618,CA-2019-010789,2021-08-23,2021-08-23,Same Day,CUS-01009,Karen Smith,Consumer,United States,Dallas,Texas,58606,Central,TEC-MAC-60374,Technology,Machines,Zebra ZT411 Label Printer,2374.66,7,0.2,794.66
619,CA-2020-010791,2021-06-18,2021-06-23,Standard Class,CUS-01109,Christopher Davis,Corporate,United States,Dallas,Texas,14405,Central,OFF-SUP-40365,Office Supplies,Supplies,Scotch Magic Tape,13.3,1,0.3,1.94
620,CA-2020-010795,2020-07-19,2020-07-20,Same Day,CUS-01086,Mark Jones,Corporate,United States,Charlotte,North Carolina,86818,South,TEC-MAC-18993,Technology,Machines,Zebra ZT411 Label Printer,1007.77,9,0.2,343.1
621,CA-2020-010795,2020-07-19,2020-07-20,Same Day,CUS-01086,Mark Jones,Corporate,United States,Charlotte,North Carolina,86818,South,TEC-MAC-18993,Technology,Machines,Zebra ZT411 Label Printer,1007.77,9,0.2,343.1
622,CA-2020-010795,2020-07-19,2020-07-20,Same Day,CUS-01086,Mark Jones,Corporate,United States,Charlotte,North Carolina,86818,South,TEC-MAC-18993,Technology,Machines,Zebra ZT411 Label Printer,1007.77,9,0.2,343.1
623,CA-2021-010796,2020-04-08,2020-04-12,Second Class,CUS-01120,Lisa White,Consumer,United States,Nashville,Tennessee,10609,South,FUR-TAB-76353,Furniture,Tables,Sauder Palladia Desk,324.7,2,0.2,60.39
624,CA-2021-010799,2022-03-23,2022-03-26,First Class,CUS-01049,Linda Hernandez,Corporate,United States,Atlanta,Georgia,54520,South,FUR-FUR-13584,Furniture,Furnishings,Lorell Dry-Erase Board,247.16,5,0,50.19
625,CA-2021-010799,2022-03-23,2022-03-26,First Class,CUS-01049,Linda Hernandez,Corporate,United States,Atlanta,Georgia,54520,South,FUR-FUR-13584,Furniture,Furnishings,Lorell Dry-Erase Board,247.16,5,0,50.19
626,CA-2020-010804,2021-04-24,2021-04-26,First Class,CUS-01090,James Williams,Consumer,United States,Dallas,Texas,47655,Central,TEC-COP-19965,Technology,Copiers,Ricoh IM C300,723.35,3,0.5,-63.49
627,CA-2020-010804,2021-04-24,2021-04-26,First Class,CUS-01090,James Williams,Consumer,United States,Dallas,Texas,47655,Central,TEC-COP-19965,Technology,Copiers,Ricoh IM C300,723.35,3,0.5,-63.49
628,CA-2021-010807,2022-10-31,2022-11-04,Second Class,CUS-01095,Ashley Hernandez,Corporate,United States,Seattle,Washington,41726,West,FUR-TAB-36577,Furniture,Tables,IKEA Bekant Desk,5392.93,10,0.3,606.16
629,CA-2019-010809,2022-10-16,2022-10-16,Same Day,CUS-01098,Patricia Clark,Corporate,United States,Baltimore,Maryland,58653,East,OFF-ENV-85303,Office Supplies,Envelopes,Staples 10-Envelope Box,92.8,8,0,41.18
630,CA-2019-010809,2022-10-16,2022-10-16,Same Day,CUS-01098,Patricia Clark,Corporate,United States,Baltimore,Maryland,58653,East,OFF-ENV-85303,Office Supplies,Envelopes,Staples 10-Envelope Box,92.8,8,0,41.18
631,CA-2019-010809,2022-10-16,2022-10-16,Same Day,CUS-01098,Patricia Clark,Corporate,United States,Baltimore,Maryland,58653,East,OFF-ENV-85303,Office Supplies,Envelopes,Staples 10-Envelope Box,92.8,8,0,41.18
632,CA-2022-010810,2022-03-27,2022-03-30,Second Class,CUS-01068,Mark Brown,Consumer,United States,Charlotte,North Carolina,80879,South,TEC-MAC-61605,Technology,Machines,Dymo LabelWriter 450,149.53,3,0.5,-32.94
633,CA-2022-010810,2022-03-27,2022-03-30,Second Class,CUS-01068,Mark Brown,Consumer,United States,Charlotte,North Carolina,80879,South,TEC-MAC-61605,Technology,Machines,Dymo LabelWriter 450,149.53,3,0.5,-32.94
634,CA-2022-010810,2022-03-27,2022-03-30,Second Class,CUS-01068,Mark Brown,Consumer,United States,Charlotte,North Carolina,80879,South,TEC-MAC-61605,Technology,Machines,Dymo LabelWriter 450,149.53,3,0.5,-32.94
635,CA-2022-010810,2022-03-27,2022-03-30,Second Class,CUS-01068,Mark Brown,Consumer,United States,Charlotte,North Carolina,80879,South,TEC-MAC-61605,Technology,Machines,Dymo LabelWriter 450,149.53,3,0.5,-32.94
636,CA-2021-010812,2019-01-25,2019-01-29,Second Class,CUS-01075,Sarah Martinez,Home Office,United States,Boston,Massachusetts,57395,East,OFF-FAS-81901,Office Supplies,Fasteners,Swingline Heavy Duty Stapler,15.99,5,0.5,-3.47
637,CA-2021-010812,2019-01-25,2019-01-29,Second Class,CUS-01075,Sarah Martinez,Home Office,United States,Boston,Massachusetts,57395,East,OFF-FAS-81901,Office Supplies,Fasteners,Swingline Heavy Duty Stapler,15.99,5,0.5,-3.47
638,CA-2021-010812,2019-01-25,2019-01-29,Second Class,CUS-01075,Sarah Martinez,Home Office,United States,Boston,Massachusetts,57395,East,OFF-FAS-81901,Office Supplies,Fasteners,Swingline Heavy Duty Stapler,15.99,5,0.5,-3.47
639,CA-2021-010813,2021-10-18,2021-10-18,Same Day,CUS-01054,David Martin,Home Office,United States,Minneapolis,Minnesota,62506,Central,FUR-FUR-84895,Furniture,Furnishings,Deflect-O Chair Mat,113.45,10,0.1,42.62
640,CA-2021-010813,2021-10-18,2021-10-18,Same Day,CUS-01054,David Martin,Home Office,United States,Minneapolis,Minnesota,62506,Central,FUR-FUR-84895,Furniture,Furnishings,Deflect-O Chair Mat,113.45,10,0.1,42.62
641,CA-2021-010813,2021-10-18,2021-10-18,Same Day,CUS-01054,David Martin,Home Office,United States,Minneapolis,Minnesota,62506,Central,FUR-FUR-84895,Furniture,Furnishings,Deflect-O Chair Mat,113.45,10,0.1,42.62
642,CA-2020-010815,2021-06-04,2021-06-04,Same Day,CUS-01019,Robert Johnson,Home Office,United States,Portland,Oregon,11276,West,TEC-COP-27625,Technology,Copiers,Xerox B210,3136.72,9,0.3,1142.18
643,CA-2020-010815,2021-06-04,2021-06-04,Same Day,CUS-01019,Robert Johnson,Home Office,United States,Portland,Oregon,11276,West,TEC-COP-27625,Technology,Copiers,Xerox B210,3136.72,9,0.3,1142.18
644,CA-2020-010815,2021-06-04,2021-06-04,Same Day,CUS-01019,Robert Johnson,Home Office,United States,Portland,Oregon,11276,West,TEC-COP-27625,Technology,Copiers,Xerox B210,3136.72,9,0.3,1142.18
645,CA-2021-010820,2022-03-08,2022-03-14,Standard Class,CUS-01013,Michael Gonzalez,Corporate,United States,Los Angeles,California,38241,West,FUR-FUR-22622,Furniture,Furnishings,Lorell Dry-Erase Board,149.24,6,0.2,29.01
646,CA-2021-010820,2022-03-08,2022-03-14,Standard Class,CUS-01013,Michael Gonzalez,Corporate,United States,Los Angeles,California,38241,West,FUR-FUR-22622,Furniture,Furnishings,Lorell Dry-Erase Board,149.24,6,0.2,29.01
647,CA-2021-010820,2022-03-08,2022-03-14,Standard Class,CUS-01013,Michael Gonzalez,Corporate,United States,Los Angeles,California,38241,West,FUR-FUR-22622,Furniture,Furnishings,Lorell Dry-Erase Board,149.24,6,0.2,29.01
648,CA-2021-010825,2021-04-23,2021-04-29,Standard Class,CUS-01112,Robert Smith,Corporate,United States,Phoenix,Arizona,85483,West,OFF-SUP-47304,Office Supplies,Supplies,Pilot G2 Gel Pen 12-Pack,13.76,9,0.5,-2.48
649,CA-2021-010825,2021-04-23,2021-04-29,Standard Class,CUS-01112,Robert Smith,Corporate,United States,Phoenix,Arizona,85483,West,OFF-SUP-47304,Office Supplies,Supplies,Pilot G2 Gel Pen 12-Pack,13.76,9,0.5,-2.48
650,CA-2021-010825,2021-04-23,2021-04-29,Standard Class,CUS-01112,Robert Smith,Corporate,United States,Phoenix,Arizona,85483,West,OFF-SUP-47304,Office Supplies,Supplies,Pilot G2 Gel Pen 12-Pack,13.76,9,0.5,-2.48
651,CA-2021-010825,2021-04-23,2021-04-29,Standard Class,CUS-01112,Robert Smith,Corporate,United States,Phoenix,Arizona,85483,West,OFF-SUP-47304,Office Supplies,Supplies,Pilot G2 Gel Pen 12-Pack,13.76,9,0.5,-2.48
652,CA-2019-010826,2022-06-10,2022-06-13,First Class,CUS-01081,Daniel Anderson,Corporate,United States,Seattle,Washington,93962,West,FUR-FUR-90256,Furniture,Furnishings,Lorell Dry-Erase Board,114.47,2,0,13.14
653,CA-2019-010826,2022-06-10,2022-06-13,First Class,CUS-01081,Daniel Anderson,Corporate,United States,Seattle,Washington,93962,West,FUR-FUR-90256,Furniture,Furnishings,Lorell Dry-Erase Board,114.47,2,0,13.14
654,CA-2021-010830,2022-08-30,2022-09-02,First Class,CUS-01078,Donald Davis,Corporate,United States,Miami,Florida,68313,South,FUR-FUR-31930,Furniture,Furnishings,Master Caster Doorstop,15.67,1,0,5.34
655,CA-2021-010830,2022-08-30,2022-09-02,First Class,CUS-01078,Donald Davis,Corporate,United States,Miami,Florida,68313,South,FUR-FUR-31930,Furniture,Furnishings,Master Caster Doorstop,15.67,1,0,5.34
656,CA-2021-010830,2022-08-30,2022-09-02,First Class,CUS-01078,Donald Davis,Corporate,United States,Miami,Florida,68313,South,FUR-FUR-31930,Furniture,Furnishings,Master Caster Doorstop,15.67,1,0,5.34
657,CA-2019-010833,2019-12-08,2019-12-08,Same Day,CUS-01013,Michael Gonzalez,Corporate,United States,Baltimore,Maryland,81884,East,TEC-PHO-78679,Technology,Phones,Motorola Moto G,964.0,2,0,149.4
658,CA-2019-010833,2019-12-08,2019-12-08,Same Day,CUS-01013,Michael Gonzalez,Corporate,United States,Baltimore,Maryland,81884,East,TEC-PHO-78679,Technology,Phones,Motorola Moto G,964.0,2,0,149.4
659,CA-2019-010835,2020-09-25,2020-09-28,Second Class,CUS-01095,Ashley Hernandez,Corporate,United States,Kansas City,Missouri,92114,Central,TEC-COM-13744,Technology,Computers,HP Pavilion 14,470.63,6,0.3,186.22
660,CA-2019-010835,2020-09-25,2020-09-28,Second Class,CUS-01095,Ashley Hernandez,Corporate,United States,Kansas City,Missouri,92114,Central,TEC-COM-13744,Technology,Computers,HP Pavilion 14,470.63,6,0.3,186.22
661,CA-2019-010835,2020-09-25,2020-09-28,Second Class,CUS-01095,Ashley Hernandez,Corporate,United States,Kansas City,Missouri,92114,Central,TEC-COM-13744,Technology,Computers,HP Pavilion 14,470.63,6,0.3,186.22
662,CA-2019-010835,2020-09-25,2020-09-28,Second Class,CUS-01095,Ashley Hernandez,Corporate,United States,Kansas City,Missouri,92114,Central,TEC-COM-13744,Technology,Computers,HP Pavilion 14,470.63,6,0.3,186.22
663,CA-2021-010839,2021-06-30,2021-07-05,Second Class,CUS-01070,Mary Lee,Home Office,United States,Phoenix,Arizona,88326,West,FUR-FUR-93858,Furniture,Furnishings,Lorell Dry-Erase Board,220.99,5,0.3,53.62
664,CA-2021-010839,2021-06-30,2021-07-05,Second Class,CUS-01070,Mary Lee,Home Office,United States,Phoenix,Arizona,88326,West,FUR-FUR-93858,Furniture,Furnishings,Lorell Dry-Erase Board,220.99,5,0.3,53.62
665,CA-2019-010844,2020-09-22,2020-09-25,First Class,CUS-01034,Christopher Miller,Home Office,United States,San Francisco,California,11383,West,TEC-MAC-55073,Technology,Machines,Zebra ZT411 Label Printer,432.53,9,0,140.62
666,CA-2019-010844,2020-09-22,2020-09-25,First Class,CUS-01034,Christopher Miller,Home Office,United States,San Francisco,California,11383,West,TEC-MAC-55073,Technology,Machines,Zebra ZT411 Label Printer,432.53,9,0,140.62
667,CA-2019-010844,2020-09-22,2020-09-25,First Class,CUS-01034,Christopher Miller,Home Office,United States,San Francisco,California,11383,West,TEC-MAC-55073,Technology,Machines,Zebra ZT411 Label Printer,432.53,9,0,140.62
668,CA-2019-010844,2020-09-22,2020-09-25,First Class,CUS-01034,Christopher Miller,Home Office,United States,San Francisco,California,11383,West,TEC-MAC-55073,Technology,Machines,Zebra ZT411 Label Printer,432.53,9,0,140.62
669,CA-2022-010848,2019-01-19,2019-01-20,Same Day,CUS-01077,William Clark,Home Office,United States,Los Angeles,California,81855,West,FUR-TAB-83472,Furniture,Tables,Sauder Palladia Desk,460.5,4,0,154.72
670,CA-2022-010848,2019-01-19,2019-01-20,Same Day,CUS-01077,William Clark,Home Office,United States,Los Angeles,California,81855,West,FUR-TAB-83472,Furniture,Tables,Sauder Palladia Desk,460.5,4,0,154.72
671,CA-2022-010848,2019-01-19,2019-01-20,Same Day,CUS-01077,William Clark,Home Office,United States,Los Angeles,California,81855,West,FUR-TAB-83472,Furniture,Tables,Sauder Palladia Desk,460.5,4,0,154.72
672,CA-2022-010848,2019-01-19,2019-01-20,Same Day,CUS-01077,William Clark,Home Office,United States,Los Angeles,California,81855,West,FUR-TAB-83472,Furniture,Tables,Sauder Palladia Desk,460.5,4,0,154.72
673,CA-2022-010851,2020-06-22,2020-06-28,Standard Class,CUS-01081,Daniel Anderson,Corporate,United States,Phoenix,Arizona,90375,West,OFF-FAS-94994,Office Supplies,Fasteners,Acme Scissors,135.35,5,0.4,-8.47
674,CA-2020-010853,2020-08-16,2020-08-23,Standard Class,CUS-01059,Jennifer Williams,Home Office,United States,Miami,Florida,91625,South,FUR-TAB-12542,Furniture,Tables,Sauder Palladia Desk,2146.72,9,0,267.0
675,CA-2021-010855,2019-09-14,2019-09-14,Same Day,CUS-01030,Joseph White,Corporate,United States,Philadelphia,Pennsylvania,11930,East,FUR-TAB-65082,Furniture,Tables,Sauder Palladia Desk,2031.22,8,0.3,478.3
676,CA-2021-010858,2019-10-27,2019-11-02,Standard Class,CUS-01100,Donald Jackson,Home Office,United States,Houston,Texas,81197,South,FUR-TAB-42778,Furniture,Tables,IKEA Bekant Desk,378.32,1,0,166.4
677,CA-2021-010858,2019-10-27,2019-11-02,Standard Class,CUS-01100,Donald Jackson,Home Office,United States,Houston,Texas,81197,South,FUR-TAB-42778,Furniture,Tables,IKEA Bekant Desk,378.32,1,0,166.4
678,CA-2022-010859,2020-05-21,2020-05-26,Standard Class,CUS-01059,Jennifer Williams,Home Office,United States,Washington,District of Columbia,97294,East,TEC-COP-99318,Technology,Copiers,Xerox B210,8714.74,6,0,2628.94
679,CA-2019-010863,2021-09-12,2021-09-14,First Class,CUS-01047,Linda White,Home Office,United States,Philadelphia,Pennsylvania,24801,East,TEC-COP-11974,Technology,Copiers,Ricoh IM C300,1249.58,5,0,260.31
680,CA-2019-010863,2021-09-12,2021-09-14,First Class,CUS-01047,Linda White,Home Office,United States,Philadelphia,Pennsylvania,24801,East,TEC-COP-11974,Technology,Copiers,Ricoh IM C300,1249.58,5,0,260.31
681,CA-2019-010866,2022-04-05,2022-04-05,Same Day,CUS-01048,Karen Thompson,Corporate,United States,Philadelphia,Pennsylvania,30669,East,FUR-CHA-91937,Furniture,Chairs,Herman Miller Aeron,825.85,6,0,272.97
682,CA-2020-010867,2020-04-21,2020-04-24,First Class,CUS-01104,Margaret Brown,Home Office,United States,Atlanta,Georgia,12798,South,OFF-APP-27659,Office Supplies,Appliances,Bostitch QuietSharp Sharpener,8.6,1,0.5,-1.43
683,CA-2020-010867,2020-04-21,2020-04-24,First Class,CUS-01104,Margaret Brown,Home Office,United States,Atlanta,Georgia,12798,South,OFF-APP-27659,Office Supplies,Appliances,Bostitch QuietSharp Sharpener,8.6,1,0.5,-1.43
684,CA-2020-010867,2020-04-21,2020-04-24,First Class,CUS-01104,Margaret Brown,Home Office,United States,Atlanta,Georgia,12798,South,OFF-APP-27659,Office Supplies,Appliances,Bostitch QuietSharp Sharpener,8.6,1,0.5,-1.43
685,CA-2022-010871,2022-03-06,2022-03-11,Second Class,CUS-01045,Ashley Jackson,Corporate,United States,Kansas City,Missouri,46087,Central,OFF-SUP-19027,Office Supplies,Supplies,Pilot G2 Gel Pen 12-Pack,35.86,8,0.2,13.55
686,CA-2022-010871,2022-03-06,2022-03-11,Second Class,CUS-01045,Ashley Jackson,Corporate,United States,Kansas City,Missouri,46087,Central,OFF-SUP-19027,Office Supplies,Supplies,Pilot G2 Gel Pen 12-Pack,35.86,8,0.2,13.55
687,CA-2022-010871,2022-03-06,2022-03-11,Second Class,CUS-01045,Ashley Jackson,Corporate,United States,Kansas City,Missouri,46087,Central,OFF-SUP-19027,Office Supplies,Supplies,Pilot G2 Gel Pen 12-Pack,35.86,8,0.2,13.55
688,CA-2022-010873,2022-07-30,2022-07-30,Same Day,CUS-01114,Jessica Jackson,Corporate,United States,Washington,District of Columbia,57720,East,OFF-LAB-18302,Office Supplies,Labels,Staples Multipurpose Labels,33.41,9,0.4,-2.1
689,CA-2022-010873,2022-07-30,2022-07-30,Same Day,CUS-01114,Jessica Jackson,Corporate,United States,Washington,District of Columbia,57720,East,OFF-LAB-18302,Office Supplies,Labels,Staples Multipurpose Labels,33.41,9,0.4,-2.1
690,CA-2022-010873,2022-07-30,2022-07-30,Same Day,CUS-01114,Jessica Jackson,Corporate,United States,Washington,District of Columbia,57720,East,OFF-LAB-18302,Office Supplies,Labels,Staples Multipurpose Labels,33.41,9,0.4,-2.1
691,CA-2022-010873,2022-07-30,2022-07-30,Same Day,CUS-01114,Jessica Jackson,Corporate,United States,Washington,District of Columbia,57720,East,OFF-LAB-18302,Office Supplies,Labels,Staples Multipurpose Labels,33.41,9,0.4,-2.1
692,CA-2020-010874,2020-08-02,2020-08-05,First Class,CUS-01083,Michael Johnson,Corporate,United States,Chicago,Illinois,22616,Central,OFF-PAP-27009,Office Supplies,Paper,Hammermill Premium Copy Paper,6.64,1,0.1,0.61
693,CA-2020-010874,2020-08-02,2020-08-05,First Class,CUS-01083,Michael Johnson,Corporate,United States,Chicago,Illinois,22616,Central,OFF-PAP-27009,Office Supplies,Paper,Hammermill Premium Copy Paper,6.64,1,0.1,0.61
694,CA-2019-010879,2022-03-15,2022-03-16,Same Day,CUS-01068,Mark Brown,Consumer,United States,Chicago,Illinois,58018,Central,TEC-MAC-19289,Technology,Machines,Fellowes Powershred 79Ci,187.42,4,0.5,-39.49
695,CA-2022-010880,2021-01-09,2021-01-10,Same Day,CUS-01102,Jennifer Garcia,Consumer,United States,Washington,District of Columbia,44840,East,OFF-BIN-19225,Office Supplies,Binders,Mead Flex Binder,44.75,2,0.1,19.43
696,CA-2019-010881,2021-12-24,2021-12-24,Same Day,CUS-01025,Karen Harris,Home Office,United States,Phoenix,Arizona,91962,West,TEC-MAC-83156,Technology,Machines,Fellowes Powershred 79Ci,83.46,2,0.3,26.69
697,CA-2019-010881,2021-12-24,2021-12-24,Same Day,CUS-01025,Karen Harris,Home Office,United States,Phoenix,Arizona,91962,West,TEC-MAC-83156,Technology,Machines,Fellowes Powershred 79Ci,83.46,2,0.3,26.69
698,CA-2019-010881,2021-12-24,2021-12-24,Same Day,CUS-01025,Karen Harris,Home Office,United States,Phoenix,Arizona,91962,West,TEC-MAC-83156,Technology,Machines,Fellowes Powershred 79Ci,83.46,2,0.3,26.69
699,CA-2019-010881,2021-12-24,2021-12-24,Same Day,CUS-01025,Karen Harris,Home Office,United States,Phoenix,Arizona,91962,West,TEC-MAC-83156,Technology,Machines,Fellowes Powershred 79Ci,83.46,2,0.3,26.69
700,CA-2019-010883,2020-01-05,2020-01-06,Same Day,CUS-01085,Richard Miller,Home Office,United States,Phoenix,Arizona,88632,West,FUR-BOO-82100,Furniture,Bookcases,Sauder Cottage Road Bookcase,363.85,6,0.3,78.2
701,CA-2019-010883,2020-01-05,2020-01-06,Same Day,CUS-01085,Richard Miller,Home Office,United States,Phoenix,Arizona,88632,West,FUR-BOO-82100,Furniture,Bookcases,Sauder Cottage Road Bookcase,363.85,6,0.3,78.2
702,CA-2019-010883,2020-01-05,2020-01-06,Same Day,CUS-01085,Richard Miller,Home Office,United States,Phoenix,Arizona,88632,West,FUR-BOO-82100,Furniture,Bookcases,Sauder Cottage Road Bookcase,363.85,6,0.3,78.2
703,CA-2019-010883,2020-01-05,2020-01-06,Same Day,CUS-01085,Richard Miller,Home Office,United States,Phoenix,Arizona,88632,West,FUR-BOO-82100,Furniture,Bookcases,Sauder Cottage Road Bookcase,363.85,6,0.3,78.2
704,CA-2021-010885,2020-05-07,2020-05-11,Second Class,CUS-01099,Patricia Johnson,Home Office,United States,Minneapolis,Minnesota,69297,Central,FUR-FUR-14543,Furniture,Furnishings,Deflect-O Chair Mat,620.11,10,0,159.4
705,CA-2021-010885,2020-05-07,2020-05-11,Second Class,CUS-01099,Patricia Johnson,Home Office,United States,Minneapolis,Minnesota,69297,Central,FUR-FUR-14543,Furniture,Furnishings,Deflect-O Chair Mat,620.11,10,0,159.4
706,CA-2021-010885,2020-05-07,2020-05-11,Second Class,CUS-01099,Patricia Johnson,Home Office,United States,Minneapolis,Minnesota,69297,Central,FUR-FUR-14543,Furniture,Furnishings,Deflect-O Chair Mat,620.11,10,0,159.4
707,CA-2019-010890,2020-03-30,2020-04-03,Second Class,CUS-01003,William Clark,Consumer,United States,Columbus,Ohio,77013,Central,OFF-ART-14946,Office Supplies,Art,Crayola Colored Pencils,33.51,3,0,5.22
708,CA-2019-010890,2020-03-30,2020-04-03,Second Class,CUS-01003,William Clark,Consumer,United States,Columbus,Ohio,77013,Central,OFF-ART-14946,Office Supplies,Art,Crayola Colored Pencils,33.51,3,0,5.22
709,CA-2020-010893,2020-09-07,2020-09-14,Standard Class,CUS-01052,Michael Thompson,Corporate,United States,Los Angeles,California,52558,West,FUR-TAB-85527,Furniture,Tables,Sauder Palladia Desk,303.36,2,0.2,19.7
710,CA-2020-010893,2020-09-07,2020-09-14,Standard Class,CUS-01052,Michael Thompson,Corporate,United States,Los Angeles,California,52558,West,FUR-TAB-85527,Furniture,Tables,Sauder Palladia Desk,303.36,2,0.2,19.7
711,CA-2020-010893,2020-09-07,2020-09-14,Standard Class,CUS-01052,Michael Thompson,Corporate,United States,Los Angeles,California,52558,West,FUR-TAB-85527,Furniture,Tables,Sauder Palladia Desk,303.36,2,0.2,19.7
712,CA-2020-010893,2020-09-07,2020-09-14,Standard Class,CUS-01052,Michael Thompson,Corporate,United States,Los Angeles,California,52558,West,FUR-TAB-85527,Furniture,Tables,Sauder Palladia Desk,303.36,2,0.2,19.7
713,CA-2019-010896,2020-11-15,2020-11-18,First Class,CUS-01054,David Martin,Home Office,United States,Philadelphia,Pennsylvania,95561,East,OFF-BIN-92862,Office Supplies,Binders,Mead Flex Binder,33.91,5,0,6.03
714,CA-2019-010896,2020-11-15,2020-11-18,First Class,CUS-01054,David Martin,Home Office,United States,Philadelphia,Pennsylvania,95561,East,OFF-BIN-92862,Office Supplies,Binders,Mead Flex Binder,33.91,5,0,6.03
715,CA-2021-010897,2022-11-30,2022-12-03,Second Class,CUS-01007,Mary Martin,Consumer,United States,Charlotte,North Carolina,88005,South,OFF-SUP-39109,Office Supplies,Supplies,Pilot G2 Gel Pen 12-Pack,99.61,7,0,10.25
716,CA-2022-010902,2019-04-11,2019-04-12,Same Day,CUS-01011,Barbara Miller,Corporate,United States,Nashville,Tennessee,66949,South,OFF-ART-73035,Office Supplies,Art,Crayola Colored Pencils,63.58,8,0.4,-9.88
717,CA-2022-010902,2019-04-11,2019-04-12,Same Day,CUS-01011,Barbara Miller,Corporate,United States,Nashville,Tennessee,66949,South,OFF-ART-73035,Office Supplies,Art,Crayola Colored Pencils,63.58,8,0.4,-9.88
718,CA-2020-010907,2019-05-27,2019-05-30,First Class,CUS-01042,Linda Jones,Home Office,United States,New York,New York,98047,East,FUR-FUR-55653,Furniture,Furnishings,Master Caster Doorstop,144.44,6,0,51.69
719,CA-2020-010907,2019-05-27,2019-05-30,First Class,CUS-01042,Linda Jones,Home Office,United States,New York,New York,98047,East,FUR-FUR-55653,Furniture,Furnishings,Master Caster Doorstop,144.44,6,0,51.69
720,CA-2021-010909,2021-06-24,2021-06-28,Second Class,CUS-01006,Jessica Davis,Home Office,United States,Seattle,Washington,99831,West,FUR-TAB-21247,Furniture,Tables,Realspace Magellan Corner Desk,93.39,1,0.1,40.12
721,CA-2021-010909,2021-06-24,2021-06-28,Second Class,CUS-01006,Jessica Davis,Home Office,United States,Seattle,Washington,99831,West,FUR-TAB-21247,Furniture,Tables,Realspace Magellan Corner Desk,93.39,1,0.1,40.12
722,CA-2021-010914,2020-12-04,2020-12-10,Standard Class,CUS-01058,Patricia Davis,Home Office,United States,Houston,Texas,53499,South,TEC-MAC-36712,Technology,Machines,Zebra ZT411 Label Printer,357.14,5,0.5,-53.43
723,CA-2021-010914,2020-12-04,2020-12-10,Standard Class,CUS-01058,Patricia Davis,Home Office,United States,Houston,Texas,53499,South,TEC-MAC-36712,Technology,Machines,Zebra ZT411 Label Printer,357.14,5,0.5,-53.43
724,CA-2019-010915,2022-04-08,2022-04-14,Standard Class,CUS-01022,Karen Taylor,Home Office,United States,Boston,Massachusetts,36305,East,OFF-FAS-70943,Office Supplies,Fasteners,Swingline Heavy Duty Stapler,13.45,1,0,2.76
725,CA-2019-010915,2022-04-08,2022-04-14,Standard Class,CUS-01022,Karen Taylor,Home Office,United States,Boston,Massachusetts,36305,East,OFF-FAS-70943,Office Supplies,Fasteners,Swingline Heavy Duty Stapler,13.45,1,0,2.76
726,CA-2019-010915,2022-04-08,2022-04-14,Standard Class,CUS-01022,Karen Taylor,Home Office,United States,Boston,Massachusetts,36305,East,OFF-FAS-70943,Office Supplies,Fasteners,Swingline Heavy Duty Stapler,13.45,1,0,2.76
727,CA-2021-010919,2019-02-09,2019-02-12,First Class,CUS-01030,Joseph White,Corporate,United States,Nashville,Tennessee,23055,South,FUR-FUR-79672,Furniture,Furnishings,Lorell Dry-Erase Board,60.63,4,0.5,-8.31
728,CA-2019-010920,2021-12-20,2021-12-23,First Class,CUS-01063,Thomas Jackson,Home Office,United States,Atlanta,Georgia,12408,South,FUR-BOO-91950,Furniture,Bookcases,Sauder Cottage Road Bookcase,352.02,9,0.2,131.92
729,CA-2019-010920,2021-12-20,2021-12-23,First Class,CUS-01063,Thomas Jackson,Home Office,United States,Atlanta,Georgia,12408,South,FUR-BOO-91950,Furniture,Bookcases,Sauder Cottage Road Bookcase,352.02,9,0.2,131.92
730,CA-2019-010920,2021-12-20,2021-12-23,First Class,CUS-01063,Thomas Jackson,Home Office,United States,Atlanta,Georgia,12408,South,FUR-BOO-91950,Furniture,Bookcases,Sauder Cottage Road Bookcase,352.02,9,0.2,131.92
731,CA-2022-010922,2022-02-10,2022-02-12,First Class,CUS-01020,Joseph Hernandez,Consumer,United States,Kansas City,Missouri,96105,Central,TEC-PHO-78251,Technology,Phones,Motorola Moto G,5218.23,10,0.1,1132.01
732,CA-2022-010922,2022-02-10,2022-02-12,First Class,CUS-01020,Joseph Hernandez,Consumer,United States,Kansas City,Missouri,96105,Central,TEC-PHO-78251,Technology,Phones,Motorola Moto G,5218.23,10,0.1,1132.01
733,CA-2022-010923,2022-05-24,2022-05-27,First Class,CUS-01070,Mary Lee,Home Office,United States,Seattle,Washington,95520,West,TEC-MAC-99659,Technology,Machines,Fellowes Powershred 79Ci,452.44,3,0.2,147.23
734,CA-2022-010923,2022-05-24,2022-05-27,First Class,CUS-01070,Mary Lee,Home Office,United States,Seattle,Washington,95520,West,TEC-MAC-99659,Technology,Machines,Fellowes Powershred 79Ci,452.44,3,0.2,147.23
735,CA-2022-010926,2022-09-05,2022-09-09,Second Class,CUS-01009,Karen Smith,Consumer,United States,Philadelphia,Pennsylvania,51628,East,TEC-PHO-64269,Technology,Phones,Google Pixel 7,966.83,5,0.5,-168.35
736,CA-2022-010926,2022-09-05,2022-09-09,Second Class,CUS-01009,Karen Smith,Consumer,United States,Philadelphia,Pennsylvania,51628,East,TEC-PHO-64269,Technology,Phones,Google Pixel 7,966.83,5,0.5,-168.35
737,CA-2022-010926,2022-09-05,2022-09-09,Second Class,CUS-01009,Karen Smith,Consumer,United States,Philadelphia,Pennsylvania,51628,East,TEC-PHO-64269,Technology,Phones,Google Pixel 7,966.83,5,0.5,-168.35
738,CA-2020-010928,2019-08-07,2019-08-10,Second Class,CUS-01004,Jennifer Lee,Corporate,United States,Columbus,Ohio,84323,Central,OFF-LAB-40432,Office Supplies,Labels,Maco Laser Labels,2.09,1,0.3,0.17
739,CA-2020-010928,2019-08-07,2019-08-10,Second Class,CUS-01004,Jennifer Lee,Corporate,United States,Columbus,Ohio,84323,Central,OFF-LAB-40432,Office Supplies,Labels,Maco Laser Labels,2.09,1,0.3,0.17
740,CA-2020-010928,2019-08-07,2019-08-10,Second Class,CUS-01004,Jennifer Lee,Corporate,United States,Columbus,Ohio,84323,Central,OFF-LAB-40432,Office Supplies,Labels,Maco Laser Labels,2.09,1,0.3,0.17
741,CA-2020-010928,2019-08-07,2019-08-10,Second Class,CUS-01004,Jennifer Lee,Corporate,United States,Columbus,Ohio,84323,Central,OFF-LAB-40432,Office Supplies,Labels,Maco Laser Labels,2.09,1,0.3,0.17
742,CA-2020-010930,2022-05-23,2022-05-24,Same Day,CUS-01024,Daniel Miller,Home Office,United States,Charlotte,North Carolina,72108,South,TEC-COM-39658,Technology,Computers,HP Pavilion 14,177.65,1,0.2,76.41
743,CA-2020-010930,2022-05-23,2022-05-24,Same Day,CUS-01024,Daniel Miller,Home Office,United States,Charlotte,North Carolina,72108,South,TEC-COM-39658,Technology,Computers,HP Pavilion 14,177.65,1,0.2,76.41
744,CA-2020-010935,2019-05-16,2019-05-20,Second Class,CUS-01111,Lisa Taylor,Corporate,United States,Miami,Florida,69971,South,TEC-COP-15482,Technology,Copiers,Xerox B210,5039.73,7,0.3,1046.55
745,CA-2019-010937,2021-07-24,2021-07-29,Standard Class,CUS-01067,Betty Taylor,Home Office,United States,Houston,Texas,83098,South,FUR-CHA-48165,Furniture,Chairs,Steelcase Leap V2,445.04,5,0.2,104.38
746,CA-2019-010937,2021-07-24,2021-07-29,Standard Class,CUS-01067,Betty Taylor,Home Office,United States,Houston,Texas,83098,South,FUR-CHA-48165,Furniture,Chairs,Steelcase Leap V2,445.04,5,0.2,104.38
747,CA-2019-010937,2021-07-24,2021-07-29,Standard Class,CUS-01067,Betty Taylor,Home Office,United States,Houston,Texas,83098,South,FUR-CHA-48165,Furniture,Chairs,Steelcase Leap V2,445.04,5,0.2,104.38
748,CA-2019-010937,2021-07-24,2021-07-29,Standard Class,CUS-01067,Betty Taylor,Home Office,United States,Houston,Texas,83098,South,FUR-CHA-48165,Furniture,Chairs,Steelcase Leap V2,445.04,5,0.2,104.38
749,CA-2021-010941,2019-04-22,2019-04-26,Second Class,CUS-01107,Anthony White,Home Office,United States,Houston,Texas,75622,South,TEC-COM-61520,Technology,Computers,HP Pavilion 14,3911.93,8,0,475.5
750,CA-2021-010941,2019-04-22,2019-04-26,Second Class,CUS-01107,Anthony White,Home Office,United States,Houston,Texas,75622,South,TEC-COM-61520,Technology,Computers,HP Pavilion 14,3911.93,8,0,475.5
751,CA-2022-010946,2020-05-27,2020-05-29,First Class,CUS-01092,Donald Miller,Corporate,United States,New York,New York,24963,East,OFF-STO-57571,Office Supplies,Storage,Bankers Box Stor/File,32.49,7,0,6.55
752,CA-2022-010946,2020-05-27,2020-05-29,First Class,CUS-01092,Donald Miller,Corporate,United States,New York,New York,24963,East,OFF-STO-57571,Office Supplies,Storage,Bankers Box Stor/File,32.49,7,0,6.55
753,CA-2022-010946,2020-05-27,2020-05-29,First Class,CUS-01092,Donald Miller,Corporate,United States,New York,New York,24963,East,OFF-STO-57571,Office Supplies,Storage,Bankers Box Stor/File,32.49,7,0,6.55
754,CA-2022-010946,2020-05-27,2020-05-29,First Class,CUS-01092,Donald Miller,Corporate,United States,New York,New York,24963,East,OFF-STO-57571,Office Supplies,Storage,Bankers Box Stor/File,32.49,7,0,6.55
755,CA-2019-010947,2020-11-17,2020-11-20,Second Class,CUS-01112,Robert Smith,Corporate,United States,Seattle,Washington,16725,West,FUR-BOO-68491,Furniture,Bookcases,Sauder Cottage Road Bookcase,214.12,3,0,87.67
756,CA-2019-010947,2020-11-17,2020-11-20,Second Class,CUS-01112,Robert Smith,Corporate,United States,Seattle,Washington,16725,West,FUR-BOO-68491,Furniture,Bookcases,Sauder Cottage Road Bookcase,214.12,3,0,87.67
757,CA-2019-010949,2020-06-02,2020-06-08,Standard Class,CUS-01064,Sandra Miller,Home Office,United States,Nashville,Tennessee,10753,South,OFF-STO-38426,Office Supplies,Storage,Avery Lateral File,229.37,8,0.5,-24.55
758,CA-2019-010954,2022-01-25,2022-01-27,First Class,CUS-01007,Mary Martin,Consumer,United States,Seattle,Washington,17217,West,OFF-ENV-29054,Office Supplies,Envelopes,Quality Park Catalog Envelopes,274.58,10,0.2,50.1
759,CA-2019-010956,2021-05-03,2021-05-06,Second Class,CUS-01087,Susan Martinez,Corporate,United States,Columbus,Ohio,96628,Central,OFF-SUP-69682,Office Supplies,Supplies,Pilot G2 Gel Pen 12-Pack,44.97,6,0,3.92
760,CA-2019-010956,2021-05-03,2021-05-06,Second Class,CUS-01087,Susan Martinez,Corporate,United States,Columbus,Ohio,96628,Central,OFF-SUP-69682,Office Supplies,Supplies,Pilot G2 Gel Pen 12-Pack,44.97,6,0,3.92
761,CA-2019-010956,2021-05-03,2021-05-06,Second Class,CUS-01087,Susan Martinez,Corporate,United States,Columbus,Ohio,96628,Central,OFF-SUP-69682,Office Supplies,Supplies,Pilot G2 Gel Pen 12-Pack,44.97,6,0,3.92
762,CA-2021-010957,2021-02-15,2021-02-21,Standard Class,CUS-01108,Christopher Martinez,Consumer,United States,Boston,Massachusetts,71710,East,TEC-PHO-53150,Technology,Phones,Google Pixel 7,5881.03,9,0.1,1930.93
763,CA-2019-010960,2022-07-12,2022-07-18,Standard Class,CUS-01093,Patricia Garcia,Corporate,United States,Kansas City,Missouri,89802,Central,FUR-BOO-85385,Furniture,Bookcases,Way2Furn 5-Shelf,521.34,6,0,154.17
764,CA-2019-010960,2022-07-12,2022-07-18,Standard Class,CUS-01093,Patricia Garcia,Corporate,United States,Kansas City,Missouri,89802,Central,FUR-BOO-85385,Furniture,Bookcases,Way2Furn 5-Shelf,521.34,6,0,154.17
765,CA-2019-010960,2022-07-12,2022-07-18,Standard Class,CUS-01093,Patricia Garcia,Corporate,United States,Kansas City,Missouri,89802,Central,FUR-BOO-85385,Furniture,Bookcases,Way2Furn 5-Shelf,521.34,6,0,154.17
766,CA-2019-010960,2022-07-12,2022-07-18,Standard Class,CUS-01093,Patricia Garcia,Corporate,United States,Kansas City,Missouri,89802,Central,FUR-BOO-85385,Furniture,Bookcases,Way2Furn 5-Shelf,521.34,6,0,154.17
767,CA-2022-010965,2020-01-04,2020-01-09,Second Class,CUS-01038,Thomas Clark,Home Office,United States,Los Angeles,California,25493,West,TEC-COP-37175,Technology,Copiers,Canon imageRUNNER 2630,1761.87,7,0.4,-60.08
768,CA-2022-010965,2020-01-04,2020-01-09,Second Class,CUS-01038,Thomas Clark,Home Office,United States,Los Angeles,California,25493,West,TEC-COP-37175,Technology,Copiers,Canon imageRUNNER 2630,1761.87,7,0.4,-60.08
769,CA-2022-010965,2020-01-04,2020-01-09,Second Class,CUS-01038,Thomas Clark,Home Office,United States,Los Angeles,California,25493,West,TEC-COP-37175,Technology,Copiers,Canon imageRUNNER 2630,1761.87,7,0.4,-60.08
770,CA-2020-010969,2022-08-04,2022-08-09,Second Class,CUS-01037,William Davis,Home Office,United States,Chicago,Illinois,50340,Central,FUR-BOO-24920,Furniture,Bookcases,Bush Furniture Cabot Bookcase,928.41,6,0.4,-157.72
771,CA-2020-010970,2020-11-07,2020-11-10,First Class,CUS-01118,Lisa Perez,Home Office,United States,Houston,Texas,94626,South,TEC-COP-92208,Technology,Copiers,Brother MFC-L8900CDW,1341.49,9,0.3,315.24
772,CA-2020-010970,2020-11-07,2020-11-10,First Class,CUS-01118,Lisa Perez,Home Office,United States,Houston,Texas,94626,South,TEC-COP-92208,Technology,Copiers,Brother MFC-L8900CDW,1341.49,9,0.3,315.24
773,CA-2020-010970,2020-11-07,2020-11-10,First Class,CUS-01118,Lisa Perez,Home Office,United States,Houston,Texas,94626,South,TEC-COP-92208,Technology,Copiers,Brother MFC-L8900CDW,1341.49,9,0.3,315.24
774,CA-2020-010970,2020-11-07,2020-11-10,First Class,CUS-01118,Lisa Perez,Home Office,United States,Houston,Texas,94626,South,TEC-COP-92208,Technology,Copiers,Brother MFC-L8900CDW,1341.49,9,0.3,315.24
775,CA-2019-010972,2020-09-05,2020-09-07,First Class,CUS-01027,David Martin,Home Office,United States,Minneapolis,Minnesota,18678,Central,TEC-ACC-54453,Technology,Accessories,Logitech MX Master Mouse,551.62,9,0,153.57
776,CA-2019-010972,2020-09-05,2020-09-07,First Class,CUS-01027,David Martin,Home Office,United States,Minneapolis,Minnesota,18678,Central,TEC-ACC-54453,Technology,Accessories,Logitech MX Master Mouse,551.62,9,0,153.57
777,CA-2019-010972,2020-09-05,2020-09-07,First Class,CUS-01027,David Martin,Home Office,United States,Minneapolis,Minnesota,18678,Central,TEC-ACC-54453,Technology,Accessories,Logitech MX Master Mouse,551.62,9,0,153.57
778,CA-2019-010972,2020-09-05,2020-09-07,First Class,CUS-01027,David Martin,Home Office,United States,Minneapolis,Minnesota,18678,Central,TEC-ACC-54453,Technology,Accessories,Logitech MX Master Mouse,551.62,9,0,153.57
779,CA-2020-010977,2019-08-28,2019-08-31,First Class,CUS-01091,David Anderson,Corporate,United States,Boston,Massachusetts,64246,East,TEC-COP-58704,Technology,Copiers,Brother MFC-L8900CDW,1892.89,5,0.1,492.23
780,CA-2020-010977,2019-08-28,2019-08-31,First Class,CUS-01091,David Anderson,Corporate,United States,Boston,Massachusetts,64246,East,TEC-COP-58704,Technology,Copiers,Brother MFC-L8900CDW,1892.89,5,0.1,492.23
781,CA-2019-010982,2019-03-18,2019-03-21,Second Class,CUS-01057,Betty Hernandez,Consumer,United States,Baltimore,Maryland,75543,East,TEC-COM-73369,Technology,Computers,Lenovo ThinkPad X1,5127.9,9,0.2,1847.14
782,CA-2019-010982,2019-03-18,2019-03-21,Second Class,CUS-01057,Betty Hernandez,Consumer,United States,Baltimore,Maryland,75543,East,TEC-COM-73369,Technology,Computers,Lenovo ThinkPad X1,5127.9,9,0.2,1847.14
783,CA-2019-010985,2022-10-17,2022-10-20,Second Class,CUS-01093,Patricia Garcia,Corporate,United States,Baltimore,Maryland,60801,East,OFF-SUP-10538,Office Supplies,Supplies,Pilot G2 Gel Pen 12-Pack,11.09,1,0,2.03
784,CA-2019-010990,2022-09-11,2022-09-13,First Class,CUS-01074,John Lopez,Consumer,United States,Dallas,Texas,52058,Central,TEC-COM-46261,Technology,Computers,Lenovo ThinkPad X1,4576.74,8,0,727.99
785,CA-2019-010990,2022-09-11,2022-09-13,First Class,CUS-01074,John Lopez,Consumer,United States,Dallas,Texas,52058,Central,TEC-COM-46261,Technology,Computers,Lenovo ThinkPad X1,4576.74,8,0,727.99
786,CA-2021-010995,2019-02-01,2019-02-06,Standard Class,CUS-01070,Mary Lee,Home Office,United States,Columbus,Ohio,51744,Central,FUR-TAB-47128,Furniture,Tables,Realspace Magellan Corner Desk,567.21,3,0,99.01
787,CA-2021-010995,2019-02-01,2019-02-06,Standard Class,CUS-01070,Mary Lee,Home Office,United States,Columbus,Ohio,51744,Central,FUR-TAB-47128,Furniture,Tables,Realspace Magellan Corner Desk,567.21,3,0,99.01
788,CA-2021-010995,2019-02-01,2019-02-06,Standard Class,CUS-01070,Mary Lee,Home Office,United States,Columbus,Ohio,51744,Central,FUR-TAB-47128,Furniture,Tables,Realspace Magellan Corner Desk,567.21,3,0,99.01
789,CA-2022-010996,2019-09-24,2019-09-30,Standard Class,CUS-01116,Sarah Gonzalez,Corporate,United States,New York,New York,60279,East,TEC-PHO-61369,Technology,Phones,Motorola Moto G,629.97,10,0.5,-93.4
790,CA-2022-010996,2019-09-24,2019-09-30,Standard Class,CUS-01116,Sarah Gonzalez,Corporate,United States,New York,New York,60279,East,TEC-PHO-61369,Technology,Phones,Motorola Moto G,629.97,10,0.5,-93.4
791,CA-2022-010996,2019-09-24,2019-09-30,Standard Class,CUS-01116,Sarah Gonzalez,Corporate,United States,New York,New York,60279,East,TEC-PHO-61369,Technology,Phones,Motorola Moto G,629.97,10,0.5,-93.4
792,CA-2021-010997,2022-12-31,2023-01-06,Standard Class,CUS-01073,Patricia Davis,Consumer,United States,Los Angeles,California,71377,West,TEC-COP-99715,Technology,Copiers,Ricoh IM C300,2144.61,8,0.5,-153.0
793,CA-2021-010997,2022-12-31,2023-01-06,Standard Class,CUS-01073,Patricia Davis,Consumer,United States,Los Angeles,California,71377,West,TEC-COP-99715,Technology,Copiers,Ricoh IM C300,2144.61,8,0.5,-153.0
794,CA-2020-010999,2020-06-12,2020-06-15,First Class,CUS-01024,Daniel Miller,Home Office,United States,Minneapolis,Minnesota,69412,Central,FUR-CHA-72303,Furniture,Chairs,HON Ignition 2.0 Task Chair,240.58,8,0.5,-46.71
795,CA-2020-010999,2020-06-12,2020-06-15,First Class,CUS-01024,Daniel Miller,Home Office,United States,Minneapolis,Minnesota,69412,Central,FUR-CHA-72303,Furniture,Chairs,HON Ignition 2.0 Task Chair,240.58,8,0.5,-46.71
796,CA-2020-010999,2020-06-12,2020-06-15,First Class,CUS-01024,Daniel Miller,Home Office,United States,Minneapolis,Minnesota,69412,Central,FUR-CHA-72303,Furniture,Chairs,HON Ignition 2.0 Task Chair,240.58,8,0.5,-46.71
797,CA-2021-011004,2022-03-22,2022-03-27,Second Class,CUS-01014,Thomas Johnson,Home Office,United States,Houston,Texas,52712,South,OFF-PAP-79828,Office Supplies,Paper,HP Office Paper 500-Sheet,85.77,10,0.4,-6.24
798,CA-2021-011004,2022-03-22,2022-03-27,Second Class,CUS-01014,Thomas Johnson,Home Office,United States,Houston,Texas,52712,South,OFF-PAP-79828,Office Supplies,Paper,HP Office Paper 500-Sheet,85.77,10,0.4,-6.24
799,CA-2020-011009,2021-02-25,2021-03-03,Standard Class,CUS-01027,David Martin,Home Office,United States,Charlotte,North Carolina,84345,South,FUR-TAB-96849,Furniture,Tables,IKEA Bekant Desk,802.03,10,0.5,-38.39
800,CA-2020-011009,2021-02-25,2021-03-03,Standard Class,CUS-01027,David Martin,Home Office,United States,Charlotte,North Carolina,84345,South,FUR-TAB-96849,Furniture,Tables,IKEA Bekant Desk,802.03,10,0.5,-38.39
801,CA-2020-011009,2021-02-25,2021-03-03,Standard Class,CUS-01027,David Martin,Home Office,United States,Charlotte,North Carolina,84345,South,FUR-TAB-96849,Furniture,Tables,IKEA Bekant Desk,802.03,10,0.5,-38.39
802,CA-2020-011009,2021-02-25,2021-03-03,Standard Class,CUS-01027,David Martin,Home Office,United States,Charlotte,North Carolina,84345,South,FUR-TAB-96849,Furniture,Tables,IKEA Bekant Desk,802.03,10,0.5,-38.39
803,CA-2021-011013,2019-07-19,2019-07-19,Same Day,CUS-01040,Betty Davis,Consumer,United States,Houston,Texas,88415,South,TEC-MAC-52914,Technology,Machines,Dymo LabelWriter 450,133.47,1,0,18.29
804,CA-2021-011013,2019-07-19,2019-07-19,Same Day,CUS-01040,Betty Davis,Consumer,United States,Houston,Texas,88415,South,TEC-MAC-52914,Technology,Machines,Dymo LabelWriter 450,133.47,1,0,18.29
805,CA-2019-011018,2022-09-15,2022-09-19,Second Class,CUS-01069,Joseph Williams,Corporate,United States,Kansas City,Missouri,90684,Central,OFF-STO-36956,Office Supplies,Storage,Avery Lateral File,103.16,6,0.2,28.69
806,CA-2019-011018,2022-09-15,2022-09-19,Second Class,CUS-01069,Joseph Williams,Corporate,United States,Kansas City,Missouri,90684,Central,OFF-STO-36956,Office Supplies,Storage,Avery Lateral File,103.16,6,0.2,28.69
807,CA-2019-011018,2022-09-15,2022-09-19,Second Class,CUS-01069,Joseph Williams,Corporate,United States,Kansas City,Missouri,90684,Central,OFF-STO-36956,Office Supplies,Storage,Avery Lateral File,103.16,6,0.2,28.69
808,CA-2022-011020,2019-07-02,2019-07-09,Standard Class,CUS-01066,Margaret White,Home Office,United States,Atlanta,Georgia,48559,South,TEC-ACC-10110,Technology,Accessories,Logitech MX Master Mouse,1077.51,6,0,425.08
809,CA-2020-011023,2022-12-09,2022-12-10,Same Day,CUS-01092,Donald Miller,Corporate,United States,Charlotte,North Carolina,60012,South,FUR-TAB-32729,Furniture,Tables,Realspace Magellan Corner Desk,391.94,4,0.4,-75.91
810,CA-2020-011023,2022-12-09,2022-12-10,Same Day,CUS-01092,Donald Miller,Corporate,United States,Charlotte,North Carolina,60012,South,FUR-TAB-32729,Furniture,Tables,Realspace Magellan Corner Desk,391.94,4,0.4,-75.91
811,CA-2020-011023,2022-12-09,2022-12-10,Same Day,CUS-01092,Donald Miller,Corporate,United States,Charlotte,North Carolina,60012,South,FUR-TAB-32729,Furniture,Tables,Realspace Magellan Corner Desk,391.94,4,0.4,-75.91
812,CA-2022-011027,2020-08-13,2020-08-16,Second Class,CUS-01002,Karen Davis,Consumer,United States,New York,New York,28873,East,OFF-STO-67243,Office Supplies,Storage,Bankers Box Stor/File,65.31,3,0,6.85
813,CA-2022-011027,2020-08-13,2020-08-16,Second Class,CUS-01002,Karen Davis,Consumer,United States,New York,New York,28873,East,OFF-STO-67243,Office Supplies,Storage,Bankers Box Stor/File,65.31,3,0,6.85
814,CA-2022-011027,2020-08-13,2020-08-16,Second Class,CUS-01002,Karen Davis,Consumer,United States,New York,New York,28873,East,OFF-STO-67243,Office Supplies,Storage,Bankers Box Stor/File,65.31,3,0,6.85
815,CA-2022-011027,2020-08-13,2020-08-16,Second Class,CUS-01002,Karen Davis,Consumer,United States,New York,New York,28873,East,OFF-STO-67243,Office Supplies,Storage,Bankers Box Stor/File,65.31,3,0,6.85
816,CA-2022-011029,2021-05-21,2021-05-25,Second Class,CUS-01066,Margaret White,Home Office,United States,Nashville,Tennessee,68988,South,FUR-BOO-34352,Furniture,Bookcases,Bush Furniture Cabot Bookcase,45.55,1,0.5,-8.85
817,CA-2022-011029,2021-05-21,2021-05-25,Second Class,CUS-01066,Margaret White,Home Office,United States,Nashville,Tennessee,68988,South,FUR-BOO-34352,Furniture,Bookcases,Bush Furniture Cabot Bookcase,45.55,1,0.5,-8.85
818,CA-2021-011034,2022-01-23,2022-01-25,First Class,CUS-01005,John Smith,Consumer,United States,Miami,Florida,24832,South,OFF-STO-20494,Office Supplies,Storage,Bankers Box Stor/File,165.17,9,0.2,38.98
819,CA-2019-011038,2021-08-25,2021-09-01,Standard Class,CUS-01082,Ashley Clark,Consumer,United States,Columbus,Ohio,16917,Central,FUR-CHA-69511,Furniture,Chairs,Flash Furniture Mesh Chair,941.28,8,0.3,205.58
820,CA-2019-011038,2021-08-25,2021-09-01,Standard Class,CUS-01082,Ashley Clark,Consumer,United States,Columbus,Ohio,16917,Central,FUR-CHA-69511,Furniture,Chairs,Flash Furniture Mesh Chair,941.28,8,0.3,205.58
821,CA-2019-011038,2021-08-25,2021-09-01,Standard Class,CUS-01082,Ashley Clark,Consumer,United States,Columbus,Ohio,16917,Central,FUR-CHA-69511,Furniture,Chairs,Flash Furniture Mesh Chair,941.28,8,0.3,205.58
822,CA-2021-011040,2019-03-14,2019-03-17,First Class,CUS-01008,Anthony Davis,Corporate,United States,Nashville,Tennessee,32161,South,OFF-BIN-48240,Office Supplies,Binders,Mead Flex Binder,242.22,10,0,39.9
823,CA-2020-011042,2019-06-07,2019-06-10,First Class,CUS-01017,Charles Thompson,Home Office,United States,Minneapolis,Minnesota,43679,Central,TEC-PHO-87564,Technology,Phones,Samsung Galaxy S22,1750.87,8,0.3,653.31
824,CA-2020-011042,2019-06-07,2019-06-10,First Class,CUS-01017,Charles Thompson,Home Office,United States,Minneapolis,Minnesota,43679,Central,TEC-PHO-87564,Technology,Phones,Samsung Galaxy S22,1750.87,8,0.3,653.31
825,CA-2020-011042,2019-06-07,2019-06-10,First Class,CUS-01017,Charles Thompson,Home Office,United States,Minneapolis,Minnesota,43679,Central,TEC-PHO-87564,Technology,Phones,Samsung Galaxy S22,1750.87,8,0.3,653.31
826,CA-2020-011047,2020-01-06,2020-01-12,Standard Class,CUS-01011,Barbara Miller,Corporate,United States,Phoenix,Arizona,30204,West,FUR-FUR-41188,Furniture,Furnishings,Master Caster Doorstop,116.96,3,0.1,32.88
827,CA-2020-011047,2020-01-06,2020-01-12,Standard Class,CUS-01011,Barbara Miller,Corporate,United States,Phoenix,Arizona,30204,West,FUR-FUR-41188,Furniture,Furnishings,Master Caster Doorstop,116.96,3,0.1,32.88
828,CA-2020-011047,2020-01-06,2020-01-12,Standard Class,CUS-01011,Barbara Miller,Corporate,United States,Phoenix,Arizona,30204,West,FUR-FUR-41188,Furniture,Furnishings,Master Caster Doorstop,116.96,3,0.1,32.88
829,CA-2019-011051,2019-08-26,2019-08-31,Standard Class,CUS-01060,Emily Williams,Home Office,United States,Charlotte,North Carolina,49500,South,FUR-TAB-99589,Furniture,Tables,Sauder Palladia Desk,1071.47,8,0.2,115.78
830,CA-2019-011051,2019-08-26,2019-08-31,Standard Class,CUS-01060,Emily Williams,Home Office,United States,Charlotte,North Carolina,49500,South,FUR-TAB-99589,Furniture,Tables,Sauder Palladia Desk,1071.47,8,0.2,115.78
831,CA-2019-011051,2019-08-26,2019-08-31,Standard Class,CUS-01060,Emily Williams,Home Office,United States,Charlotte,North Carolina,49500,South,FUR-TAB-99589,Furniture,Tables,Sauder Palladia Desk,1071.47,8,0.2,115.78
832,CA-2019-011051,2019-08-26,2019-08-31,Standard Class,CUS-01060,Emily Williams,Home Office,United States,Charlotte,North Carolina,49500,South,FUR-TAB-99589,Furniture,Tables,Sauder Palladia Desk,1071.47,8,0.2,115.78
833,CA-2019-011054,2021-07-08,2021-07-09,Same Day,CUS-01068,Mark Brown,Consumer,United States,New York,New York,79637,East,OFF-ENV-90017,Office Supplies,Envelopes,Staples 10-Envelope Box,127.32,5,0.3,20.13
834,CA-2021-011057,2021-03-12,2021-03-12,Same Day,CUS-01094,James Wilson,Corporate,United States,Phoenix,Arizona,54224,West,OFF-ART-81776,Office Supplies,Art,Faber-Castell Watercolor,3.44,1,0,0.19
835,CA-2019-011062,2020-12-20,2020-12-25,Second Class,CUS-01037,William Davis,Home Office,United States,Dallas,Texas,14461,Central,TEC-MAC-17455,Technology,Machines,Zebra ZT411 Label Printer,1707.45,4,0,568.97
836,CA-2019-011066,2019-09-24,2019-09-24,Same Day,CUS-01115,William Gonzalez,Consumer,United States,Philadelphia,Pennsylvania,43205,East,FUR-FUR-19924,Furniture,Furnishings,Lorell Dry-Erase Board,126.15,5,0.4,-20.62
837,CA-2019-011066,2019-09-24,2019-09-24,Same Day,CUS-01115,William Gonzalez,Consumer,United States,Philadelphia,Pennsylvania,43205,East,FUR-FUR-19924,Furniture,Furnishings,Lorell Dry-Erase Board,126.15,5,0.4,-20.62
838,CA-2019-011066,2019-09-24,2019-09-24,Same Day,CUS-01115,William Gonzalez,Consumer,United States,Philadelphia,Pennsylvania,43205,East,FUR-FUR-19924,Furniture,Furnishings,Lorell Dry-Erase Board,126.15,5,0.4,-20.62
839,CA-2021-011071,2019-06-01,2019-06-03,First Class,CUS-01049,Linda Hernandez,Corporate,United States,Miami,Florida,17872,South,FUR-BOO-67747,Furniture,Bookcases,Bush Furniture Cabot Bookcase,47.48,4,0.4,-2.88
840,CA-2021-011071,2019-06-01,2019-06-03,First Class,CUS-01049,Linda Hernandez,Corporate,United States,Miami,Florida,17872,South,FUR-BOO-67747,Furniture,Bookcases,Bush Furniture Cabot Bookcase,47.48,4,0.4,-2.88
841,CA-2021-011071,2019-06-01,2019-06-03,First Class,CUS-01049,Linda Hernandez,Corporate,United States,Miami,Florida,17872,South,FUR-BOO-67747,Furniture,Bookcases,Bush Furniture Cabot Bookcase,47.48,4,0.4,-2.88
842,CA-2021-011071,2019-06-01,2019-06-03,First Class,CUS-01049,Linda Hernandez,Corporate,United States,Miami,Florida,17872,South,FUR-BOO-67747,Furniture,Bookcases,Bush Furniture Cabot Bookcase,47.48,4,0.4,-2.88
843,CA-2019-011073,2022-01-12,2022-01-12,Same Day,CUS-01079,Anthony Miller,Consumer,United States,Baltimore,Maryland,43947,East,TEC-PHO-19229,Technology,Phones,Apple iPhone 14,481.46,5,0.5,-13.84
844,CA-2019-011073,2022-01-12,2022-01-12,Same Day,CUS-01079,Anthony Miller,Consumer,United States,Baltimore,Maryland,43947,East,TEC-PHO-19229,Technology,Phones,Apple iPhone 14,481.46,5,0.5,-13.84
845,CA-2019-011073,2022-01-12,2022-01-12,Same Day,CUS-01079,Anthony Miller,Consumer,United States,Baltimore,Maryland,43947,East,TEC-PHO-19229,Technology,Phones,Apple iPhone 14,481.46,5,0.5,-13.84
846,CA-2019-011073,2022-01-12,2022-01-12,Same Day,CUS-01079,Anthony Miller,Consumer,United States,Baltimore,Maryland,43947,East,TEC-PHO-19229,Technology,Phones,Apple iPhone 14,481.46,5,0.5,-13.84
847,CA-2020-011075,2019-03-19,2019-03-20,Same Day,CUS-01020,Joseph Hernandez,Consumer,United States,Kansas City,Missouri,85319,Central,TEC-MAC-74314,Technology,Machines,Fellowes Powershred 79Ci,1827.91,7,0,486.32
848,CA-2022-011076,2019-09-06,2019-09-09,First Class,CUS-01088,Sarah Williams,Corporate,United States,Kansas City,Missouri,17234,Central,OFF-PAP-80074,Office Supplies,Paper,HP Office Paper 500-Sheet,95.63,6,0,36.96
849,CA-2022-011076,2019-09-06,2019-09-09,First Class,CUS-01088,Sarah Williams,Corporate,United States,Kansas City,Missouri,17234,Central,OFF-PAP-80074,Office Supplies,Paper,HP Office Paper 500-Sheet,95.63,6,0,36.96
850,CA-2022-011076,2019-09-06,2019-09-09,First Class,CUS-01088,Sarah Williams,Corporate,United States,Kansas City,Missouri,17234,Central,OFF-PAP-80074,Office Supplies,Paper,HP Office Paper 500-Sheet,95.63,6,0,36.96
851,CA-2020-011080,2022-02-09,2022-02-15,Standard Class,CUS-01085,Richard Miller,Home Office,United States,San Francisco,California,61131,West,TEC-ACC-21123,Technology,Accessories,APC UPS 1500VA,799.71,8,0.1,84.75
852,CA-2020-011080,2022-02-09,2022-02-15,Standard Class,CUS-01085,Richard Miller,Home Office,United States,San Francisco,California,61131,West,TEC-ACC-21123,Technology,Accessories,APC UPS 1500VA,799.71,8,0.1,84.75
853,CA-2019-011082,2020-05-03,2020-05-04,Same Day,CUS-01009,Karen Smith,Consumer,United States,Kansas City,Missouri,79984,Central,FUR-CHA-54470,Furniture,Chairs,HON Ignition 2.0 Task Chair,20.16,1,0.4,-0.98
854,CA-2019-011082,2020-05-03,2020-05-04,Same Day,CUS-01009,Karen Smith,Consumer,United States,Kansas City,Missouri,79984,Central,FUR-CHA-54470,Furniture,Chairs,HON Ignition 2.0 Task Chair,20.16,1,0.4,-0.98
855,CA-2019-011082,2020-05-03,2020-05-04,Same Day,CUS-01009,Karen Smith,Consumer,United States,Kansas City,Missouri,79984,Central,FUR-CHA-54470,Furniture,Chairs,HON Ignition 2.0 Task Chair,20.16,1,0.4,-0.98
856,CA-2019-011082,2020-05-03,2020-05-04,Same Day,CUS-01009,Karen Smith,Consumer,United States,Kansas City,Missouri,79984,Central,FUR-CHA-54470,Furniture,Chairs,HON Ignition 2.0 Task Chair,20.16,1,0.4,-0.98
857,CA-2020-011087,2020-04-22,2020-04-27,Standard Class,CUS-01095,Ashley Hernandez,Corporate,United States,Portland,Oregon,95699,West,TEC-COP-41808,Technology,Copiers,Canon imageRUNNER 2630,3421.67,3,0,406.84
858,CA-2021-011092,2021-07-23,2021-07-28,Second Class,CUS-01009,Karen Smith,Consumer,United States,New York,New York,75161,East,OFF-LAB-36560,Office Supplies,Labels,Avery Easy Peel Labels,43.58,7,0.3,4.29
859,CA-2021-011092,2021-07-23,2021-07-28,Second Class,CUS-01009,Karen Smith,Consumer,United States,New York,New York,75161,East,OFF-LAB-36560,Office Supplies,Labels,Avery Easy Peel Labels,43.58,7,0.3,4.29
860,CA-2021-011093,2019-04-04,2019-04-08,Second Class,CUS-01009,Karen Smith,Consumer,United States,Boston,Massachusetts,28512,East,FUR-TAB-58487,Furniture,Tables,Realspace Magellan Corner Desk,3967.95,8,0.1,1667.61
861,CA-2020-011095,2022-07-18,2022-07-18,Same Day,CUS-01003,William Clark,Consumer,United States,Houston,Texas,10832,South,TEC-COM-95426,Technology,Computers,Dell Inspiron 15,922.67,5,0.4,-151.04
862,CA-2020-011095,2022-07-18,2022-07-18,Same Day,CUS-01003,William Clark,Consumer,United States,Houston,Texas,10832,South,TEC-COM-95426,Technology,Computers,Dell Inspiron 15,922.67,5,0.4,-151.04
863,CA-2020-011095,2022-07-18,2022-07-18,Same Day,CUS-01003,William Clark,Consumer,United States,Houston,Texas,10832,South,TEC-COM-95426,Technology,Computers,Dell Inspiron 15,922.67,5,0.4,-151.04
864,CA-2020-011095,2022-07-18,2022-07-18,Same Day,CUS-01003,William Clark,Consumer,United States,Houston,Texas,10832,South,TEC-COM-95426,Technology,Computers,Dell Inspiron 15,922.67,5,0.4,-151.04
865,CA-2020-011096,2019-10-21,2019-10-24,First Class,CUS-01053,Richard Jones,Corporate,United States,Seattle,Washington,90024,West,OFF-BIN-33593,Office Supplies,Binders,Mead Flex Binder,73.1,10,0,21.99
866,CA-2020-011096,2019-10-21,2019-10-24,First Class,CUS-01053,Richard Jones,Corporate,United States,Seattle,Washington,90024,West,OFF-BIN-33593,Office Supplies,Binders,Mead Flex Binder,73.1,10,0,21.99
867,CA-2020-011096,2019-10-21,2019-10-24,First Class,CUS-01053,Richard Jones,Corporate,United States,Seattle,Washington,90024,West,OFF-BIN-33593,Office Supplies,Binders,Mead Flex Binder,73.1,10,0,21.99
868,CA-2021-011098,2019-01-10,2019-01-13,Second Class,CUS-01016,Matthew Williams,Home Office,United States,Washington,District of Columbia,57435,East,OFF-SUP-70845,Office Supplies,Supplies,Pilot G2 Gel Pen 12-Pack,73.69,4,0.2,5.25
869,CA-2020-011102,2021-10-15,2021-10-18,Second Class,CUS-01086,Mark Jones,Corporate,United States,New York,New York,94523,East,FUR-BOO-66973,Furniture,Bookcases,Bush Furniture Cabot Bookcase,659.5,10,0.5,-22.2
870,CA-2020-011106,2019-03-01,2019-03-01,Same Day,CUS-01010,Sandra Lopez,Corporate,United States,Portland,Oregon,87687,West,OFF-ENV-36050,Office Supplies,Envelopes,Staples 10-Envelope Box,55.63,6,0.1,20.12
871,CA-2020-011106,2019-03-01,2019-03-01,Same Day,CUS-01010,Sandra Lopez,Corporate,United States,Portland,Oregon,87687,West,OFF-ENV-36050,Office Supplies,Envelopes,Staples 10-Envelope Box,55.63,6,0.1,20.12
872,CA-2020-011106,2019-03-01,2019-03-01,Same Day,CUS-01010,Sandra Lopez,Corporate,United States,Portland,Oregon,87687,West,OFF-ENV-36050,Office Supplies,Envelopes,Staples 10-Envelope Box,55.63,6,0.1,20.12
873,CA-2020-011108,2020-04-30,2020-04-30,Same Day,CUS-01049,Linda Hernandez,Corporate,United States,Los Angeles,California,71733,West,OFF-STO-67129,Office Supplies,Storage,Avery Lateral File,38.6,10,0.5,-2.34
874,CA-2020-011108,2020-04-30,2020-04-30,Same Day,CUS-01049,Linda Hernandez,Corporate,United States,Los Angeles,California,71733,West,OFF-STO-67129,Office Supplies,Storage,Avery Lateral File,38.6,10,0.5,-2.34
875,CA-2020-011108,2020-04-30,2020-04-30,Same Day,CUS-01049,Linda Hernandez,Corporate,United States,Los Angeles,California,71733,West,OFF-STO-67129,Office Supplies,Storage,Avery Lateral File,38.6,10,0.5,-2.34
876,CA-2020-011109,2020-02-02,2020-02-05,First Class,CUS-01026,Robert Perez,Home Office,United States,Dallas,Texas,14206,Central,OFF-BIN-27891,Office Supplies,Binders,Cardinal EasyOpen Binder,9.04,8,0.5,-0.98
877,CA-2020-011109,2020-02-02,2020-02-05,First Class,CUS-01026,Robert Perez,Home Office,United States,Dallas,Texas,14206,Central,OFF-BIN-27891,Office Supplies,Binders,Cardinal EasyOpen Binder,9.04,8,0.5,-0.98
878,CA-2020-011109,2020-02-02,2020-02-05,First Class,CUS-01026,Robert Perez,Home Office,United States,Dallas,Texas,14206,Central,OFF-BIN-27891,Office Supplies,Binders,Cardinal EasyOpen Binder,9.04,8,0.5,-0.98
879,CA-2020-011113,2022-05-21,2022-05-26,Second Class,CUS-01079,Anthony Miller,Consumer,United States,Phoenix,Arizona,82450,West,TEC-PHO-78389,Technology,Phones,Motorola Moto G,458.81,4,0.5,-88.27
880,CA-2020-011113,2022-05-21,2022-05-26,Second Class,CUS-01079,Anthony Miller,Consumer,United States,Phoenix,Arizona,82450,West,TEC-PHO-78389,Technology,Phones,Motorola Moto G,458.81,4,0.5,-88.27
881,CA-2020-011113,2022-05-21,2022-05-26,Second Class,CUS-01079,Anthony Miller,Consumer,United States,Phoenix,Arizona,82450,West,TEC-PHO-78389,Technology,Phones,Motorola Moto G,458.81,4,0.5,-88.27
882,CA-2019-011116,2020-05-20,2020-05-24,Second Class,CUS-01056,Emily Smith,Consumer,United States,Phoenix,Arizona,29525,West,OFF-BIN-15796,Office Supplies,Binders,Cardinal EasyOpen Binder,10.0,8,0,2.2
883,CA-2019-011116,2020-05-20,2020-05-24,Second Class,CUS-01056,Emily Smith,Consumer,United States,Phoenix,Arizona,29525,West,OFF-BIN-15796,Office Supplies,Binders,Cardinal EasyOpen Binder,10.0,8,0,2.2
884,CA-2019-011116,2020-05-20,2020-05-24,Second Class,CUS-01056,Emily Smith,Consumer,United States,Phoenix,Arizona,29525,West,OFF-BIN-15796,Office Supplies,Binders,Cardinal EasyOpen Binder,10.0,8,0,2.2
885,CA-2019-011116,2020-05-20,2020-05-24,Second Class,CUS-01056,Emily Smith,Consumer,United States,Phoenix,Arizona,29525,West,OFF-BIN-15796,Office Supplies,Binders,Cardinal EasyOpen Binder,10.0,8,0,2.2
886,CA-2022-011120,2021-07-15,2021-07-15,Same Day,CUS-01011,Barbara Miller,Corporate,United States,Baltimore,Maryland,38574,East,TEC-ACC-41334,Technology,Accessories,Belkin Surge Protector,111.03,2,0,26.86
887,CA-2022-011120,2021-07-15,2021-07-15,Same Day,CUS-01011,Barbara Miller,Corporate,United States,Baltimore,Maryland,38574,East,TEC-ACC-41334,Technology,Accessories,Belkin Surge Protector,111.03,2,0,26.86
888,CA-2022-011120,2021-07-15,2021-07-15,Same Day,CUS-01011,Barbara Miller,Corporate,United States,Baltimore,Maryland,38574,East,TEC-ACC-41334,Technology,Accessories,Belkin Surge Protector,111.03,2,0,26.86
889,CA-2020-011121,2022-03-14,2022-03-20,Standard Class,CUS-01060,Emily Williams,Home Office,United States,Portland,Oregon,34241,West,FUR-FUR-93021,Furniture,Furnishings,Lorell Dry-Erase Board,6.09,2,0.4,-1.24
890,CA-2020-011121,2022-03-14,2022-03-20,Standard Class,CUS-01060,Emily Williams,Home Office,United States,Portland,Oregon,34241,West,FUR-FUR-93021,Furniture,Furnishings,Lorell Dry-Erase Board,6.09,2,0.4,-1.24
891,CA-2020-011121,2022-03-14,2022-03-20,Standard Class,CUS-01060,Emily Williams,Home Office,United States,Portland,Oregon,34241,West,FUR-FUR-93021,Furniture,Furnishings,Lorell Dry-Erase Board,6.09,2,0.4,-1.24
892,CA-2019-011125,2021-05-22,2021-05-24,First Class,CUS-01101,David Johnson,Home Office,United States,Washington,District of Columbia,54000,East,OFF-BIN-98428,Office Supplies,Binders,Mead Flex Binder,3.27,1,0,0.67
893,CA-2019-011125,2021-05-22,2021-05-24,First Class,CUS-01101,David Johnson,Home Office,United States,Washington,District of Columbia,54000,East,OFF-BIN-98428,Office Supplies,Binders,Mead Flex Binder,3.27,1,0,0.67
894,CA-2019-011125,2021-05-22,2021-05-24,First Class,CUS-01101,David Johnson,Home Office,United States,Washington,District of Columbia,54000,East,OFF-BIN-98428,Office Supplies,Binders,Mead Flex Binder,3.27,1,0,0.67
895,CA-2019-011125,2021-05-22,2021-05-24,First Class,CUS-01101,David Johnson,Home Office,United States,Washington,District of Columbia,54000,East,OFF-BIN-98428,Office Supplies,Binders,Mead Flex Binder,3.27,1,0,0.67
896,CA-2019-011128,2021-01-20,2021-01-25,Second Class,CUS-01072,James Williams,Home Office,United States,Washington,District of Columbia,36832,East,TEC-ACC-80730,Technology,Accessories,Anker USB-C Hub,149.66,8,0.1,52.57
897,CA-2019-011128,2021-01-20,2021-01-25,Second Class,CUS-01072,James Williams,Home Office,United States,Washington,District of Columbia,36832,East,TEC-ACC-80730,Technology,Accessories,Anker USB-C Hub,149.66,8,0.1,52.57
898,CA-2021-011131,2020-07-01,2020-07-02,Same Day,CUS-01007,Mary Martin,Consumer,United States,Boston,Massachusetts,55249,East,FUR-FUR-79033,Furniture,Furnishings,Lorell Dry-Erase Board,339.93,8,0.2,78.45
899,CA-2021-011131,2020-07-01,2020-07-02,Same Day,CUS-01007,Mary Martin,Consumer,United States,Boston,Massachusetts,55249,East,FUR-FUR-79033,Furniture,Furnishings,Lorell Dry-Erase Board,339.93,8,0.2,78.45
900,CA-2021-011131,2020-07-01,2020-07-02,Same Day,CUS-01007,Mary Martin,Consumer,United States,Boston,Massachusetts,55249,East,FUR-FUR-79033,Furniture,Furnishings,Lorell Dry-Erase Board,339.93,8,0.2,78.45
901,CA-2019-011134,2021-07-26,2021-07-31,Standard Class,CUS-01051,Thomas Jackson,Consumer,United States,San Francisco,California,20085,West,TEC-COM-24683,Technology,Computers,Lenovo ThinkPad X1,10999.32,8,0,4399.7
902,CA-2021-011136,2022-10-29,2022-11-02,Second Class,CUS-01045,Ashley Jackson,Corporate,United States,Charlotte,North Carolina,94500,South,TEC-ACC-18250,Technology,Accessories,Anker USB-C Hub,18.81,4,0.3,4.04
903,CA-2021-011136,2022-10-29,2022-11-02,Second Class,CUS-01045,Ashley Jackson,Corporate,United States,Charlotte,North Carolina,94500,South,TEC-ACC-18250,Technology,Accessories,Anker USB-C Hub,18.81,4,0.3,4.04
904,CA-2021-011136,2022-10-29,2022-11-02,Second Class,CUS-01045,Ashley Jackson,Corporate,United States,Charlotte,North Carolina,94500,South,TEC-ACC-18250,Technology,Accessories,Anker USB-C Hub,18.81,4,0.3,4.04
905,CA-2021-011140,2022-04-30,2022-05-01,Same Day,CUS-01039,Sandra Lee,Corporate,United States,San Francisco,California,32509,West,FUR-TAB-58745,Furniture,Tables,Sauder Palladia Desk,219.05,1,0,41.89
906,CA-2021-011140,2022-04-30,2022-05-01,Same Day,CUS-01039,Sandra Lee,Corporate,United States,San Francisco,California,32509,West,FUR-TAB-58745,Furniture,Tables,Sauder Palladia Desk,219.05,1,0,41.89
907,CA-2021-011140,2022-04-30,2022-05-01,Same Day,CUS-01039,Sandra Lee,Corporate,United States,San Francisco,California,32509,West,FUR-TAB-58745,Furniture,Tables,Sauder Palladia Desk,219.05,1,0,41.89
908,CA-2021-011140,2022-04-30,2022-05-01,Same Day,CUS-01039,Sandra Lee,Corporate,United States,San Francisco,California,32509,West,FUR-TAB-58745,Furniture,Tables,Sauder Palladia Desk,219.05,1,0,41.89
909,CA-2020-011144,2019-11-26,2019-11-28,First Class,CUS-01023,Betty Garcia,Corporate,United States,Seattle,Washington,41182,West,TEC-PHO-85304,Technology,Phones,Google Pixel 7,1139.16,5,0.3,141.03
910,CA-2021-011149,2019-10-30,2019-11-02,First Class,CUS-01070,Mary Lee,Home Office,United States,Phoenix,Arizona,49526,West,TEC-PHO-75459,Technology,Phones,Motorola Moto G,1806.03,8,0.3,203.04
911,CA-2021-011149,2019-10-30,2019-11-02,First Class,CUS-01070,Mary Lee,Home Office,United States,Phoenix,Arizona,49526,West,TEC-PHO-75459,Technology,Phones,Motorola Moto G,1806.03,8,0.3,203.04
912,CA-2021-011149,2019-10-30,2019-11-02,First Class,CUS-01070,Mary Lee,Home Office,United States,Phoenix,Arizona,49526,West,TEC-PHO-75459,Technology,Phones,Motorola Moto G,1806.03,8,0.3,203.04
913,CA-2021-011152,2020-08-16,2020-08-21,Second Class,CUS-01094,James Wilson,Corporate,United States,Miami,Florida,24721,South,OFF-STO-28274,Office Supplies,Storage,Avery Lateral File,51.37,2,0.2,3.08
914,CA-2021-011152,2020-08-16,2020-08-21,Second Class,CUS-01094,James Wilson,Corporate,United States,Miami,Florida,24721,South,OFF-STO-28274,Office Supplies,Storage,Avery Lateral File,51.37,2,0.2,3.08
915,CA-2022-011156,2019-07-09,2019-07-11,First Class,CUS-01078,Donald Davis,Corporate,United States,Phoenix,Arizona,79000,West,TEC-ACC-12955,Technology,Accessories,Anker USB-C Hub,69.12,8,0,30.43
916,CA-2022-011156,2019-07-09,2019-07-11,First Class,CUS-01078,Donald Davis,Corporate,United States,Phoenix,Arizona,79000,West,TEC-ACC-12955,Technology,Accessories,Anker USB-C Hub,69.12,8,0,30.43
917,CA-2022-011156,2019-07-09,2019-07-11,First Class,CUS-01078,Donald Davis,Corporate,United States,Phoenix,Arizona,79000,West,TEC-ACC-12955,Technology,Accessories,Anker USB-C Hub,69.12,8,0,30.43
918,CA-2022-011156,2019-07-09,2019-07-11,First Class,CUS-01078,Donald Davis,Corporate,United States,Phoenix,Arizona,79000,West,TEC-ACC-12955,Technology,Accessories,Anker USB-C Hub,69.12,8,0,30.43
919,CA-2020-011159,2020-10-12,2020-10-19,Standard Class,CUS-01047,Linda White,Home Office,United States,Atlanta,Georgia,66051,South,FUR-FUR-11597,Furniture,Furnishings,Master Caster Doorstop,309.74,6,0.2,136.6
920,CA-2020-011163,2021-05-01,2021-05-02,Same Day,CUS-01021,Joseph Brown,Corporate,United States,Charlotte,North Carolina,28293,South,OFF-PAP-37234,Office Supplies,Paper,Hammermill Premium Copy Paper,32.85,9,0.3,2.51
921,CA-2020-011163,2021-05-01,2021-05-02,Same Day,CUS-01021,Joseph Brown,Corporate,United States,Charlotte,North Carolina,28293,South,OFF-PAP-37234,Office Supplies,Paper,Hammermill Premium Copy Paper,32.85,9,0.3,2.51
922,CA-2020-011163,2021-05-01,2021-05-02,Same Day,CUS-01021,Joseph Brown,Corporate,United States,Charlotte,North Carolina,28293,South,OFF-PAP-37234,Office Supplies,Paper,Hammermill Premium Copy Paper,32.85,9,0.3,2.51
923,CA-2020-011163,2021-05-01,2021-05-02,Same Day,CUS-01021,Joseph Brown,Corporate,United States,Charlotte,North Carolina,28293,South,OFF-PAP-37234,Office Supplies,Paper,Hammermill Premium Copy Paper,32.85,9,0.3,2.51
924,CA-2019-011167,2021-04-18,2021-04-21,First Class,CUS-01023,Betty Garcia,Corporate,United States,Nashville,Tennessee,27947,South,TEC-COM-47940,Technology,Computers,Apple MacBook Air,313.18,1,0.2,120.21
925,CA-2019-011167,2021-04-18,2021-04-21,First Class,CUS-01023,Betty Garcia,Corporate,United States,Nashville,Tennessee,27947,South,TEC-COM-47940,Technology,Computers,Apple MacBook Air,313.18,1,0.2,120.21
926,CA-2019-011167,2021-04-18,2021-04-21,First Class,CUS-01023,Betty Garcia,Corporate,United States,Nashville,Tennessee,27947,South,TEC-COM-47940,Technology,Computers,Apple MacBook Air,313.18,1,0.2,120.21
927,CA-2022-011168,2021-08-07,2021-08-10,Second Class,CUS-01102,Jennifer Garcia,Consumer,United States,Philadelphia,Pennsylvania,44429,East,FUR-FUR-95696,Furniture,Furnishings,Deflect-O Chair Mat,196.31,5,0.4,-11.95
928,CA-2022-011168,2021-08-07,2021-08-10,Second Class,CUS-01102,Jennifer Garcia,Consumer,United States,Philadelphia,Pennsylvania,44429,East,FUR-FUR-95696,Furniture,Furnishings,Deflect-O Chair Mat,196.31,5,0.4,-11.95
929,CA-2019-011173,2020-07-21,2020-07-21,Same Day,CUS-01077,William Clark,Home Office,United States,Columbus,Ohio,72978,Central,OFF-APP-92312,Office Supplies,Appliances,Bostitch QuietSharp Sharpener,151.44,2,0.3,38.62
930,CA-2021-011174,2022-04-06,2022-04-11,Standard Class,CUS-01041,Emily Williams,Consumer,United States,Atlanta,Georgia,56843,South,TEC-PHO-57338,Technology,Phones,Google Pixel 7,3711.08,6,0,615.83
931,CA-2020-011176,2019-07-13,2019-07-18,Second Class,CUS-01042,Linda Jones,Home Office,United States,Minneapolis,Minnesota,45580,Central,OFF-ENV-80047,Office Supplies,Envelopes,Quality Park Catalog Envelopes,25.56,3,0,2.68
932,CA-2020-011176,2019-07-13,2019-07-18,Second Class,CUS-01042,Linda Jones,Home Office,United States,Minneapolis,Minnesota,45580,Central,OFF-ENV-80047,Office Supplies,Envelopes,Quality Park Catalog Envelopes,25.56,3,0,2.68
933,CA-2020-011176,2019-07-13,2019-07-18,Second Class,CUS-01042,Linda Jones,Home Office,United States,Minneapolis,Minnesota,45580,Central,OFF-ENV-80047,Office Supplies,Envelopes,Quality Park Catalog Envelopes,25.56,3,0,2.68
934,CA-2021-011178,2021-04-23,2021-04-25,First Class,CUS-01014,Thomas Johnson,Home Office,United States,Seattle,Washington,75979,West,TEC-COM-64702,Technology,Computers,Dell Inspiron 15,2087.38,2,0,788.07
935,CA-2022-011182,2020-09-30,2020-10-02,First Class,CUS-01105,Sarah Lee,Home Office,United States,Nashville,Tennessee,78566,South,FUR-TAB-49935,Furniture,Tables,Realspace Magellan Corner Desk,128.16,2,0.1,13.01
936,CA-2022-011182,2020-09-30,2020-10-02,First Class,CUS-01105,Sarah Lee,Home Office,United States,Nashville,Tennessee,78566,South,FUR-TAB-49935,Furniture,Tables,Realspace Magellan Corner Desk,128.16,2,0.1,13.01
937,CA-2020-011185,2019-09-14,2019-09-17,Second Class,CUS-01011,Barbara Miller,Corporate,United States,Houston,Texas,20188,South,TEC-COP-15572,Technology,Copiers,Xerox B210,178.21,1,0,42.35
938,CA-2020-011185,2019-09-14,2019-09-17,Second Class,CUS-01011,Barbara Miller,Corporate,United States,Houston,Texas,20188,South,TEC-COP-15572,Technology,Copiers,Xerox B210,178.21,1,0,42.35
939,CA-2020-011185,2019-09-14,2019-09-17,Second Class,CUS-01011,Barbara Miller,Corporate,United States,Houston,Texas,20188,South,TEC-COP-15572,Technology,Copiers,Xerox B210,178.21,1,0,42.35
940,CA-2019-011188,2020-09-09,2020-09-14,Standard Class,CUS-01101,David Johnson,Home Office,United States,Washington,District of Columbia,36922,East,OFF-LAB-97896,Office Supplies,Labels,Avery Easy Peel Labels,10.36,2,0,4.02
941,CA-2019-011188,2020-09-09,2020-09-14,Standard Class,CUS-01101,David Johnson,Home Office,United States,Washington,District of Columbia,36922,East,OFF-LAB-97896,Office Supplies,Labels,Avery Easy Peel Labels,10.36,2,0,4.02
942,CA-2019-011188,2020-09-09,2020-09-14,Standard Class,CUS-01101,David Johnson,Home Office,United States,Washington,District of Columbia,36922,East,OFF-LAB-97896,Office Supplies,Labels,Avery Easy Peel Labels,10.36,2,0,4.02
943,CA-2021-011189,2019-11-25,2019-11-30,Second Class,CUS-01073,Patricia Davis,Consumer,United States,New York,New York,85777,East,TEC-MAC-35106,Technology,Machines,Zebra ZT411 Label Printer,1308.4,3,0,574.95
944,CA-2020-011192,2022-12-20,2022-12-21,Same Day,CUS-01090,James Williams,Consumer,United States,Portland,Oregon,98280,West,TEC-COM-59756,Technology,Computers,Lenovo ThinkPad X1,2680.37,9,0.1,571.0
945,CA-2020-011192,2022-12-20,2022-12-21,Same Day,CUS-01090,James Williams,Consumer,United States,Portland,Oregon,98280,West,TEC-COM-59756,Technology,Computers,Lenovo ThinkPad X1,2680.37,9,0.1,571.0
946,CA-2020-011192,2022-12-20,2022-12-21,Same Day,CUS-01090,James Williams,Consumer,United States,Portland,Oregon,98280,West,TEC-COM-59756,Technology,Computers,Lenovo ThinkPad X1,2680.37,9,0.1,571.0
947,CA-2019-011197,2019-08-14,2019-08-18,Second Class,CUS-01098,Patricia Clark,Corporate,United States,Minneapolis,Minnesota,83024,Central,OFF-BIN-53006,Office Supplies,Binders,Avery Heavy Duty Binder,30.51,7,0.2,7.1
948,CA-2019-011197,2019-08-14,2019-08-18,Second Class,CUS-01098,Patricia Clark,Corporate,United States,Minneapolis,Minnesota,83024,Central,OFF-BIN-53006,Office Supplies,Binders,Avery Heavy Duty Binder,30.51,7,0.2,7.1
949,CA-2019-011197,2019-08-14,2019-08-18,Second Class,CUS-01098,Patricia Clark,Corporate,United States,Minneapolis,Minnesota,83024,Central,OFF-BIN-53006,Office Supplies,Binders,Avery Heavy Duty Binder,30.51,7,0.2,7.1
950,CA-2022-011201,2022-02-08,2022-02-09,Same Day,CUS-01110,Margaret Jones,Home Office,United States,Atlanta,Georgia,19123,South,FUR-BOO-11675,Furniture,Bookcases,Bush Furniture Cabot Bookcase,2789.04,8,0,581.65
951,CA-2019-011203,2021-03-19,2021-03-19,Same Day,CUS-01095,Ashley Hernandez,Corporate,United States,Los Angeles,California,57672,West,TEC-ACC-87982,Technology,Accessories,Anker USB-C Hub,371.88,7,0,53.23
952,CA-2019-011203,2021-03-19,2021-03-19,Same Day,CUS-01095,Ashley Hernandez,Corporate,United States,Los Angeles,California,57672,West,TEC-ACC-87982,Technology,Accessories,Anker USB-C Hub,371.88,7,0,53.23
953,CA-2019-011203,2021-03-19,2021-03-19,Same Day,CUS-01095,Ashley Hernandez,Corporate,United States,Los Angeles,California,57672,West,TEC-ACC-87982,Technology,Accessories,Anker USB-C Hub,371.88,7,0,53.23
954,CA-2019-011203,2021-03-19,2021-03-19,Same Day,CUS-01095,Ashley Hernandez,Corporate,United States,Los Angeles,California,57672,West,TEC-ACC-87982,Technology,Accessories,Anker USB-C Hub,371.88,7,0,53.23
955,CA-2022-011205,2022-04-06,2022-04-09,First Class,CUS-01046,James White,Home Office,United States,Nashville,Tennessee,63011,South,FUR-BOO-69589,Furniture,Bookcases,Bush Furniture Cabot Bookcase,112.92,5,0.5,-14.05
956,CA-2022-011205,2022-04-06,2022-04-09,First Class,CUS-01046,James White,Home Office,United States,Nashville,Tennessee,63011,South,FUR-BOO-69589,Furniture,Bookcases,Bush Furniture Cabot Bookcase,112.92,5,0.5,-14.05
957,CA-2019-011208,2019-04-19,2019-04-25,Standard Class,CUS-01087,Susan Martinez,Corporate,United States,Philadelphia,Pennsylvania,60152,East,OFF-ENV-49682,Office Supplies,Envelopes,Quality Park Catalog Envelopes,13.45,2,0,4.23
958,CA-2019-011208,2019-04-19,2019-04-25,Standard Class,CUS-01087,Susan Martinez,Corporate,United States,Philadelphia,Pennsylvania,60152,East,OFF-ENV-49682,Office Supplies,Envelopes,Quality Park Catalog Envelopes,13.45,2,0,4.23
959,CA-2019-011208,2019-04-19,2019-04-25,Standard Class,CUS-01087,Susan Martinez,Corporate,United States,Philadelphia,Pennsylvania,60152,East,OFF-ENV-49682,Office Supplies,Envelopes,Quality Park Catalog Envelopes,13.45,2,0,4.23
960,CA-2019-011208,2019-04-19,2019-04-25,Standard Class,CUS-01087,Susan Martinez,Corporate,United States,Philadelphia,Pennsylvania,60152,East,OFF-ENV-49682,Office Supplies,Envelopes,Quality Park Catalog Envelopes,13.45,2,0,4.23
961,CA-2022-011209,2020-08-24,2020-08-25,Same Day,CUS-01065,Richard Harris,Corporate,United States,Columbus,Ohio,55038,Central,OFF-SUP-14141,Office Supplies,Supplies,Pilot G2 Gel Pen 12-Pack,8.63,2,0.4,-0.99
962,CA-2022-011209,2020-08-24,2020-08-25,Same Day,CUS-01065,Richard Harris,Corporate,United States,Columbus,Ohio,55038,Central,OFF-SUP-14141,Office Supplies,Supplies,Pilot G2 Gel Pen 12-Pack,8.63,2,0.4,-0.99
963,CA-2022-011209,2020-08-24,2020-08-25,Same Day,CUS-01065,Richard Harris,Corporate,United States,Columbus,Ohio,55038,Central,OFF-SUP-14141,Office Supplies,Supplies,Pilot G2 Gel Pen 12-Pack,8.63,2,0.4,-0.99
964,CA-2022-011209,2020-08-24,2020-08-25,Same Day,CUS-01065,Richard Harris,Corporate,United States,Columbus,Ohio,55038,Central,OFF-SUP-14141,Office Supplies,Supplies,Pilot G2 Gel Pen 12-Pack,8.63,2,0.4,-0.99
965,CA-2022-011211,2019-03-15,2019-03-20,Standard Class,CUS-01072,James Williams,Home Office,United States,Dallas,Texas,74419,Central,FUR-TAB-60997,Furniture,Tables,Sauder Palladia Desk,124.93,2,0.5,-19.62
966,CA-2022-011211,2019-03-15,2019-03-20,Standard Class,CUS-01072,James Williams,Home Office,United States,Dallas,Texas,74419,Central,FUR-TAB-60997,Furniture,Tables,Sauder Palladia Desk,124.93,2,0.5,-19.62
967,CA-2022-011211,2019-03-15,2019-03-20,Standard Class,CUS-01072,James Williams,Home Office,United States,Dallas,Texas,74419,Central,FUR-TAB-60997,Furniture,Tables,Sauder Palladia Desk,124.93,2,0.5,-19.62
968,CA-2022-011211,2019-03-15,2019-03-20,Standard Class,CUS-01072,James Williams,Home Office,United States,Dallas,Texas,74419,Central,FUR-TAB-60997,Furniture,Tables,Sauder Palladia Desk,124.93,2,0.5,-19.62
969,CA-2022-011215,2019-11-17,2019-11-23,Standard Class,CUS-01034,Christopher Miller,Home Office,United States,Nashville,Tennessee,59518,South,OFF-ENV-52006,Office Supplies,Envelopes,Staples 10-Envelope Box,29.89,10,0,3.03
970,CA-2022-011215,2019-11-17,2019-11-23,Standard Class,CUS-01034,Christopher Miller,Home Office,United States,Nashville,Tennessee,59518,South,OFF-ENV-52006,Office Supplies,Envelopes,Staples 10-Envelope Box,29.89,10,0,3.03
971,CA-2022-011215,2019-11-17,2019-11-23,Standard Class,CUS-01034,Christopher Miller,Home Office,United States,Nashville,Tennessee,59518,South,OFF-ENV-52006,Office Supplies,Envelopes,Staples 10-Envelope Box,29.89,10,0,3.03
972,CA-2021-011220,2019-02-25,2019-02-28,First Class,CUS-01013,Michael Gonzalez,Corporate,United States,Miami,Florida,56840,South,FUR-BOO-96670,Furniture,Bookcases,Bush Furniture Cabot Bookcase,415.44,4,0.2,119.24
973,CA-2021-011225,2020-11-22,2020-11-25,Second Class,CUS-01069,Joseph Williams,Corporate,United States,Chicago,Illinois,70412,Central,OFF-APP-77470,Office Supplies,Appliances,ACCO 3-Hole Punch,680.92,5,0,223.6
974,CA-2021-011226,2022-03-14,2022-03-15,Same Day,CUS-01074,John Lopez,Consumer,United States,Baltimore,Maryland,23114,East,OFF-LAB-75107,Office Supplies,Labels,Staples Multipurpose Labels,40.17,6,0,11.89
975,CA-2021-011226,2022-03-14,2022-03-15,Same Day,CUS-01074,John Lopez,Consumer,United States,Baltimore,Maryland,23114,East,OFF-LAB-75107,Office Supplies,Labels,Staples Multipurpose Labels,40.17,6,0,11.89
976,CA-2021-011226,2022-03-14,2022-03-15,Same Day,CUS-01074,John Lopez,Consumer,United States,Baltimore,Maryland,23114,East,OFF-LAB-75107,Office Supplies,Labels,Staples Multipurpose Labels,40.17,6,0,11.89
977,CA-2022-011230,2021-10-14,2021-10-21,Standard Class,CUS-01028,Sarah Garcia,Corporate,United States,Minneapolis,Minnesota,16230,Central,FUR-FUR-91863,Furniture,Furnishings,Deflect-O Chair Mat,96.18,2,0,27.58
978,CA-2022-011230,2021-10-14,2021-10-21,Standard Class,CUS-01028,Sarah Garcia,Corporate,United States,Minneapolis,Minnesota,16230,Central,FUR-FUR-91863,Furniture,Furnishings,Deflect-O Chair Mat,96.18,2,0,27.58
979,CA-2022-011230,2021-10-14,2021-10-21,Standard Class,CUS-01028,Sarah Garcia,Corporate,United States,Minneapolis,Minnesota,16230,Central,FUR-FUR-91863,Furniture,Furnishings,Deflect-O Chair Mat,96.18,2,0,27.58
980,CA-2019-011232,2021-12-23,2021-12-24,Same Day,CUS-01027,David Martin,Home Office,United States,Chicago,Illinois,95398,Central,FUR-BOO-96960,Furniture,Bookcases,Sauder Cottage Road Bookcase,129.35,4,0.4,-13.64
981,CA-2019-011232,2021-12-23,2021-12-24,Same Day,CUS-01027,David Martin,Home Office,United States,Chicago,Illinois,95398,Central,FUR-BOO-96960,Furniture,Bookcases,Sauder Cottage Road Bookcase,129.35,4,0.4,-13.64
982,CA-2019-011232,2021-12-23,2021-12-24,Same Day,CUS-01027,David Martin,Home Office,United States,Chicago,Illinois,95398,Central,FUR-BOO-96960,Furniture,Bookcases,Sauder Cottage Road Bookcase,129.35,4,0.4,-13.64
983,CA-2019-011232,2021-12-23,2021-12-24,Same Day,CUS-01027,David Martin,Home Office,United States,Chicago,Illinois,95398,Central,FUR-BOO-96960,Furniture,Bookcases,Sauder Cottage Road Bookcase,129.35,4,0.4,-13.64
984,CA-2020-011237,2022-07-09,2022-07-14,Second Class,CUS-01064,Sandra Miller,Home Office,United States,Portland,Oregon,45118,West,OFF-SUP-66849,Office Supplies,Supplies,Scotch Magic Tape,12.29,1,0.1,2.4
985,CA-2020-011237,2022-07-09,2022-07-14,Second Class,CUS-01064,Sandra Miller,Home Office,United States,Portland,Oregon,45118,West,OFF-SUP-66849,Office Supplies,Supplies,Scotch Magic Tape,12.29,1,0.1,2.4
986,CA-2020-011238,2022-11-04,2022-11-07,First Class,CUS-01053,Richard Jones,Corporate,United States,Chicago,Illinois,93090,Central,TEC-COP-47623,Technology,Copiers,Ricoh IM C300,4834.13,5,0.1,1026.51
987,CA-2020-011240,2019-02-26,2019-03-02,Second Class,CUS-01060,Emily Williams,Home Office,United States,Nashville,Tennessee,67164,South,FUR-CHA-30887,Furniture,Chairs,Steelcase Leap V2,82.64,1,0.2,30.24
988,CA-2020-011240,2019-02-26,2019-03-02,Second Class,CUS-01060,Emily Williams,Home Office,United States,Nashville,Tennessee,67164,South,FUR-CHA-30887,Furniture,Chairs,Steelcase Leap V2,82.64,1,0.2,30.24
989,CA-2020-011240,2019-02-26,2019-03-02,Second Class,CUS-01060,Emily Williams,Home Office,United States,Nashville,Tennessee,67164,South,FUR-CHA-30887,Furniture,Chairs,Steelcase Leap V2,82.64,1,0.2,30.24
990,CA-2020-011242,2021-09-22,2021-09-27,Standard Class,CUS-01111,Lisa Taylor,Corporate,United States,Boston,Massachusetts,88852,East,FUR-CHA-57636,Furniture,Chairs,Flash Furniture Mesh Chair,379.83,2,0.4,-81.14
991,CA-2020-011242,2021-09-22,2021-09-27,Standard Class,CUS-01111,Lisa Taylor,Corporate,United States,Boston,Massachusetts,88852,East,FUR-CHA-57636,Furniture,Chairs,Flash Furniture Mesh Chair,379.83,2,0.4,-81.14
992,CA-2020-011243,2022-03-15,2022-03-22,Standard Class,CUS-01086,Mark Jones,Corporate,United States,Kansas City,Missouri,21829,Central,TEC-MAC-51079,Technology,Machines,Zebra ZT411 Label Printer,622.63,10,0.4,-115.92
993,CA-2020-011243,2022-03-15,2022-03-22,Standard Class,CUS-01086,Mark Jones,Corporate,United States,Kansas City,Missouri,21829,Central,TEC-MAC-51079,Technology,Machines,Zebra ZT411 Label Printer,622.63,10,0.4,-115.92
994,CA-2022-011244,2019-10-23,2019-10-28,Standard Class,CUS-01028,Sarah Garcia,Corporate,United States,Kansas City,Missouri,63526,Central,FUR-CHA-79922,Furniture,Chairs,Flash Furniture Mesh Chair,137.38,2,0.3,36.86
995,CA-2022-011244,2019-10-23,2019-10-28,Standard Class,CUS-01028,Sarah Garcia,Corporate,United States,Kansas City,Missouri,63526,Central,FUR-CHA-79922,Furniture,Chairs,Flash Furniture Mesh Chair,137.38,2,0.3,36.86
996,CA-2022-011244,2019-10-23,2019-10-28,Standard Class,CUS-01028,Sarah Garcia,Corporate,United States,Kansas City,Missouri,63526,Central,FUR-CHA-79922,Furniture,Chairs,Flash Furniture Mesh Chair,137.38,2,0.3,36.86
997,CA-2022-011244,2019-10-23,2019-10-28,Standard Class,CUS-01028,Sarah Garcia,Corporate,United States,Kansas City,Missouri,63526,Central,FUR-CHA-79922,Furniture,Chairs,Flash Furniture Mesh Chair,137.38,2,0.3,36.86
998,CA-2020-011246,2019-10-24,2019-10-27,First Class,CUS-01092,Donald Miller,Corporate,United States,Minneapolis,Minnesota,12762,Central,OFF-BIN-96798,Office Supplies,Binders,Mead Flex Binder,5.39,1,0.1,0.81
999,CA-2020-011246,2019-10-24,2019-10-27,First Class,CUS-01092,Donald Miller,Corporate,United States,Minneapolis,Minnesota,12762,Central,OFF-BIN-96798,Office Supplies,Binders,Mead Flex Binder,5.39,1,0.1,0.81
1000,CA-2020-011246,2019-10-24,2019-10-27,First Class,CUS-01092,Donald Miller,Corporate,United States,Minneapolis,Minnesota,12762,Central,OFF-BIN-96798,Office Supplies,Binders,Mead Flex Binder,5.39,1,0.1,0.81
1001,CA-2020-011246,2019-10-24,2019-10-27,First Class,CUS-01092,Donald Miller,Corporate,United States,Minneapolis,Minnesota,12762,Central,OFF-BIN-96798,Office Supplies,Binders,Mead Flex Binder,5.39,1,0.1,0.81
1002,CA-2021-011249,2022-11-04,2022-11-11,Standard Class,CUS-01111,Lisa Taylor,Corporate,United States,Portland,Oregon,60917,West,TEC-COP-49438,Technology,Copiers,Ricoh IM C300,651.68,4,0.2,87.42
1003,CA-2021-011249,2022-11-04,2022-11-11,Standard Class,CUS-01111,Lisa Taylor,Corporate,United States,Portland,Oregon,60917,West,TEC-COP-49438,Technology,Copiers,Ricoh IM C300,651.68,4,0.2,87.42
1004,CA-2022-011252,2022-08-12,2022-08-12,Same Day,CUS-01036,Ashley Jones,Corporate,United States,Baltimore,Maryland,71746,East,OFF-APP-65360,Office Supplies,Appliances,Bostitch QuietSharp Sharpener,265.96,2,0,87.61
1005,CA-2021-011255,2022-05-18,2022-05-21,First Class,CUS-01089,Michael Johnson,Home Office,United States,New York,New York,94066,East,OFF-ART-68117,Office Supplies,Art,Sharpie Permanent Markers,36.22,3,0,7.62
1006,CA-2021-011255,2022-05-18,2022-05-21,First Class,CUS-01089,Michael Johnson,Home Office,United States,New York,New York,94066,East,OFF-ART-68117,Office Supplies,Art,Sharpie Permanent Markers,36.22,3,0,7.62
1007,CA-2021-011255,2022-05-18,2022-05-21,First Class,CUS-01089,Michael Johnson,Home Office,United States,New York,New York,94066,East,OFF-ART-68117,Office Supplies,Art,Sharpie Permanent Markers,36.22,3,0,7.62
1008,CA-2021-011259,2019-06-18,2019-06-23,Standard Class,CUS-01032,Christopher Wilson,Corporate,United States,Phoenix,Arizona,99883,West,FUR-BOO-72700,Furniture,Bookcases,Sauder Cottage Road Bookcase,249.85,3,0.2,29.83
1009,CA-2021-011259,2019-06-18,2019-06-23,Standard Class,CUS-01032,Christopher Wilson,Corporate,United States,Phoenix,Arizona,99883,West,FUR-BOO-72700,Furniture,Bookcases,Sauder Cottage Road Bookcase,249.85,3,0.2,29.83
1010,CA-2021-011259,2019-06-18,2019-06-23,Standard Class,CUS-01032,Christopher Wilson,Corporate,United States,Phoenix,Arizona,99883,West,FUR-BOO-72700,Furniture,Bookcases,Sauder Cottage Road Bookcase,249.85,3,0.2,29.83
1011,CA-2021-011264,2019-06-22,2019-06-23,Same Day,CUS-01024,Daniel Miller,Home Office,United States,Charlotte,North Carolina,84762,South,TEC-PHO-83207,Technology,Phones,Apple iPhone 14,1692.21,4,0,743.99
1012,CA-2021-011264,2019-06-22,2019-06-23,Same Day,CUS-01024,Daniel Miller,Home Office,United States,Charlotte,North Carolina,84762,South,TEC-PHO-83207,Technology,Phones,Apple iPhone 14,1692.21,4,0,743.99
1013,CA-2021-011266,2019-04-12,2019-04-13,Same Day,CUS-01077,William Clark,Home Office,United States,Dallas,Texas,21673,Central,FUR-TAB-25381,Furniture,Tables,Realspace Magellan Corner Desk,176.84,9,0.4,-31.77
1014,CA-2021-011266,2019-04-12,2019-04-13,Same Day,CUS-01077,William Clark,Home Office,United States,Dallas,Texas,21673,Central,FUR-TAB-25381,Furniture,Tables,Realspace Magellan Corner Desk,176.84,9,0.4,-31.77
1015,CA-2021-011266,2019-04-12,2019-04-13,Same Day,CUS-01077,William Clark,Home Office,United States,Dallas,Texas,21673,Central,FUR-TAB-25381,Furniture,Tables,Realspace Magellan Corner Desk,176.84,9,0.4,-31.77
1016,CA-2021-011266,2019-04-12,2019-04-13,Same Day,CUS-01077,William Clark,Home Office,United States,Dallas,Texas,21673,Central,FUR-TAB-25381,Furniture,Tables,Realspace Magellan Corner Desk,176.84,9,0.4,-31.77
1017,CA-2022-011268,2020-04-04,2020-04-07,Second Class,CUS-01111,Lisa Taylor,Corporate,United States,Minneapolis,Minnesota,74771,Central,FUR-TAB-37080,Furniture,Tables,Sauder Palladia Desk,660.9,5,0.1,143.63
1018,CA-2022-011268,2020-04-04,2020-04-07,Second Class,CUS-01111,Lisa Taylor,Corporate,United States,Minneapolis,Minnesota,74771,Central,FUR-TAB-37080,Furniture,Tables,Sauder Palladia Desk,660.9,5,0.1,143.63
1019,CA-2022-011268,2020-04-04,2020-04-07,Second Class,CUS-01111,Lisa Taylor,Corporate,United States,Minneapolis,Minnesota,74771,Central,FUR-TAB-37080,Furniture,Tables,Sauder Palladia Desk,660.9,5,0.1,143.63
1020,CA-2022-011268,2020-04-04,2020-04-07,Second Class,CUS-01111,Lisa Taylor,Corporate,United States,Minneapolis,Minnesota,74771,Central,FUR-TAB-37080,Furniture,Tables,Sauder Palladia Desk,660.9,5,0.1,143.63
1021,CA-2020-011269,2020-08-17,2020-08-19,First Class,CUS-01080,Michael White,Corporate,United States,Atlanta,Georgia,58449,South,OFF-STO-11352,Office Supplies,Storage,Avery Lateral File,43.29,6,0.4,-7.03
1022,CA-2020-011269,2020-08-17,2020-08-19,First Class,CUS-01080,Michael White,Corporate,United States,Atlanta,Georgia,58449,South,OFF-STO-11352,Office Supplies,Storage,Avery Lateral File,43.29,6,0.4,-7.03
1023,CA-2020-011269,2020-08-17,2020-08-19,First Class,CUS-01080,Michael White,Corporate,United States,Atlanta,Georgia,58449,South,OFF-STO-11352,Office Supplies,Storage,Avery Lateral File,43.29,6,0.4,-7.03
1024,CA-2020-011269,2020-08-17,2020-08-19,First Class,CUS-01080,Michael White,Corporate,United States,Atlanta,Georgia,58449,South,OFF-STO-11352,Office Supplies,Storage,Avery Lateral File,43.29,6,0.4,-7.03
1025,CA-2022-011270,2020-06-08,2020-06-13,Standard Class,CUS-01072,James Williams,Home Office,United States,New York,New York,53628,East,TEC-COP-89478,Technology,Copiers,Ricoh IM C300,3565.47,10,0,185.92
1026,CA-2022-011270,2020-06-08,2020-06-13,Standard Class,CUS-01072,James Williams,Home Office,United States,New York,New York,53628,East,TEC-COP-89478,Technology,Copiers,Ricoh IM C300,3565.47,10,0,185.92
1027,CA-2022-011270,2020-06-08,2020-06-13,Standard Class,CUS-01072,James Williams,Home Office,United States,New York,New York,53628,East,TEC-COP-89478,Technology,Copiers,Ricoh IM C300,3565.47,10,0,185.92
1028,CA-2022-011270,2020-06-08,2020-06-13,Standard Class,CUS-01072,James Williams,Home Office,United States,New York,New York,53628,East,TEC-COP-89478,Technology,Copiers,Ricoh IM C300,3565.47,10,0,185.92
1029,CA-2021-011275,2022-10-06,2022-10-08,First Class,CUS-01115,William Gonzalez,Consumer,United States,Washington,District of Columbia,33510,East,FUR-TAB-74597,Furniture,Tables,Realspace Magellan Corner Desk,1689.45,8,0,145.06
1030,CA-2021-011275,2022-10-06,2022-10-08,First Class,CUS-01115,William Gonzalez,Consumer,United States,Washington,District of Columbia,33510,East,FUR-TAB-74597,Furniture,Tables,Realspace Magellan Corner Desk,1689.45,8,0,145.06
1031,CA-2021-011275,2022-10-06,2022-10-08,First Class,CUS-01115,William Gonzalez,Consumer,United States,Washington,District of Columbia,33510,East,FUR-TAB-74597,Furniture,Tables,Realspace Magellan Corner Desk,1689.45,8,0,145.06
1032,CA-2021-011275,2022-10-06,2022-10-08,First Class,CUS-01115,William Gonzalez,Consumer,United States,Washington,District of Columbia,33510,East,FUR-TAB-74597,Furniture,Tables,Realspace Magellan Corner Desk,1689.45,8,0,145.06
1033,CA-2020-011279,2019-08-28,2019-08-30,First Class,CUS-01017,Charles Thompson,Home Office,United States,Miami,Florida,57263,South,FUR-BOO-90338,Furniture,Bookcases,Sauder Cottage Road Bookcase,524.26,5,0.3,117.6
1034,CA-2020-011279,2019-08-28,2019-08-30,First Class,CUS-01017,Charles Thompson,Home Office,United States,Miami,Florida,57263,South,FUR-BOO-90338,Furniture,Bookcases,Sauder Cottage Road Bookcase,524.26,5,0.3,117.6
1035,CA-2021-011282,2019-11-06,2019-11-06,Same Day,CUS-01025,Karen Harris,Home Office,United States,Los Angeles,California,40128,West,TEC-PHO-44108,Technology,Phones,Motorola Moto G,435.06,8,0.4,-20.97
1036,CA-2021-011282,2019-11-06,2019-11-06,Same Day,CUS-01025,Karen Harris,Home Office,United States,Los Angeles,California,40128,West,TEC-PHO-44108,Technology,Phones,Motorola Moto G,435.06,8,0.4,-20.97
1037,CA-2021-011282,2019-11-06,2019-11-06,Same Day,CUS-01025,Karen Harris,Home Office,United States,Los Angeles,California,40128,West,TEC-PHO-44108,Technology,Phones,Motorola Moto G,435.06,8,0.4,-20.97
1038,CA-2021-011282,2019-11-06,2019-11-06,Same Day,CUS-01025,Karen Harris,Home Office,United States,Los Angeles,California,40128,West,TEC-PHO-44108,Technology,Phones,Motorola Moto G,435.06,8,0.4,-20.97
1039,CA-2019-011286,2020-12-31,2021-01-01,Same Day,CUS-01064,Sandra Miller,Home Office,United States,Philadelphia,Pennsylvania,26207,East,FUR-CHA-47239,Furniture,Chairs,Steelcase Leap V2,282.39,3,0.2,77.75
1040,CA-2019-011286,2020-12-31,2021-01-01,Same Day,CUS-01064,Sandra Miller,Home Office,United States,Philadelphia,Pennsylvania,26207,East,FUR-CHA-47239,Furniture,Chairs,Steelcase Leap V2,282.39,3,0.2,77.75
1041,CA-2019-011290,2022-03-14,2022-03-18,Second Class,CUS-01118,Lisa Perez,Home Office,United States,Philadelphia,Pennsylvania,75288,East,OFF-PAP-13402,Office Supplies,Paper,HP Office Paper 500-Sheet,23.92,2,0.4,-2.39
1042,CA-2021-011295,2019-03-01,2019-03-07,Standard Class,CUS-01107,Anthony White,Home Office,United States,Charlotte,North Carolina,92359,South,FUR-CHA-15747,Furniture,Chairs,Herman Miller Aeron,1737.4,8,0.3,745.29
1043,CA-2021-011295,2019-03-01,2019-03-07,Standard Class,CUS-01107,Anthony White,Home Office,United States,Charlotte,North Carolina,92359,South,FUR-CHA-15747,Furniture,Chairs,Herman Miller Aeron,1737.4,8,0.3,745.29
1044,CA-2020-011297,2022-08-11,2022-08-14,First Class,CUS-01103,Robert White,Consumer,United States,New York,New York,81716,East,OFF-APP-62279,Office Supplies,Appliances,Fellowes Saturn Laminator,62.6,4,0.4,-2.68
1045,CA-2020-011297,2022-08-11,2022-08-14,First Class,CUS-01103,Robert White,Consumer,United States,New York,New York,81716,East,OFF-APP-62279,Office Supplies,Appliances,Fellowes Saturn Laminator,62.6,4,0.4,-2.68
1046,CA-2020-011298,2021-04-04,2021-04-06,First Class,CUS-01016,Matthew Williams,Home Office,United States,Kansas City,Missouri,66670,Central,OFF-FAS-89103,Office Supplies,Fasteners,3M Post-it Flags,4.23,2,0.3,1.08
1047,CA-2020-011298,2021-04-04,2021-04-06,First Class,CUS-01016,Matthew Williams,Home Office,United States,Kansas City,Missouri,66670,Central,OFF-FAS-89103,Office Supplies,Fasteners,3M Post-it Flags,4.23,2,0.3,1.08
1048,CA-2020-011298,2021-04-04,2021-04-06,First Class,CUS-01016,Matthew Williams,Home Office,United States,Kansas City,Missouri,66670,Central,OFF-FAS-89103,Office Supplies,Fasteners,3M Post-it Flags,4.23,2,0.3,1.08
1049,CA-2020-011298,2021-04-04,2021-04-06,First Class,CUS-01016,Matthew Williams,Home Office,United States,Kansas City,Missouri,66670,Central,OFF-FAS-89103,Office Supplies,Fasteners,3M Post-it Flags,4.23,2,0.3,1.08
1050,CA-2022-011302,2021-09-02,2021-09-05,First Class,CUS-01012,Michael Williams,Corporate,United States,Miami,Florida,90460,South,TEC-COP-22182,Technology,Copiers,Xerox B210,521.29,6,0.5,-83.56
1051,CA-2022-011302,2021-09-02,2021-09-05,First Class,CUS-01012,Michael Williams,Corporate,United States,Miami,Florida,90460,South,TEC-COP-22182,Technology,Copiers,Xerox B210,521.29,6,0.5,-83.56
1052,CA-2022-011306,2022-07-13,2022-07-19,Standard Class,CUS-01060,Emily Williams,Home Office,United States,Houston,Texas,72601,South,FUR-TAB-99694,Furniture,Tables,IKEA Bekant Desk,1976.07,4,0.4,-166.18
1053,CA-2019-011311,2021-11-17,2021-11-24,Standard Class,CUS-01055,James Perez,Corporate,United States,Houston,Texas,70903,South,OFF-FAS-43405,Office Supplies,Fasteners,Acme Scissors,82.4,9,0,7.88
1054,CA-2019-011311,2021-11-17,2021-11-24,Standard Class,CUS-01055,James Perez,Corporate,United States,Houston,Texas,70903,South,OFF-FAS-43405,Office Supplies,Fasteners,Acme Scissors,82.4,9,0,7.88
1055,CA-2019-011311,2021-11-17,2021-11-24,Standard Class,CUS-01055,James Perez,Corporate,United States,Houston,Texas,70903,South,OFF-FAS-43405,Office Supplies,Fasteners,Acme Scissors,82.4,9,0,7.88
1056,CA-2019-011311,2021-11-17,2021-11-24,Standard Class,CUS-01055,James Perez,Corporate,United States,Houston,Texas,70903,South,OFF-FAS-43405,Office Supplies,Fasteners,Acme Scissors,82.4,9,0,7.88
1057,CA-2020-011312,2021-03-15,2021-03-20,Standard Class,CUS-01054,David Martin,Home Office,United States,Minneapolis,Minnesota,86966,Central,OFF-STO-68975,Office Supplies,Storage,Bankers Box Stor/File,105.06,5,0.3,45.88
1058,CA-2020-011312,2021-03-15,2021-03-20,Standard Class,CUS-01054,David Martin,Home Office,United States,Minneapolis,Minnesota,86966,Central,OFF-STO-68975,Office Supplies,Storage,Bankers Box Stor/File,105.06,5,0.3,45.88
1059,CA-2020-011314,2019-06-10,2019-06-12,First Class,CUS-01056,Emily Smith,Consumer,United States,New York,New York,61764,East,TEC-PHO-95957,Technology,Phones,Samsung Galaxy S22,788.81,7,0.5,-67.49
1060,CA-2020-011314,2019-06-10,2019-06-12,First Class,CUS-01056,Emily Smith,Consumer,United States,New York,New York,61764,East,TEC-PHO-95957,Technology,Phones,Samsung Galaxy S22,788.81,7,0.5,-67.49
1061,CA-2020-011314,2019-06-10,2019-06-12,First Class,CUS-01056,Emily Smith,Consumer,United States,New York,New York,61764,East,TEC-PHO-95957,Technology,Phones,Samsung Galaxy S22,788.81,7,0.5,-67.49
1062,CA-2022-011316,2019-06-29,2019-07-02,Second Class,CUS-01002,Karen Davis,Consumer,United States,Los Angeles,California,12082,West,OFF-LAB-37424,Office Supplies,Labels,Avery Easy Peel Labels,26.23,3,0.1,5.88
1063,CA-2022-011316,2019-06-29,2019-07-02,Second Class,CUS-01002,Karen Davis,Consumer,United States,Los Angeles,California,12082,West,OFF-LAB-37424,Office Supplies,Labels,Avery Easy Peel Labels,26.23,3,0.1,5.88
1064,CA-2019-011319,2021-08-07,2021-08-11,Second Class,CUS-01055,James Perez,Corporate,United States,New York,New York,31771,East,TEC-COP-71799,Technology,Copiers,Xerox B210,580.6,8,0.1,75.79
1065,CA-2019-011319,2021-08-07,2021-08-11,Second Class,CUS-01055,James Perez,Corporate,United States,New York,New York,31771,East,TEC-COP-71799,Technology,Copiers,Xerox B210,580.6,8,0.1,75.79
1066,CA-2019-011319,2021-08-07,2021-08-11,Second Class,CUS-01055,James Perez,Corporate,United States,New York,New York,31771,East,TEC-COP-71799,Technology,Copiers,Xerox B210,580.6,8,0.1,75.79
1067,CA-2019-011319,2021-08-07,2021-08-11,Second Class,CUS-01055,James Perez,Corporate,United States,New York,New York,31771,East,TEC-COP-71799,Technology,Copiers,Xerox B210,580.6,8,0.1,75.79
1068,CA-2019-011322,2019-01-17,2019-01-24,Standard Class,CUS-01109,Christopher Davis,Corporate,United States,Charlotte,North Carolina,74972,South,OFF-SUP-14851,Office Supplies,Supplies,Dixon Ticonderoga Pencils,62.7,8,0.5,-4.48
1069,CA-2019-011325,2022-03-26,2022-03-28,First Class,CUS-01035,Emily Wilson,Home Office,United States,Charlotte,North Carolina,25327,South,FUR-BOO-67177,Furniture,Bookcases,Sauder Cottage Road Bookcase,73.16,5,0.1,17.39
1070,CA-2019-011325,2022-03-26,2022-03-28,First Class,CUS-01035,Emily Wilson,Home Office,United States,Charlotte,North Carolina,25327,South,FUR-BOO-67177,Furniture,Bookcases,Sauder Cottage Road Bookcase,73.16,5,0.1,17.39
1071,CA-2019-011325,2022-03-26,2022-03-28,First Class,CUS-01035,Emily Wilson,Home Office,United States,Charlotte,North Carolina,25327,South,FUR-BOO-67177,Furniture,Bookcases,Sauder Cottage Road Bookcase,73.16,5,0.1,17.39
1072,CA-2019-011325,2022-03-26,2022-03-28,First Class,CUS-01035,Emily Wilson,Home Office,United States,Charlotte,North Carolina,25327,South,FUR-BOO-67177,Furniture,Bookcases,Sauder Cottage Road Bookcase,73.16,5,0.1,17.39
1073,CA-2020-011329,2020-03-25,2020-03-28,First Class,CUS-01017,Charles Thompson,Home Office,United States,Kansas City,Missouri,64638,Central,OFF-ENV-31237,Office Supplies,Envelopes,Staples 10-Envelope Box,67.25,5,0,21.3
1074,CA-2020-011329,2020-03-25,2020-03-28,First Class,CUS-01017,Charles Thompson,Home Office,United States,Kansas City,Missouri,64638,Central,OFF-ENV-31237,Office Supplies,Envelopes,Staples 10-Envelope Box,67.25,5,0,21.3
1075,CA-2020-011334,2019-11-17,2019-11-17,Same Day,CUS-01102,Jennifer Garcia,Consumer,United States,Charlotte,North Carolina,49800,South,TEC-COM-12376,Technology,Computers,Dell Inspiron 15,1577.28,5,0.3,505.94
1076,CA-2020-011334,2019-11-17,2019-11-17,Same Day,CUS-01102,Jennifer Garcia,Consumer,United States,Charlotte,North Carolina,49800,South,TEC-COM-12376,Technology,Computers,Dell Inspiron 15,1577.28,5,0.3,505.94
1077,CA-2019-011336,2020-11-22,2020-11-22,Same Day,CUS-01080,Michael White,Corporate,United States,Los Angeles,California,83660,West,TEC-COP-54606,Technology,Copiers,Ricoh IM C300,992.69,1,0.2,405.54
1078,CA-2019-011337,2021-07-25,2021-07-30,Standard Class,CUS-01101,David Johnson,Home Office,United States,Washington,District of Columbia,15501,East,OFF-PAP-92565,Office Supplies,Paper,Hammermill Premium Copy Paper,11.0,4,0.3,1.24
1079,CA-2019-011337,2021-07-25,2021-07-30,Standard Class,CUS-01101,David Johnson,Home Office,United States,Washington,District of Columbia,15501,East,OFF-PAP-92565,Office Supplies,Paper,Hammermill Premium Copy Paper,11.0,4,0.3,1.24
1080,CA-2019-011337,2021-07-25,2021-07-30,Standard Class,CUS-01101,David Johnson,Home Office,United States,Washington,District of Columbia,15501,East,OFF-PAP-92565,Office Supplies,Paper,Hammermill Premium Copy Paper,11.0,4,0.3,1.24
1081,CA-2022-011341,2021-10-17,2021-10-22,Standard Class,CUS-01083,Michael Johnson,Corporate,United States,Minneapolis,Minnesota,28058,Central,TEC-COM-64493,Technology,Computers,Apple MacBook Air,332.08,1,0.1,127.5
1082,CA-2022-011341,2021-10-17,2021-10-22,Standard Class,CUS-01083,Michael Johnson,Corporate,United States,Minneapolis,Minnesota,28058,Central,TEC-COM-64493,Technology,Computers,Apple MacBook Air,332.08,1,0.1,127.5
1083,CA-2022-011341,2021-10-17,2021-10-22,Standard Class,CUS-01083,Michael Johnson,Corporate,United States,Minneapolis,Minnesota,28058,Central,TEC-COM-64493,Technology,Computers,Apple MacBook Air,332.08,1,0.1,127.5
1084,CA-2022-011341,2021-10-17,2021-10-22,Standard Class,CUS-01083,Michael Johnson,Corporate,United States,Minneapolis,Minnesota,28058,Central,TEC-COM-64493,Technology,Computers,Apple MacBook Air,332.08,1,0.1,127.5
1085,CA-2021-011346,2021-10-31,2021-11-03,Second Class,CUS-01035,Emily Wilson,Home Office,United States,Kansas City,Missouri,57270,Central,OFF-LAB-79422,Office Supplies,Labels,Avery Easy Peel Labels,17.65,4,0,6.54
1086,CA-2021-011346,2021-10-31,2021-11-03,Second Class,CUS-01035,Emily Wilson,Home Office,United States,Kansas City,Missouri,57270,Central,OFF-LAB-79422,Office Supplies,Labels,Avery Easy Peel Labels,17.65,4,0,6.54
1087,CA-2021-011346,2021-10-31,2021-11-03,Second Class,CUS-01035,Emily Wilson,Home Office,United States,Kansas City,Missouri,57270,Central,OFF-LAB-79422,Office Supplies,Labels,Avery Easy Peel Labels,17.65,4,0,6.54
1088,CA-2021-011346,2021-10-31,2021-11-03,Second Class,CUS-01035,Emily Wilson,Home Office,United States,Kansas City,Missouri,57270,Central,OFF-LAB-79422,Office Supplies,Labels,Avery Easy Peel Labels,17.65,4,0,6.54
1089,CA-2022-011349,2021-11-23,2021-11-25,First Class,CUS-01057,Betty Hernandez,Consumer,United States,Los Angeles,California,77809,West,TEC-PHO-51262,Technology,Phones,Google Pixel 7,1081.17,3,0.4,-40.32
1090,CA-2020-011353,2019-04-29,2019-05-02,First Class,CUS-01052,Michael Thompson,Corporate,United States,Minneapolis,Minnesota,55109,Central,TEC-ACC-62944,Technology,Accessories,Anker USB-C Hub,59.7,4,0.5,-9.82
1091,CA-2020-011353,2019-04-29,2019-05-02,First Class,CUS-01052,Michael Thompson,Corporate,United States,Minneapolis,Minnesota,55109,Central,TEC-ACC-62944,Technology,Accessories,Anker USB-C Hub,59.7,4,0.5,-9.82
1092,CA-2020-011353,2019-04-29,2019-05-02,First Class,CUS-01052,Michael Thompson,Corporate,United States,Minneapolis,Minnesota,55109,Central,TEC-ACC-62944,Technology,Accessories,Anker USB-C Hub,59.7,4,0.5,-9.82
1093,CA-2020-011353,2019-04-29,2019-05-02,First Class,CUS-01052,Michael Thompson,Corporate,United States,Minneapolis,Minnesota,55109,Central,TEC-ACC-62944,Technology,Accessories,Anker USB-C Hub,59.7,4,0.5,-9.82
1094,CA-2020-011358,2019-06-22,2019-06-29,Standard Class,CUS-01043,David White,Corporate,United States,Atlanta,Georgia,78219,South,OFF-FAS-22166,Office Supplies,Fasteners,Swingline Heavy Duty Stapler,57.1,5,0.3,20.15
1095,CA-2020-011358,2019-06-22,2019-06-29,Standard Class,CUS-01043,David White,Corporate,United States,Atlanta,Georgia,78219,South,OFF-FAS-22166,Office Supplies,Fasteners,Swingline Heavy Duty Stapler,57.1,5,0.3,20.15
1096,CA-2019-011361,2022-01-10,2022-01-12,First Class,CUS-01107,Anthony White,Home Office,United States,Kansas City,Missouri,76227,Central,TEC-PHO-44046,Technology,Phones,Google Pixel 7,4955.94,6,0,342.42
1097,CA-2022-011362,2022-03-18,2022-03-24,Standard Class,CUS-01044,Robert Wilson,Corporate,United States,Phoenix,Arizona,84133,West,OFF-SUP-40649,Office Supplies,Supplies,Scotch Magic Tape,30.27,5,0,10.16
1098,CA-2022-011362,2022-03-18,2022-03-24,Standard Class,CUS-01044,Robert Wilson,Corporate,United States,Phoenix,Arizona,84133,West,OFF-SUP-40649,Office Supplies,Supplies,Scotch Magic Tape,30.27,5,0,10.16
1099,CA-2019-011365,2021-11-23,2021-11-27,Second Class,CUS-01059,Jennifer Williams,Home Office,United States,Philadelphia,Pennsylvania,65796,East,FUR-CHA-18151,Furniture,Chairs,HON Ignition 2.0 Task Chair,649.74,3,0.5,-44.15
1100,CA-2021-011368,2021-04-04,2021-04-05,Same Day,CUS-01075,Sarah Martinez,Home Office,United States,Charlotte,North Carolina,67682,South,OFF-STO-64646,Office Supplies,Storage,Bankers Box Stor/File,56.58,3,0,13.8
1101,CA-2021-011368,2021-04-04,2021-04-05,Same Day,CUS-01075,Sarah Martinez,Home Office,United States,Charlotte,North Carolina,67682,South,OFF-STO-64646,Office Supplies,Storage,Bankers Box Stor/File,56.58,3,0,13.8
1102,CA-2021-011368,2021-04-04,2021-04-05,Same Day,CUS-01075,Sarah Martinez,Home Office,United States,Charlotte,North Carolina,67682,South,OFF-STO-64646,Office Supplies,Storage,Bankers Box Stor/File,56.58,3,0,13.8
1103,CA-2021-011368,2021-04-04,2021-04-05,Same Day,CUS-01075,Sarah Martinez,Home Office,United States,Charlotte,North Carolina,67682,South,OFF-STO-64646,Office Supplies,Storage,Bankers Box Stor/File,56.58,3,0,13.8
1104,CA-2020-011373,2021-12-19,2021-12-26,Standard Class,CUS-01028,Sarah Garcia,Corporate,United States,Charlotte,North Carolina,14273,South,OFF-ART-58409,Office Supplies,Art,Sharpie Permanent Markers,16.68,2,0.4,-0.79
1105,CA-2020-011373,2021-12-19,2021-12-26,Standard Class,CUS-01028,Sarah Garcia,Corporate,United States,Charlotte,North Carolina,14273,South,OFF-ART-58409,Office Supplies,Art,Sharpie Permanent Markers,16.68,2,0.4,-0.79
1106,CA-2020-011373,2021-12-19,2021-12-26,Standard Class,CUS-01028,Sarah Garcia,Corporate,United States,Charlotte,North Carolina,14273,South,OFF-ART-58409,Office Supplies,Art,Sharpie Permanent Markers,16.68,2,0.4,-0.79
1107,CA-2021-011378,2021-12-06,2021-12-09,Second Class,CUS-01048,Karen Thompson,Corporate,United States,Minneapolis,Minnesota,49748,Central,FUR-FUR-28726,Furniture,Furnishings,Deflect-O Chair Mat,79.46,10,0.4,-2.76
1108,CA-2021-011378,2021-12-06,2021-12-09,Second Class,CUS-01048,Karen Thompson,Corporate,United States,Minneapolis,Minnesota,49748,Central,FUR-FUR-28726,Furniture,Furnishings,Deflect-O Chair Mat,79.46,10,0.4,-2.76
1109,CA-2021-011378,2021-12-06,2021-12-09,Second Class,CUS-01048,Karen Thompson,Corporate,United States,Minneapolis,Minnesota,49748,Central,FUR-FUR-28726,Furniture,Furnishings,Deflect-O Chair Mat,79.46,10,0.4,-2.76
1110,CA-2021-011379,2020-01-10,2020-01-10,Same Day,CUS-01016,Matthew Williams,Home Office,United States,Chicago,Illinois,15856,Central,FUR-FUR-50593,Furniture,Furnishings,Lorell Dry-Erase Board,204.19,6,0.4,-24.52
1111,CA-2021-011379,2020-01-10,2020-01-10,Same Day,CUS-01016,Matthew Williams,Home Office,United States,Chicago,Illinois,15856,Central,FUR-FUR-50593,Furniture,Furnishings,Lorell Dry-Erase Board,204.19,6,0.4,-24.52
1112,CA-2020-011381,2022-07-27,2022-07-28,Same Day,CUS-01086,Mark Jones,Corporate,United States,Atlanta,Georgia,52626,South,TEC-MAC-91735,Technology,Machines,Fellowes Powershred 79Ci,567.52,4,0.4,-52.67
1113,CA-2022-011386,2022-08-15,2022-08-20,Standard Class,CUS-01091,David Anderson,Corporate,United States,Washington,District of Columbia,92589,East,OFF-FAS-94562,Office Supplies,Fasteners,3M Post-it Flags,105.16,9,0,13.35
1114,CA-2020-011389,2021-10-26,2021-10-31,Standard Class,CUS-01085,Richard Miller,Home Office,United States,Los Angeles,California,46039,West,TEC-COM-21094,Technology,Computers,Apple MacBook Air,10700.83,10,0.3,2254.87
1115,CA-2022-011393,2020-11-27,2020-11-27,Same Day,CUS-01054,David Martin,Home Office,United States,Washington,District of Columbia,51599,East,FUR-BOO-25026,Furniture,Bookcases,Bush Furniture Cabot Bookcase,1544.12,9,0,253.46
1116,CA-2022-011393,2020-11-27,2020-11-27,Same Day,CUS-01054,David Martin,Home Office,United States,Washington,District of Columbia,51599,East,FUR-BOO-25026,Furniture,Bookcases,Bush Furniture Cabot Bookcase,1544.12,9,0,253.46
1117,CA-2021-011394,2019-11-12,2019-11-15,First Class,CUS-01087,Susan Martinez,Corporate,United States,Los Angeles,California,90540,West,FUR-TAB-17667,Furniture,Tables,IKEA Bekant Desk,164.34,2,0.3,17.58
1118,CA-2021-011394,2019-11-12,2019-11-15,First Class,CUS-01087,Susan Martinez,Corporate,United States,Los Angeles,California,90540,West,FUR-TAB-17667,Furniture,Tables,IKEA Bekant Desk,164.34,2,0.3,17.58
1119,CA-2021-011394,2019-11-12,2019-11-15,First Class,CUS-01087,Susan Martinez,Corporate,United States,Los Angeles,California,90540,West,FUR-TAB-17667,Furniture,Tables,IKEA Bekant Desk,164.34,2,0.3,17.58
1120,CA-2021-011395,2019-09-05,2019-09-10,Standard Class,CUS-01031,Patricia Davis,Consumer,United States,Portland,Oregon,76666,West,OFF-APP-45296,Office Supplies,Appliances,Fellowes Saturn Laminator,129.03,8,0.4,-4.91
1121,CA-2022-011399,2019-02-08,2019-02-10,First Class,CUS-01032,Christopher Wilson,Corporate,United States,San Francisco,California,84481,West,FUR-FUR-93335,Furniture,Furnishings,Deflect-O Chair Mat,107.18,3,0.3,28.53
1122,CA-2022-011399,2019-02-08,2019-02-10,First Class,CUS-01032,Christopher Wilson,Corporate,United States,San Francisco,California,84481,West,FUR-FUR-93335,Furniture,Furnishings,Deflect-O Chair Mat,107.18,3,0.3,28.53
1123,CA-2020-011401,2021-05-17,2021-05-17,Same Day,CUS-01001,Linda Smith,Home Office,United States,Nashville,Tennessee,47912,South,OFF-ART-17887,Office Supplies,Art,Crayola Colored Pencils,67.53,8,0.2,19.53
1124,CA-2020-011401,2021-05-17,2021-05-17,Same Day,CUS-01001,Linda Smith,Home Office,United States,Nashville,Tennessee,47912,South,OFF-ART-17887,Office Supplies,Art,Crayola Colored Pencils,67.53,8,0.2,19.53
1125,CA-2020-011401,2021-05-17,2021-05-17,Same Day,CUS-01001,Linda Smith,Home Office,United States,Nashville,Tennessee,47912,South,OFF-ART-17887,Office Supplies,Art,Crayola Colored Pencils,67.53,8,0.2,19.53
1126,CA-2020-011401,2021-05-17,2021-05-17,Same Day,CUS-01001,Linda Smith,Home Office,United States,Nashville,Tennessee,47912,South,OFF-ART-17887,Office Supplies,Art,Crayola Colored Pencils,67.53,8,0.2,19.53
1127,CA-2021-011406,2022-04-13,2022-04-15,First Class,CUS-01021,Joseph Brown,Corporate,United States,Boston,Massachusetts,21759,East,FUR-CHA-82938,Furniture,Chairs,Steelcase Leap V2,1885.89,7,0.1,554.79
1128,CA-2021-011406,2022-04-13,2022-04-15,First Class,CUS-01021,Joseph Brown,Corporate,United States,Boston,Massachusetts,21759,East,FUR-CHA-82938,Furniture,Chairs,Steelcase Leap V2,1885.89,7,0.1,554.79
1129,CA-2021-011406,2022-04-13,2022-04-15,First Class,CUS-01021,Joseph Brown,Corporate,United States,Boston,Massachusetts,21759,East,FUR-CHA-82938,Furniture,Chairs,Steelcase Leap V2,1885.89,7,0.1,554.79
1130,CA-2021-011408,2022-12-20,2022-12-21,Same Day,CUS-01032,Christopher Wilson,Corporate,United States,Minneapolis,Minnesota,37606,Central,FUR-BOO-27527,Furniture,Bookcases,Bush Furniture Cabot Bookcase,123.23,1,0.5,-3.19
1131,CA-2020-011411,2022-02-12,2022-02-13,Same Day,CUS-01069,Joseph Williams,Corporate,United States,New York,New York,80601,East,TEC-COP-56267,Technology,Copiers,Canon imageRUNNER 2630,7180.69,7,0.3,1469.89
1132,CA-2019-011415,2021-01-28,2021-02-01,Second Class,CUS-01002,Karen Davis,Consumer,United States,Los Angeles,California,46848,West,OFF-ENV-21792,Office Supplies,Envelopes,Quality Park Catalog Envelopes,37.26,5,0.1,5.36
1133,CA-2019-011415,2021-01-28,2021-02-01,Second Class,CUS-01002,Karen Davis,Consumer,United States,Los Angeles,California,46848,West,OFF-ENV-21792,Office Supplies,Envelopes,Quality Park Catalog Envelopes,37.26,5,0.1,5.36
1134,CA-2019-011415,2021-01-28,2021-02-01,Second Class,CUS-01002,Karen Davis,Consumer,United States,Los Angeles,California,46848,West,OFF-ENV-21792,Office Supplies,Envelopes,Quality Park Catalog Envelopes,37.26,5,0.1,5.36
1135,CA-2019-011415,2021-01-28,2021-02-01,Second Class,CUS-01002,Karen Davis,Consumer,United States,Los Angeles,California,46848,West,OFF-ENV-21792,Office Supplies,Envelopes,Quality Park Catalog Envelopes,37.26,5,0.1,5.36
1136,CA-2021-011419,2020-07-28,2020-07-28,Same Day,CUS-01001,Linda Smith,Home Office,United States,Portland,Oregon,24541,West,FUR-FUR-82323,Furniture,Furnishings,Deflect-O Chair Mat,243.58,10,0,18.55
1137,CA-2021-011419,2020-07-28,2020-07-28,Same Day,CUS-01001,Linda Smith,Home Office,United States,Portland,Oregon,24541,West,FUR-FUR-82323,Furniture,Furnishings,Deflect-O Chair Mat,243.58,10,0,18.55
1138,CA-2019-011420,2020-06-15,2020-06-20,Second Class,CUS-01094,James Wilson,Corporate,United States,Dallas,Texas,98864,Central,TEC-MAC-43150,Technology,Machines,Fellowes Powershred 79Ci,2672.36,8,0,1136.17
1139,CA-2021-011422,2021-04-13,2021-04-15,First Class,CUS-01088,Sarah Williams,Corporate,United States,Charlotte,North Carolina,57378,South,OFF-BIN-39431,Office Supplies,Binders,Mead Flex Binder,4.53,7,0.5,-0.4
1140,CA-2021-011422,2021-04-13,2021-04-15,First Class,CUS-01088,Sarah Williams,Corporate,United States,Charlotte,North Carolina,57378,South,OFF-BIN-39431,Office Supplies,Binders,Mead Flex Binder,4.53,7,0.5,-0.4
1141,CA-2021-011422,2021-04-13,2021-04-15,First Class,CUS-01088,Sarah Williams,Corporate,United States,Charlotte,North Carolina,57378,South,OFF-BIN-39431,Office Supplies,Binders,Mead Flex Binder,4.53,7,0.5,-0.4
1142,CA-2021-011422,2021-04-13,2021-04-15,First Class,CUS-01088,Sarah Williams,Corporate,United States,Charlotte,North Carolina,57378,South,OFF-BIN-39431,Office Supplies,Binders,Mead Flex Binder,4.53,7,0.5,-0.4
1143,CA-2020-011426,2019-06-17,2019-06-24,Standard Class,CUS-01029,Matthew Martinez,Home Office,United States,Houston,Texas,42765,South,TEC-COM-50737,Technology,Computers,Lenovo ThinkPad X1,973.96,2,0,235.69
1144,CA-2021-011429,2020-05-21,2020-05-27,Standard Class,CUS-01031,Patricia Davis,Consumer,United States,Chicago,Illinois,53724,Central,OFF-LAB-88638,Office Supplies,Labels,Avery Easy Peel Labels,23.59,2,0.5,-3.32
1145,CA-2019-011432,2021-02-11,2021-02-13,First Class,CUS-01101,David Johnson,Home Office,United States,Los Angeles,California,67923,West,TEC-ACC-18623,Technology,Accessories,APC UPS 1500VA,9.71,1,0,1.63
1146,CA-2019-011432,2021-02-11,2021-02-13,First Class,CUS-01101,David Johnson,Home Office,United States,Los Angeles,California,67923,West,TEC-ACC-18623,Technology,Accessories,APC UPS 1500VA,9.71,1,0,1.63
1147,CA-2019-011432,2021-02-11,2021-02-13,First Class,CUS-01101,David Johnson,Home Office,United States,Los Angeles,California,67923,West,TEC-ACC-18623,Technology,Accessories,APC UPS 1500VA,9.71,1,0,1.63
1148,CA-2019-011432,2021-02-11,2021-02-13,First Class,CUS-01101,David Johnson,Home Office,United States,Los Angeles,California,67923,West,TEC-ACC-18623,Technology,Accessories,APC UPS 1500VA,9.71,1,0,1.63
1149,CA-2022-011433,2022-06-18,2022-06-18,Same Day,CUS-01111,Lisa Taylor,Corporate,United States,Baltimore,Maryland,60321,East,FUR-FUR-91163,Furniture,Furnishings,Lorell Dry-Erase Board,8.15,1,0.5,-1.04
1150,CA-2022-011433,2022-06-18,2022-06-18,Same Day,CUS-01111,Lisa Taylor,Corporate,United States,Baltimore,Maryland,60321,East,FUR-FUR-91163,Furniture,Furnishings,Lorell Dry-Erase Board,8.15,1,0.5,-1.04
1151,CA-2019-011434,2019-01-26,2019-02-02,Standard Class,CUS-01102,Jennifer Garcia,Consumer,United States,Phoenix,Arizona,26512,West,OFF-SUP-56581,Office Supplies,Supplies,Dixon Ticonderoga Pencils,34.87,10,0.5,-2.17
1152,CA-2019-011434,2019-01-26,2019-02-02,Standard Class,CUS-01102,Jennifer Garcia,Consumer,United States,Phoenix,Arizona,26512,West,OFF-SUP-56581,Office Supplies,Supplies,Dixon Ticonderoga Pencils,34.87,10,0.5,-2.17
1153,CA-2019-011435,2019-09-19,2019-09-22,First Class,CUS-01066,Margaret White,Home Office,United States,Minneapolis,Minnesota,86502,Central,OFF-ART-71541,Office Supplies,Art,Crayola Colored Pencils,76.63,6,0.2,15.14
1154,CA-2020-011436,2020-05-01,2020-05-07,Standard Class,CUS-01045,Ashley Jackson,Corporate,United States,Seattle,Washington,93958,West,TEC-PHO-34819,Technology,Phones,Google Pixel 7,1618.14,8,0.3,632.37
1155,CA-2020-011436,2020-05-01,2020-05-07,Standard Class,CUS-01045,Ashley Jackson,Corporate,United States,Seattle,Washington,93958,West,TEC-PHO-34819,Technology,Phones,Google Pixel 7,1618.14,8,0.3,632.37
1156,CA-2020-011436,2020-05-01,2020-05-07,Standard Class,CUS-01045,Ashley Jackson,Corporate,United States,Seattle,Washington,93958,West,TEC-PHO-34819,Technology,Phones,Google Pixel 7,1618.14,8,0.3,632.37
1157,CA-2021-011437,2020-11-04,2020-11-07,Second Class,CUS-01059,Jennifer Williams,Home Office,United States,Baltimore,Maryland,38757,East,TEC-COM-71149,Technology,Computers,HP Pavilion 14,848.33,4,0.5,-145.84
1158,CA-2021-011437,2020-11-04,2020-11-07,Second Class,CUS-01059,Jennifer Williams,Home Office,United States,Baltimore,Maryland,38757,East,TEC-COM-71149,Technology,Computers,HP Pavilion 14,848.33,4,0.5,-145.84
1159,CA-2021-011437,2020-11-04,2020-11-07,Second Class,CUS-01059,Jennifer Williams,Home Office,United States,Baltimore,Maryland,38757,East,TEC-COM-71149,Technology,Computers,HP Pavilion 14,848.33,4,0.5,-145.84
1160,CA-2022-011441,2021-03-30,2021-04-02,Second Class,CUS-01047,Linda White,Home Office,United States,New York,New York,56908,East,TEC-MAC-28664,Technology,Machines,Zebra ZT411 Label Printer,542.1,4,0.3,36.63
1161,CA-2020-011443,2020-08-04,2020-08-07,Second Class,CUS-01114,Jessica Jackson,Corporate,United States,Dallas,Texas,54540,Central,OFF-LAB-35688,Office Supplies,Labels,Avery Easy Peel Labels,14.11,5,0,0.82
1162,CA-2020-011443,2020-08-04,2020-08-07,Second Class,CUS-01114,Jessica Jackson,Corporate,United States,Dallas,Texas,54540,Central,OFF-LAB-35688,Office Supplies,Labels,Avery Easy Peel Labels,14.11,5,0,0.82
1163,CA-2022-011445,2020-11-24,2020-11-28,Second Class,CUS-01059,Jennifer Williams,Home Office,United States,San Francisco,California,58804,West,OFF-ART-91684,Office Supplies,Art,Sharpie Permanent Markers,40.03,2,0,4.32
1164,CA-2022-011445,2020-11-24,2020-11-28,Second Class,CUS-01059,Jennifer Williams,Home Office,United States,San Francisco,California,58804,West,OFF-ART-91684,Office Supplies,Art,Sharpie Permanent Markers,40.03,2,0,4.32
1165,CA-2020-011446,2021-12-26,2021-12-27,Same Day,CUS-01041,Emily Williams,Consumer,United States,Atlanta,Georgia,16054,South,OFF-LAB-48559,Office Supplies,Labels,Maco Laser Labels,51.64,6,0.1,3.68
1166,CA-2020-011446,2021-12-26,2021-12-27,Same Day,CUS-01041,Emily Williams,Consumer,United States,Atlanta,Georgia,16054,South,OFF-LAB-48559,Office Supplies,Labels,Maco Laser Labels,51.64,6,0.1,3.68
1167,CA-2020-011446,2021-12-26,2021-12-27,Same Day,CUS-01041,Emily Williams,Consumer,United States,Atlanta,Georgia,16054,South,OFF-LAB-48559,Office Supplies,Labels,Maco Laser Labels,51.64,6,0.1,3.68
1168,CA-2020-011448,2022-04-11,2022-04-11,Same Day,CUS-01094,James Wilson,Corporate,United States,Baltimore,Maryland,96966,East,OFF-PAP-76665,Office Supplies,Paper,Hammermill Premium Copy Paper,39.4,9,0.3,9.83
1169,CA-2020-011448,2022-04-11,2022-04-11,Same Day,CUS-01094,James Wilson,Corporate,United States,Baltimore,Maryland,96966,East,OFF-PAP-76665,Office Supplies,Paper,Hammermill Premium Copy Paper,39.4,9,0.3,9.83
1170,CA-2020-011448,2022-04-11,2022-04-11,Same Day,CUS-01094,James Wilson,Corporate,United States,Baltimore,Maryland,96966,East,OFF-PAP-76665,Office Supplies,Paper,Hammermill Premium Copy Paper,39.4,9,0.3,9.83
1171,CA-2020-011448,2022-04-11,2022-04-11,Same Day,CUS-01094,James Wilson,Corporate,United States,Baltimore,Maryland,96966,East,OFF-PAP-76665,Office Supplies,Paper,Hammermill Premium Copy Paper,39.4,9,0.3,9.83
1172,CA-2020-011453,2022-12-30,2023-01-02,First Class,CUS-01092,Donald Miller,Corporate,United States,Charlotte,North Carolina,45171,South,OFF-APP-86543,Office Supplies,Appliances,ACCO 3-Hole Punch,93.12,4,0.1,37.99
1173,CA-2020-011453,2022-12-30,2023-01-02,First Class,CUS-01092,Donald Miller,Corporate,United States,Charlotte,North Carolina,45171,South,OFF-APP-86543,Office Supplies,Appliances,ACCO 3-Hole Punch,93.12,4,0.1,37.99
1174,CA-2020-011453,2022-12-30,2023-01-02,First Class,CUS-01092,Donald Miller,Corporate,United States,Charlotte,North Carolina,45171,South,OFF-APP-86543,Office Supplies,Appliances,ACCO 3-Hole Punch,93.12,4,0.1,37.99
1175,CA-2020-011453,2022-12-30,2023-01-02,First Class,CUS-01092,Donald Miller,Corporate,United States,Charlotte,North Carolina,45171,South,OFF-APP-86543,Office Supplies,Appliances,ACCO 3-Hole Punch,93.12,4,0.1,37.99
1176,CA-2020-011456,2020-03-23,2020-03-26,First Class,CUS-01114,Jessica Jackson,Corporate,United States,Nashville,Tennessee,30605,South,FUR-BOO-21109,Furniture,Bookcases,Way2Furn 5-Shelf,52.24,2,0.2,11.9
1177,CA-2020-011456,2020-03-23,2020-03-26,First Class,CUS-01114,Jessica Jackson,Corporate,United States,Nashville,Tennessee,30605,South,FUR-BOO-21109,Furniture,Bookcases,Way2Furn 5-Shelf,52.24,2,0.2,11.9
1178,CA-2020-011456,2020-03-23,2020-03-26,First Class,CUS-01114,Jessica Jackson,Corporate,United States,Nashville,Tennessee,30605,South,FUR-BOO-21109,Furniture,Bookcases,Way2Furn 5-Shelf,52.24,2,0.2,11.9
1179,CA-2020-011460,2019-03-26,2019-03-27,Same Day,CUS-01055,James Perez,Corporate,United States,Charlotte,North Carolina,66689,South,FUR-BOO-51552,Furniture,Bookcases,Sauder Cottage Road Bookcase,46.06,1,0,10.44
1180,CA-2020-011460,2019-03-26,2019-03-27,Same Day,CUS-01055,James Perez,Corporate,United States,Charlotte,North Carolina,66689,South,FUR-BOO-51552,Furniture,Bookcases,Sauder Cottage Road Bookcase,46.06,1,0,10.44
1181,CA-2020-011460,2019-03-26,2019-03-27,Same Day,CUS-01055,James Perez,Corporate,United States,Charlotte,North Carolina,66689,South,FUR-BOO-51552,Furniture,Bookcases,Sauder Cottage Road Bookcase,46.06,1,0,10.44
1182,CA-2019-011465,2019-06-18,2019-06-20,First Class,CUS-01101,David Johnson,Home Office,United States,Dallas,Texas,22898,Central,TEC-PHO-15017,Technology,Phones,Google Pixel 7,1341.05,6,0.1,429.19
1183,CA-2019-011465,2019-06-18,2019-06-20,First Class,CUS-01101,David Johnson,Home Office,United States,Dallas,Texas,22898,Central,TEC-PHO-15017,Technology,Phones,Google Pixel 7,1341.05,6,0.1,429.19
1184,CA-2019-011465,2019-06-18,2019-06-20,First Class,CUS-01101,David Johnson,Home Office,United States,Dallas,Texas,22898,Central,TEC-PHO-15017,Technology,Phones,Google Pixel 7,1341.05,6,0.1,429.19
1185,CA-2021-011468,2020-01-26,2020-01-31,Second Class,CUS-01095,Ashley Hernandez,Corporate,United States,Chicago,Illinois,49252,Central,FUR-BOO-63183,Furniture,Bookcases,Sauder Cottage Road Bookcase,74.33,1,0.5,-11.59
1186,CA-2021-011468,2020-01-26,2020-01-31,Second Class,CUS-01095,Ashley Hernandez,Corporate,United States,Chicago,Illinois,49252,Central,FUR-BOO-63183,Furniture,Bookcases,Sauder Cottage Road Bookcase,74.33,1,0.5,-11.59
1187,CA-2022-011471,2020-04-09,2020-04-13,Second Class,CUS-01030,Joseph White,Corporate,United States,Charlotte,North Carolina,54650,South,TEC-ACC-66202,Technology,Accessories,Anker USB-C Hub,1229.83,7,0.1,277.29
1188,CA-2021-011473,2022-03-28,2022-04-01,Second Class,CUS-01095,Ashley Hernandez,Corporate,United States,Baltimore,Maryland,96356,East,FUR-BOO-64938,Furniture,Bookcases,Bush Furniture Cabot Bookcase,1021.77,7,0.2,184.36
1189,CA-2019-011475,2019-11-11,2019-11-14,First Class,CUS-01049,Linda Hernandez,Corporate,United States,Portland,Oregon,18350,West,OFF-APP-72230,Office Supplies,Appliances,Fellowes Saturn Laminator,55.2,10,0.5,-8.44
1190,CA-2019-011475,2019-11-11,2019-11-14,First Class,CUS-01049,Linda Hernandez,Corporate,United States,Portland,Oregon,18350,West,OFF-APP-72230,Office Supplies,Appliances,Fellowes Saturn Laminator,55.2,10,0.5,-8.44
1191,CA-2019-011475,2019-11-11,2019-11-14,First Class,CUS-01049,Linda Hernandez,Corporate,United States,Portland,Oregon,18350,West,OFF-APP-72230,Office Supplies,Appliances,Fellowes Saturn Laminator,55.2,10,0.5,-8.44
1192,CA-2019-011477,2019-08-02,2019-08-05,Second Class,CUS-01106,John Perez,Consumer,United States,Houston,Texas,34470,South,TEC-PHO-47200,Technology,Phones,Motorola Moto G,674.82,5,0,156.47
1193,CA-2019-011477,2019-08-02,2019-08-05,Second Class,CUS-01106,John Perez,Consumer,United States,Houston,Texas,34470,South,TEC-PHO-47200,Technology,Phones,Motorola Moto G,674.82,5,0,156.47
1194,CA-2019-011477,2019-08-02,2019-08-05,Second Class,CUS-01106,John Perez,Consumer,United States,Houston,Texas,34470,South,TEC-PHO-47200,Technology,Phones,Motorola Moto G,674.82,5,0,156.47
1195,CA-2019-011479,2020-10-31,2020-11-01,Same Day,CUS-01021,Joseph Brown,Corporate,United States,Philadelphia,Pennsylvania,80313,East,FUR-FUR-19012,Furniture,Furnishings,Lorell Dry-Erase Board,110.25,4,0,43.9
1196,CA-2019-011479,2020-10-31,2020-11-01,Same Day,CUS-01021,Joseph Brown,Corporate,United States,Philadelphia,Pennsylvania,80313,East,FUR-FUR-19012,Furniture,Furnishings,Lorell Dry-Erase Board,110.25,4,0,43.9
1197,CA-2019-011479,2020-10-31,2020-11-01,Same Day,CUS-01021,Joseph Brown,Corporate,United States,Philadelphia,Pennsylvania,80313,East,FUR-FUR-19012,Furniture,Furnishings,Lorell Dry-Erase Board,110.25,4,0,43.9
1198,CA-2022-011481,2019-11-22,2019-11-24,First Class,CUS-01065,Richard Harris,Corporate,United States,Miami,Florida,36437,South,TEC-COM-18384,Technology,Computers,Apple MacBook Air,3495.18,10,0.1,909.95
1199,CA-2022-011481,2019-11-22,2019-11-24,First Class,CUS-01065,Richard Harris,Corporate,United States,Miami,Florida,36437,South,TEC-COM-18384,Technology,Computers,Apple MacBook Air,3495.18,10,0.1,909.95
1200,CA-2022-011481,2019-11-22,2019-11-24,First Class,CUS-01065,Richard Harris,Corporate,United States,Miami,Florida,36437,South,TEC-COM-18384,Technology,Computers,Apple MacBook Air,3495.18,10,0.1,909.95
1201,CA-2022-011481,2019-11-22,2019-11-24,First Class,CUS-01065,Richard Harris,Corporate,United States,Miami,Florida,36437,South,TEC-COM-18384,Technology,Computers,Apple MacBook Air,3495.18,10,0.1,909.95
1202,CA-2022-011485,2022-03-25,2022-04-01,Standard Class,CUS-01012,Michael Williams,Corporate,United States,Kansas City,Missouri,55453,Central,OFF-FAS-90350,Office Supplies,Fasteners,Acme Scissors,22.26,3,0.4,-1.67
1203,CA-2022-011485,2022-03-25,2022-04-01,Standard Class,CUS-01012,Michael Williams,Corporate,United States,Kansas City,Missouri,55453,Central,OFF-FAS-90350,Office Supplies,Fasteners,Acme Scissors,22.26,3,0.4,-1.67
1204,CA-2022-011485,2022-03-25,2022-04-01,Standard Class,CUS-01012,Michael Williams,Corporate,United States,Kansas City,Missouri,55453,Central,OFF-FAS-90350,Office Supplies,Fasteners,Acme Scissors,22.26,3,0.4,-1.67
1205,CA-2022-011485,2022-03-25,2022-04-01,Standard Class,CUS-01012,Michael Williams,Corporate,United States,Kansas City,Missouri,55453,Central,OFF-FAS-90350,Office Supplies,Fasteners,Acme Scissors,22.26,3,0.4,-1.67
1206,CA-2022-011489,2022-09-11,2022-09-16,Second Class,CUS-01073,Patricia Davis,Consumer,United States,Baltimore,Maryland,15723,East,TEC-COM-92324,Technology,Computers,Lenovo ThinkPad X1,518.33,2,0.1,214.32
1207,CA-2022-011489,2022-09-11,2022-09-16,Second Class,CUS-01073,Patricia Davis,Consumer,United States,Baltimore,Maryland,15723,East,TEC-COM-92324,Technology,Computers,Lenovo ThinkPad X1,518.33,2,0.1,214.32
1208,CA-2022-011489,2022-09-11,2022-09-16,Second Class,CUS-01073,Patricia Davis,Consumer,United States,Baltimore,Maryland,15723,East,TEC-COM-92324,Technology,Computers,Lenovo ThinkPad X1,518.33,2,0.1,214.32
1209,CA-2022-011489,2022-09-11,2022-09-16,Second Class,CUS-01073,Patricia Davis,Consumer,United States,Baltimore,Maryland,15723,East,TEC-COM-92324,Technology,Computers,Lenovo ThinkPad X1,518.33,2,0.1,214.32
1210,CA-2019-011493,2019-06-06,2019-06-13,Standard Class,CUS-01099,Patricia Johnson,Home Office,United States,Kansas City,Missouri,69105,Central,TEC-ACC-76330,Technology,Accessories,Anker USB-C Hub,6.36,1,0,1.94
1211,CA-2019-011493,2019-06-06,2019-06-13,Standard Class,CUS-01099,Patricia Johnson,Home Office,United States,Kansas City,Missouri,69105,Central,TEC-ACC-76330,Technology,Accessories,Anker USB-C Hub,6.36,1,0,1.94
1212,CA-2019-011493,2019-06-06,2019-06-13,Standard Class,CUS-01099,Patricia Johnson,Home Office,United States,Kansas City,Missouri,69105,Central,TEC-ACC-76330,Technology,Accessories,Anker USB-C Hub,6.36,1,0,1.94
1213,CA-2019-011493,2019-06-06,2019-06-13,Standard Class,CUS-01099,Patricia Johnson,Home Office,United States,Kansas City,Missouri,69105,Central,TEC-ACC-76330,Technology,Accessories,Anker USB-C Hub,6.36,1,0,1.94
1214,CA-2022-011496,2021-03-28,2021-04-01,Second Class,CUS-01005,John Smith,Consumer,United States,Boston,Massachusetts,25031,East,OFF-ART-97856,Office Supplies,Art,Faber-Castell Watercolor,68.89,8,0.5,-2.66
1215,CA-2022-011496,2021-03-28,2021-04-01,Second Class,CUS-01005,John Smith,Consumer,United States,Boston,Massachusetts,25031,East,OFF-ART-97856,Office Supplies,Art,Faber-Castell Watercolor,68.89,8,0.5,-2.66
1216,CA-2022-011499,2021-08-22,2021-08-24,First Class,CUS-01022,Karen Taylor,Home Office,United States,Washington,District of Columbia,23174,East,TEC-ACC-80078,Technology,Accessories,Logitech MX Master Mouse,565.5,3,0,180.14
1217,CA-2021-011501,2021-06-21,2021-06-23,First Class,CUS-01028,Sarah Garcia,Corporate,United States,Washington,District of Columbia,38333,East,FUR-CHA-61199,Furniture,Chairs,HON Ignition 2.0 Task Chair,5185.45,8,0,1500.06
1218,CA-2022-011503,2020-05-26,2020-05-28,First Class,CUS-01026,Robert Perez,Home Office,United States,New York,New York,65270,East,TEC-PHO-35185,Technology,Phones,Google Pixel 7,1582.13,2,0.1,685.85
1219,CA-2020-011505,2019-04-01,2019-04-01,Same Day,CUS-01105,Sarah Lee,Home Office,United States,Minneapolis,Minnesota,83669,Central,OFF-LAB-37147,Office Supplies,Labels,Maco Laser Labels,69.36,7,0.4,-3.41
1220,CA-2020-011505,2019-04-01,2019-04-01,Same Day,CUS-01105,Sarah Lee,Home Office,United States,Minneapolis,Minnesota,83669,Central,OFF-LAB-37147,Office Supplies,Labels,Maco Laser Labels,69.36,7,0.4,-3.41
1221,CA-2019-011507,2020-10-24,2020-10-27,Second Class,CUS-01052,Michael Thompson,Corporate,United States,Chicago,Illinois,61011,Central,TEC-COP-18652,Technology,Copiers,Brother MFC-L8900CDW,1904.97,5,0.3,128.73
1222,CA-2019-011507,2020-10-24,2020-10-27,Second Class,CUS-01052,Michael Thompson,Corporate,United States,Chicago,Illinois,61011,Central,TEC-COP-18652,Technology,Copiers,Brother MFC-L8900CDW,1904.97,5,0.3,128.73
1223,CA-2022-011510,2022-05-11,2022-05-11,Same Day,CUS-01092,Donald Miller,Corporate,United States,San Francisco,California,22418,West,OFF-ENV-98853,Office Supplies,Envelopes,Staples 10-Envelope Box,25.61,3,0.3,3.08
1224,CA-2022-011510,2022-05-11,2022-05-11,Same Day,CUS-01092,Donald Miller,Corporate,United States,San Francisco,California,22418,West,OFF-ENV-98853,Office Supplies,Envelopes,Staples 10-Envelope Box,25.61,3,0.3,3.08
1225,CA-2022-011510,2022-05-11,2022-05-11,Same Day,CUS-01092,Donald Miller,Corporate,United States,San Francisco,California,22418,West,OFF-ENV-98853,Office Supplies,Envelopes,Staples 10-Envelope Box,25.61,3,0.3,3.08
1226,CA-2022-011513,2020-11-17,2020-11-24,Standard Class,CUS-01117,David Taylor,Home Office,United States,Charlotte,North Carolina,76981,South,OFF-LAB-87000,Office Supplies,Labels,Maco Laser Labels,23.52,1,0.1,1.38
1227,CA-2021-011514,2021-05-27,2021-06-01,Second Class,CUS-01011,Barbara Miller,Corporate,United States,Philadelphia,Pennsylvania,59089,East,FUR-BOO-29879,Furniture,Bookcases,Bush Furniture Cabot Bookcase,37.79,1,0.1,15.85
1228,CA-2021-011514,2021-05-27,2021-06-01,Second Class,CUS-01011,Barbara Miller,Corporate,United States,Philadelphia,Pennsylvania,59089,East,FUR-BOO-29879,Furniture,Bookcases,Bush Furniture Cabot Bookcase,37.79,1,0.1,15.85
1229,CA-2021-011514,2021-05-27,2021-06-01,Second Class,CUS-01011,Barbara Miller,Corporate,United States,Philadelphia,Pennsylvania,59089,East,FUR-BOO-29879,Furniture,Bookcases,Bush Furniture Cabot Bookcase,37.79,1,0.1,15.85
1230,CA-2021-011514,2021-05-27,2021-06-01,Second Class,CUS-01011,Barbara Miller,Corporate,United States,Philadelphia,Pennsylvania,59089,East,FUR-BOO-29879,Furniture,Bookcases,Bush Furniture Cabot Bookcase,37.79,1,0.1,15.85
1231,CA-2021-011516,2020-07-23,2020-07-25,First Class,CUS-01067,Betty Taylor,Home Office,United States,Miami,Florida,13105,South,TEC-ACC-41752,Technology,Accessories,Belkin Surge Protector,28.43,1,0.1,10.54
1232,CA-2021-011516,2020-07-23,2020-07-25,First Class,CUS-01067,Betty Taylor,Home Office,United States,Miami,Florida,13105,South,TEC-ACC-41752,Technology,Accessories,Belkin Surge Protector,28.43,1,0.1,10.54
1233,CA-2022-011518,2020-10-20,2020-10-24,Second Class,CUS-01081,Daniel Anderson,Corporate,United States,New York,New York,74440,East,TEC-COM-93147,Technology,Computers,Dell Inspiron 15,3575.64,4,0,310.02
1234,CA-2022-011518,2020-10-20,2020-10-24,Second Class,CUS-01081,Daniel Anderson,Corporate,United States,New York,New York,74440,East,TEC-COM-93147,Technology,Computers,Dell Inspiron 15,3575.64,4,0,310.02
1235,CA-2020-011523,2019-06-10,2019-06-11,Same Day,CUS-01040,Betty Davis,Consumer,United States,Seattle,Washington,42102,West,FUR-TAB-42632,Furniture,Tables,Realspace Magellan Corner Desk,890.29,10,0.5,-194.57
1236,CA-2020-011523,2019-06-10,2019-06-11,Same Day,CUS-01040,Betty Davis,Consumer,United States,Seattle,Washington,42102,West,FUR-TAB-42632,Furniture,Tables,Realspace Magellan Corner Desk,890.29,10,0.5,-194.57
1237,CA-2021-011528,2019-06-13,2019-06-16,First Class,CUS-01049,Linda Hernandez,Corporate,United States,Portland,Oregon,67852,West,FUR-FUR-73176,Furniture,Furnishings,Deflect-O Chair Mat,25.83,7,0.4,-5.06
1238,CA-2021-011528,2019-06-13,2019-06-16,First Class,CUS-01049,Linda Hernandez,Corporate,United States,Portland,Oregon,67852,West,FUR-FUR-73176,Furniture,Furnishings,Deflect-O Chair Mat,25.83,7,0.4,-5.06
1239,CA-2021-011528,2019-06-13,2019-06-16,First Class,CUS-01049,Linda Hernandez,Corporate,United States,Portland,Oregon,67852,West,FUR-FUR-73176,Furniture,Furnishings,Deflect-O Chair Mat,25.83,7,0.4,-5.06
1240,CA-2020-011532,2019-12-26,2019-12-29,First Class,CUS-01060,Emily Williams,Home Office,United States,Kansas City,Missouri,47122,Central,FUR-FUR-53677,Furniture,Furnishings,Deflect-O Chair Mat,139.6,8,0.1,15.62
1241,CA-2020-011532,2019-12-26,2019-12-29,First Class,CUS-01060,Emily Williams,Home Office,United States,Kansas City,Missouri,47122,Central,FUR-FUR-53677,Furniture,Furnishings,Deflect-O Chair Mat,139.6,8,0.1,15.62
1242,CA-2019-011537,2021-10-22,2021-10-25,First Class,CUS-01052,Michael Thompson,Corporate,United States,Charlotte,North Carolina,58908,South,FUR-FUR-94023,Furniture,Furnishings,Master Caster Doorstop,224.19,2,0.4,-45.29
1243,CA-2022-011538,2019-11-29,2019-12-03,Second Class,CUS-01033,Robert Miller,Home Office,United States,Columbus,Ohio,74044,Central,OFF-ENV-95315,Office Supplies,Envelopes,Quality Park Catalog Envelopes,121.78,7,0.1,17.89
1244,CA-2021-011543,2022-11-29,2022-12-03,Second Class,CUS-01078,Donald Davis,Corporate,United States,Atlanta,Georgia,43330,South,TEC-MAC-96848,Technology,Machines,Fellowes Powershred 79Ci,97.99,1,0,35.12
1245,CA-2021-011543,2022-11-29,2022-12-03,Second Class,CUS-01078,Donald Davis,Corporate,United States,Atlanta,Georgia,43330,South,TEC-MAC-96848,Technology,Machines,Fellowes Powershred 79Ci,97.99,1,0,35.12
1246,CA-2021-011543,2022-11-29,2022-12-03,Second Class,CUS-01078,Donald Davis,Corporate,United States,Atlanta,Georgia,43330,South,TEC-MAC-96848,Technology,Machines,Fellowes Powershred 79Ci,97.99,1,0,35.12
1247,CA-2021-011543,2022-11-29,2022-12-03,Second Class,CUS-01078,Donald Davis,Corporate,United States,Atlanta,Georgia,43330,South,TEC-MAC-96848,Technology,Machines,Fellowes Powershred 79Ci,97.99,1,0,35.12
1248,CA-2022-011544,2019-06-14,2019-06-18,Second Class,CUS-01022,Karen Taylor,Home Office,United States,Miami,Florida,49612,South,OFF-SUP-60172,Office Supplies,Supplies,Scotch Magic Tape,42.56,7,0,3.99
1249,CA-2022-011544,2019-06-14,2019-06-18,Second Class,CUS-01022,Karen Taylor,Home Office,United States,Miami,Florida,49612,South,OFF-SUP-60172,Office Supplies,Supplies,Scotch Magic Tape,42.56,7,0,3.99
1250,CA-2022-011544,2019-06-14,2019-06-18,Second Class,CUS-01022,Karen Taylor,Home Office,United States,Miami,Florida,49612,South,OFF-SUP-60172,Office Supplies,Supplies,Scotch Magic Tape,42.56,7,0,3.99
1251,CA-2020-011549,2020-03-05,2020-03-06,Same Day,CUS-01001,Linda Smith,Home Office,United States,Portland,Oregon,10206,West,TEC-PHO-78807,Technology,Phones,Motorola Moto G,615.84,5,0.4,-36.41
1252,CA-2020-011549,2020-03-05,2020-03-06,Same Day,CUS-01001,Linda Smith,Home Office,United States,Portland,Oregon,10206,West,TEC-PHO-78807,Technology,Phones,Motorola Moto G,615.84,5,0.4,-36.41
1253,CA-2020-011549,2020-03-05,2020-03-06,Same Day,CUS-01001,Linda Smith,Home Office,United States,Portland,Oregon,10206,West,TEC-PHO-78807,Technology,Phones,Motorola Moto G,615.84,5,0.4,-36.41
1254,CA-2020-011552,2020-02-10,2020-02-10,Same Day,CUS-01065,Richard Harris,Corporate,United States,Baltimore,Maryland,84329,East,TEC-COM-17730,Technology,Computers,HP Pavilion 14,1159.11,4,0.2,513.69
1255,CA-2020-011552,2020-02-10,2020-02-10,Same Day,CUS-01065,Richard Harris,Corporate,United States,Baltimore,Maryland,84329,East,TEC-COM-17730,Technology,Computers,HP Pavilion 14,1159.11,4,0.2,513.69
1256,CA-2020-011552,2020-02-10,2020-02-10,Same Day,CUS-01065,Richard Harris,Corporate,United States,Baltimore,Maryland,84329,East,TEC-COM-17730,Technology,Computers,HP Pavilion 14,1159.11,4,0.2,513.69
1257,CA-2020-011552,2020-02-10,2020-02-10,Same Day,CUS-01065,Richard Harris,Corporate,United States,Baltimore,Maryland,84329,East,TEC-COM-17730,Technology,Computers,HP Pavilion 14,1159.11,4,0.2,513.69
1258,CA-2022-011554,2019-08-12,2019-08-15,Second Class,CUS-01038,Thomas Clark,Home Office,United States,Baltimore,Maryland,26342,East,FUR-CHA-13888,Furniture,Chairs,Herman Miller Aeron,2253.49,8,0.5,-359.57
1259,CA-2019-011559,2020-06-28,2020-07-05,Standard Class,CUS-01075,Sarah Martinez,Home Office,United States,New York,New York,37665,East,OFF-BIN-89034,Office Supplies,Binders,Cardinal EasyOpen Binder,14.17,5,0.5,-1.69
1260,CA-2019-011559,2020-06-28,2020-07-05,Standard Class,CUS-01075,Sarah Martinez,Home Office,United States,New York,New York,37665,East,OFF-BIN-89034,Office Supplies,Binders,Cardinal EasyOpen Binder,14.17,5,0.5,-1.69
1261,CA-2019-011559,2020-06-28,2020-07-05,Standard Class,CUS-01075,Sarah Martinez,Home Office,United States,New York,New York,37665,East,OFF-BIN-89034,Office Supplies,Binders,Cardinal EasyOpen Binder,14.17,5,0.5,-1.69
1262,CA-2022-011560,2021-01-29,2021-02-01,First Class,CUS-01105,Sarah Lee,Home Office,United States,San Francisco,California,97173,West,FUR-FUR-17502,Furniture,Furnishings,Lorell Dry-Erase Board,277.06,6,0,14.2
1263,CA-2022-011560,2021-01-29,2021-02-01,First Class,CUS-01105,Sarah Lee,Home Office,United States,San Francisco,California,97173,West,FUR-FUR-17502,Furniture,Furnishings,Lorell Dry-Erase Board,277.06,6,0,14.2
1264,CA-2022-011560,2021-01-29,2021-02-01,First Class,CUS-01105,Sarah Lee,Home Office,United States,San Francisco,California,97173,West,FUR-FUR-17502,Furniture,Furnishings,Lorell Dry-Erase Board,277.06,6,0,14.2
1265,CA-2022-011560,2021-01-29,2021-02-01,First Class,CUS-01105,Sarah Lee,Home Office,United States,San Francisco,California,97173,West,FUR-FUR-17502,Furniture,Furnishings,Lorell Dry-Erase Board,277.06,6,0,14.2
1266,CA-2020-011563,2022-05-17,2022-05-24,Standard Class,CUS-01036,Ashley Jones,Corporate,United States,San Francisco,California,69233,West,OFF-STO-64149,Office Supplies,Storage,Bankers Box Stor/File,14.66,1,0.3,0.83
1267,CA-2020-011563,2022-05-17,2022-05-24,Standard Class,CUS-01036,Ashley Jones,Corporate,United States,San Francisco,California,69233,West,OFF-STO-64149,Office Supplies,Storage,Bankers Box Stor/File,14.66,1,0.3,0.83
1268,CA-2020-011563,2022-05-17,2022-05-24,Standard Class,CUS-01036,Ashley Jones,Corporate,United States,San Francisco,California,69233,West,OFF-STO-64149,Office Supplies,Storage,Bankers Box Stor/File,14.66,1,0.3,0.83
1269,CA-2019-011564,2022-10-20,2022-10-20,Same Day,CUS-01078,Donald Davis,Corporate,United States,Charlotte,North Carolina,90293,South,TEC-ACC-72406,Technology,Accessories,APC UPS 1500VA,147.56,2,0.4,-12.36
1270,CA-2019-011564,2022-10-20,2022-10-20,Same Day,CUS-01078,Donald Davis,Corporate,United States,Charlotte,North Carolina,90293,South,TEC-ACC-72406,Technology,Accessories,APC UPS 1500VA,147.56,2,0.4,-12.36
1271,CA-2020-011567,2022-03-17,2022-03-22,Standard Class,CUS-01064,Sandra Miller,Home Office,United States,Boston,Massachusetts,98219,East,OFF-STO-68495,Office Supplies,Storage,Avery Lateral File,307.94,8,0.1,45.38
1272,CA-2020-011567,2022-03-17,2022-03-22,Standard Class,CUS-01064,Sandra Miller,Home Office,United States,Boston,Massachusetts,98219,East,OFF-STO-68495,Office Supplies,Storage,Avery Lateral File,307.94,8,0.1,45.38
1273,CA-2019-011572,2021-06-09,2021-06-14,Standard Class,CUS-01119,James White,Home Office,United States,Kansas City,Missouri,46747,Central,TEC-ACC-97897,Technology,Accessories,APC UPS 1500VA,21.9,3,0.5,-0.94
1274,CA-2019-011572,2021-06-09,2021-06-14,Standard Class,CUS-01119,James White,Home Office,United States,Kansas City,Missouri,46747,Central,TEC-ACC-97897,Technology,Accessories,APC UPS 1500VA,21.9,3,0.5,-0.94
1275,CA-2019-011572,2021-06-09,2021-06-14,Standard Class,CUS-01119,James White,Home Office,United States,Kansas City,Missouri,46747,Central,TEC-ACC-97897,Technology,Accessories,APC UPS 1500VA,21.9,3,0.5,-0.94
1276,CA-2020-011573,2022-05-15,2022-05-22,Standard Class,CUS-01044,Robert Wilson,Corporate,United States,Charlotte,North Carolina,95710,South,OFF-SUP-40587,Office Supplies,Supplies,Dixon Ticonderoga Pencils,14.1,2,0.2,1.2
1277,CA-2021-011578,2020-01-21,2020-01-28,Standard Class,CUS-01048,Karen Thompson,Corporate,United States,San Francisco,California,59832,West,OFF-BIN-18111,Office Supplies,Binders,Cardinal EasyOpen Binder,15.0,4,0.4,-3.31
1278,CA-2021-011578,2020-01-21,2020-01-28,Standard Class,CUS-01048,Karen Thompson,Corporate,United States,San Francisco,California,59832,West,OFF-BIN-18111,Office Supplies,Binders,Cardinal EasyOpen Binder,15.0,4,0.4,-3.31
1279,CA-2021-011578,2020-01-21,2020-01-28,Standard Class,CUS-01048,Karen Thompson,Corporate,United States,San Francisco,California,59832,West,OFF-BIN-18111,Office Supplies,Binders,Cardinal EasyOpen Binder,15.0,4,0.4,-3.31
1280,CA-2021-011583,2021-11-30,2021-12-03,Second Class,CUS-01051,Thomas Jackson,Consumer,United States,Washington,District of Columbia,70372,East,FUR-TAB-38692,Furniture,Tables,Sauder Palladia Desk,2037.48,8,0,592.07
1281,CA-2021-011583,2021-11-30,2021-12-03,Second Class,CUS-01051,Thomas Jackson,Consumer,United States,Washington,District of Columbia,70372,East,FUR-TAB-38692,Furniture,Tables,Sauder Palladia Desk,2037.48,8,0,592.07
1282,CA-2019-011585,2020-10-17,2020-10-19,First Class,CUS-01036,Ashley Jones,Corporate,United States,Atlanta,Georgia,74883,South,FUR-FUR-53665,Furniture,Furnishings,Deflect-O Chair Mat,149.65,4,0.1,49.41
1283,CA-2020-011590,2021-03-13,2021-03-15,First Class,CUS-01003,William Clark,Consumer,United States,Miami,Florida,65369,South,OFF-STO-61296,Office Supplies,Storage,Smead Filing Box,151.6,9,0.2,24.7
1284,CA-2020-011590,2021-03-13,2021-03-15,First Class,CUS-01003,William Clark,Consumer,United States,Miami,Florida,65369,South,OFF-STO-61296,Office Supplies,Storage,Smead Filing Box,151.6,9,0.2,24.7
1285,CA-2022-011594,2019-09-26,2019-09-28,First Class,CUS-01109,Christopher Davis,Corporate,United States,Kansas City,Missouri,95804,Central,TEC-MAC-67918,Technology,Machines,Zebra ZT411 Label Printer,848.86,5,0,113.67
1286,CA-2022-011594,2019-09-26,2019-09-28,First Class,CUS-01109,Christopher Davis,Corporate,United States,Kansas City,Missouri,95804,Central,TEC-MAC-67918,Technology,Machines,Zebra ZT411 Label Printer,848.86,5,0,113.67
1287,CA-2019-011595,2022-03-24,2022-03-31,Standard Class,CUS-01101,David Johnson,Home Office,United States,Portland,Oregon,65982,West,OFF-ART-22589,Office Supplies,Art,Crayola Colored Pencils,143.48,8,0,61.41
1288,CA-2021-011598,2021-06-07,2021-06-12,Second Class,CUS-01093,Patricia Garcia,Corporate,United States,Atlanta,Georgia,14455,South,TEC-COM-74045,Technology,Computers,Apple MacBook Air,2056.91,10,0,639.95
1289,CA-2021-011598,2021-06-07,2021-06-12,Second Class,CUS-01093,Patricia Garcia,Corporate,United States,Atlanta,Georgia,14455,South,TEC-COM-74045,Technology,Computers,Apple MacBook Air,2056.91,10,0,639.95
1290,CA-2021-011598,2021-06-07,2021-06-12,Second Class,CUS-01093,Patricia Garcia,Corporate,United States,Atlanta,Georgia,14455,South,TEC-COM-74045,Technology,Computers,Apple MacBook Air,2056.91,10,0,639.95
1291,CA-2021-011598,2021-06-07,2021-06-12,Second Class,CUS-01093,Patricia Garcia,Corporate,United States,Atlanta,Georgia,14455,South,TEC-COM-74045,Technology,Computers,Apple MacBook Air,2056.91,10,0,639.95
1292,CA-2019-011603,2022-08-24,2022-08-25,Same Day,CUS-01081,Daniel Anderson,Corporate,United States,Miami,Florida,11520,South,TEC-PHO-25997,Technology,Phones,Apple iPhone 14,1393.64,9,0.1,82.52
1293,CA-2019-011603,2022-08-24,2022-08-25,Same Day,CUS-01081,Daniel Anderson,Corporate,United States,Miami,Florida,11520,South,TEC-PHO-25997,Technology,Phones,Apple iPhone 14,1393.64,9,0.1,82.52
1294,CA-2019-011603,2022-08-24,2022-08-25,Same Day,CUS-01081,Daniel Anderson,Corporate,United States,Miami,Florida,11520,South,TEC-PHO-25997,Technology,Phones,Apple iPhone 14,1393.64,9,0.1,82.52
1295,CA-2019-011603,2022-08-24,2022-08-25,Same Day,CUS-01081,Daniel Anderson,Corporate,United States,Miami,Florida,11520,South,TEC-PHO-25997,Technology,Phones,Apple iPhone 14,1393.64,9,0.1,82.52
1296,CA-2021-011607,2022-04-29,2022-05-03,Second Class,CUS-01062,Donald Martin,Consumer,United States,Miami,Florida,84897,South,TEC-PHO-18322,Technology,Phones,Google Pixel 7,8214.91,9,0,1742.65
1297,CA-2022-011608,2022-01-03,2022-01-03,Same Day,CUS-01067,Betty Taylor,Home Office,United States,Philadelphia,Pennsylvania,96321,East,TEC-COM-10697,Technology,Computers,HP Pavilion 14,3526.83,6,0,231.56
1298,CA-2022-011608,2022-01-03,2022-01-03,Same Day,CUS-01067,Betty Taylor,Home Office,United States,Philadelphia,Pennsylvania,96321,East,TEC-COM-10697,Technology,Computers,HP Pavilion 14,3526.83,6,0,231.56
1299,CA-2020-011613,2022-02-25,2022-02-27,First Class,CUS-01011,Barbara Miller,Corporate,United States,Washington,District of Columbia,49135,East,FUR-TAB-96266,Furniture,Tables,Sauder Palladia Desk,200.11,5,0,85.74
1300,CA-2020-011613,2022-02-25,2022-02-27,First Class,CUS-01011,Barbara Miller,Corporate,United States,Washington,District of Columbia,49135,East,FUR-TAB-96266,Furniture,Tables,Sauder Palladia Desk,200.11,5,0,85.74
1301,CA-2020-011613,2022-02-25,2022-02-27,First Class,CUS-01011,Barbara Miller,Corporate,United States,Washington,District of Columbia,49135,East,FUR-TAB-96266,Furniture,Tables,Sauder Palladia Desk,200.11,5,0,85.74
1302,CA-2022-011614,2022-03-27,2022-03-28,Same Day,CUS-01067,Betty Taylor,Home Office,United States,Columbus,Ohio,80544,Central,OFF-LAB-22977,Office Supplies,Labels,Maco Laser Labels,11.2,1,0.1,0.72
1303,CA-2022-011614,2022-03-27,2022-03-28,Same Day,CUS-01067,Betty Taylor,Home Office,United States,Columbus,Ohio,80544,Central,OFF-LAB-22977,Office Supplies,Labels,Maco Laser Labels,11.2,1,0.1,0.72
1304,CA-2021-011616,2019-10-02,2019-10-07,Second Class,CUS-01046,James White,Home Office,United States,Dallas,Texas,91567,Central,FUR-CHA-44167,Furniture,Chairs,Herman Miller Aeron,238.95,3,0.4,-27.77
1305,CA-2021-011616,2019-10-02,2019-10-07,Second Class,CUS-01046,James White,Home Office,United States,Dallas,Texas,91567,Central,FUR-CHA-44167,Furniture,Chairs,Herman Miller Aeron,238.95,3,0.4,-27.77
1306,CA-2021-011616,2019-10-02,2019-10-07,Second Class,CUS-01046,James White,Home Office,United States,Dallas,Texas,91567,Central,FUR-CHA-44167,Furniture,Chairs,Herman Miller Aeron,238.95,3,0.4,-27.77
1307,CA-2022-011618,2022-01-02,2022-01-05,Second Class,CUS-01081,Daniel Anderson,Corporate,United States,Dallas,Texas,58777,Central,OFF-SUP-31501,Office Supplies,Supplies,Scotch Magic Tape,7.3,3,0.3,3.27
1308,CA-2022-011618,2022-01-02,2022-01-05,Second Class,CUS-01081,Daniel Anderson,Corporate,United States,Dallas,Texas,58777,Central,OFF-SUP-31501,Office Supplies,Supplies,Scotch Magic Tape,7.3,3,0.3,3.27
1309,CA-2022-011618,2022-01-02,2022-01-05,Second Class,CUS-01081,Daniel Anderson,Corporate,United States,Dallas,Texas,58777,Central,OFF-SUP-31501,Office Supplies,Supplies,Scotch Magic Tape,7.3,3,0.3,3.27
1310,CA-2022-011618,2022-01-02,2022-01-05,Second Class,CUS-01081,Daniel Anderson,Corporate,United States,Dallas,Texas,58777,Central,OFF-SUP-31501,Office Supplies,Supplies,Scotch Magic Tape,7.3,3,0.3,3.27
1311,CA-2022-011620,2022-05-21,2022-05-24,Second Class,CUS-01035,Emily Wilson,Home Office,United States,Washington,District of Columbia,24416,East,OFF-SUP-18645,Office Supplies,Supplies,Dixon Ticonderoga Pencils,5.4,2,0.3,2.23
1312,CA-2022-011620,2022-05-21,2022-05-24,Second Class,CUS-01035,Emily Wilson,Home Office,United States,Washington,District of Columbia,24416,East,OFF-SUP-18645,Office Supplies,Supplies,Dixon Ticonderoga Pencils,5.4,2,0.3,2.23
1313,CA-2022-011620,2022-05-21,2022-05-24,Second Class,CUS-01035,Emily Wilson,Home Office,United States,Washington,District of Columbia,24416,East,OFF-SUP-18645,Office Supplies,Supplies,Dixon Ticonderoga Pencils,5.4,2,0.3,2.23
1314,CA-2020-011621,2020-07-14,2020-07-19,Standard Class,CUS-01049,Linda Hernandez,Corporate,United States,Portland,Oregon,23762,West,TEC-COM-87178,Technology,Computers,Lenovo ThinkPad X1,4130.35,8,0,1080.43
1315,CA-2020-011621,2020-07-14,2020-07-19,Standard Class,CUS-01049,Linda Hernandez,Corporate,United States,Portland,Oregon,23762,West,TEC-COM-87178,Technology,Computers,Lenovo ThinkPad X1,4130.35,8,0,1080.43
1316,CA-2020-011621,2020-07-14,2020-07-19,Standard Class,CUS-01049,Linda Hernandez,Corporate,United States,Portland,Oregon,23762,West,TEC-COM-87178,Technology,Computers,Lenovo ThinkPad X1,4130.35,8,0,1080.43
1317,CA-2021-011623,2019-07-22,2019-07-27,Standard Class,CUS-01041,Emily Williams,Consumer,United States,Atlanta,Georgia,55242,South,OFF-SUP-87937,Office Supplies,Supplies,Scotch Magic Tape,30.25,7,0.5,-4.34
1318,CA-2021-011623,2019-07-22,2019-07-27,Standard Class,CUS-01041,Emily Williams,Consumer,United States,Atlanta,Georgia,55242,South,OFF-SUP-87937,Office Supplies,Supplies,Scotch Magic Tape,30.25,7,0.5,-4.34
1319,CA-2021-011623,2019-07-22,2019-07-27,Standard Class,CUS-01041,Emily Williams,Consumer,United States,Atlanta,Georgia,55242,South,OFF-SUP-87937,Office Supplies,Supplies,Scotch Magic Tape,30.25,7,0.5,-4.34
1320,CA-2019-011628,2022-12-31,2023-01-05,Second Class,CUS-01017,Charles Thompson,Home Office,United States,Portland,Oregon,84391,West,OFF-FAS-93780,Office Supplies,Fasteners,Swingline Heavy Duty Stapler,69.15,4,0.4,-11.51
1321,CA-2019-011628,2022-12-31,2023-01-05,Second Class,CUS-01017,Charles Thompson,Home Office,United States,Portland,Oregon,84391,West,OFF-FAS-93780,Office Supplies,Fasteners,Swingline Heavy Duty Stapler,69.15,4,0.4,-11.51
1322,CA-2022-011633,2021-08-17,2021-08-20,First Class,CUS-01055,James Perez,Corporate,United States,San Francisco,California,93313,West,TEC-ACC-50991,Technology,Accessories,APC UPS 1500VA,425.57,2,0,145.54
1323,CA-2020-011636,2019-04-28,2019-05-05,Standard Class,CUS-01037,William Davis,Home Office,United States,Houston,Texas,65572,South,OFF-SUP-27881,Office Supplies,Supplies,Scotch Magic Tape,69.62,9,0,14.78
1324,CA-2020-011636,2019-04-28,2019-05-05,Standard Class,CUS-01037,William Davis,Home Office,United States,Houston,Texas,65572,South,OFF-SUP-27881,Office Supplies,Supplies,Scotch Magic Tape,69.62,9,0,14.78
1325,CA-2019-011641,2022-12-09,2022-12-11,First Class,CUS-01095,Ashley Hernandez,Corporate,United States,Washington,District of Columbia,68805,East,TEC-MAC-32913,Technology,Machines,Zebra ZT411 Label Printer,60.92,3,0.3,26.26
1326,CA-2019-011641,2022-12-09,2022-12-11,First Class,CUS-01095,Ashley Hernandez,Corporate,United States,Washington,District of Columbia,68805,East,TEC-MAC-32913,Technology,Machines,Zebra ZT411 Label Printer,60.92,3,0.3,26.26
1327,CA-2019-011641,2022-12-09,2022-12-11,First Class,CUS-01095,Ashley Hernandez,Corporate,United States,Washington,District of Columbia,68805,East,TEC-MAC-32913,Technology,Machines,Zebra ZT411 Label Printer,60.92,3,0.3,26.26
1328,CA-2019-011641,2022-12-09,2022-12-11,First Class,CUS-01095,Ashley Hernandez,Corporate,United States,Washington,District of Columbia,68805,East,TEC-MAC-32913,Technology,Machines,Zebra ZT411 Label Printer,60.92,3,0.3,26.26
1329,CA-2022-011645,2019-12-16,2019-12-18,First Class,CUS-01044,Robert Wilson,Corporate,United States,Phoenix,Arizona,25448,West,FUR-BOO-48475,Furniture,Bookcases,Sauder Cottage Road Bookcase,27.16,1,0.4,-1.86
1330,CA-2022-011645,2019-12-16,2019-12-18,First Class,CUS-01044,Robert Wilson,Corporate,United States,Phoenix,Arizona,25448,West,FUR-BOO-48475,Furniture,Bookcases,Sauder Cottage Road Bookcase,27.16,1,0.4,-1.86
1331,CA-2022-011645,2019-12-16,2019-12-18,First Class,CUS-01044,Robert Wilson,Corporate,United States,Phoenix,Arizona,25448,West,FUR-BOO-48475,Furniture,Bookcases,Sauder Cottage Road Bookcase,27.16,1,0.4,-1.86
1332,CA-2019-011649,2022-06-19,2022-06-19,Same Day,CUS-01046,James White,Home Office,United States,Washington,District of Columbia,70339,East,FUR-BOO-24046,Furniture,Bookcases,Sauder Cottage Road Bookcase,108.89,3,0.4,-10.44
1333,CA-2022-011653,2020-02-09,2020-02-16,Standard Class,CUS-01066,Margaret White,Home Office,United States,Portland,Oregon,26232,West,FUR-CHA-96066,Furniture,Chairs,Steelcase Leap V2,466.57,8,0.4,-46.59
1334,CA-2022-011653,2020-02-09,2020-02-16,Standard Class,CUS-01066,Margaret White,Home Office,United States,Portland,Oregon,26232,West,FUR-CHA-96066,Furniture,Chairs,Steelcase Leap V2,466.57,8,0.4,-46.59
1335,CA-2022-011653,2020-02-09,2020-02-16,Standard Class,CUS-01066,Margaret White,Home Office,United States,Portland,Oregon,26232,West,FUR-CHA-96066,Furniture,Chairs,Steelcase Leap V2,466.57,8,0.4,-46.59
1336,CA-2022-011657,2022-01-03,2022-01-05,First Class,CUS-01057,Betty Hernandez,Consumer,United States,Atlanta,Georgia,28333,South,FUR-FUR-57085,Furniture,Furnishings,Deflect-O Chair Mat,674.97,4,0,84.93
1337,CA-2020-011659,2021-05-12,2021-05-14,First Class,CUS-01021,Joseph Brown,Corporate,United States,Portland,Oregon,97194,West,FUR-CHA-74103,Furniture,Chairs,Flash Furniture Mesh Chair,280.67,3,0.3,98.36
1338,CA-2020-011659,2021-05-12,2021-05-14,First Class,CUS-01021,Joseph Brown,Corporate,United States,Portland,Oregon,97194,West,FUR-CHA-74103,Furniture,Chairs,Flash Furniture Mesh Chair,280.67,3,0.3,98.36
1339,CA-2020-011659,2021-05-12,2021-05-14,First Class,CUS-01021,Joseph Brown,Corporate,United States,Portland,Oregon,97194,West,FUR-CHA-74103,Furniture,Chairs,Flash Furniture Mesh Chair,280.67,3,0.3,98.36
1340,CA-2020-011659,2021-05-12,2021-05-14,First Class,CUS-01021,Joseph Brown,Corporate,United States,Portland,Oregon,97194,West,FUR-CHA-74103,Furniture,Chairs,Flash Furniture Mesh Chair,280.67,3,0.3,98.36
1341,CA-2022-011663,2019-08-13,2019-08-18,Standard Class,CUS-01017,Charles Thompson,Home Office,United States,San Francisco,California,75536,West,TEC-COM-98907,Technology,Computers,Dell Inspiron 15,3641.8,7,0,814.78
1342,CA-2022-011663,2019-08-13,2019-08-18,Standard Class,CUS-01017,Charles Thompson,Home Office,United States,San Francisco,California,75536,West,TEC-COM-98907,Technology,Computers,Dell Inspiron 15,3641.8,7,0,814.78
1343,CA-2022-011663,2019-08-13,2019-08-18,Standard Class,CUS-01017,Charles Thompson,Home Office,United States,San Francisco,California,75536,West,TEC-COM-98907,Technology,Computers,Dell Inspiron 15,3641.8,7,0,814.78
1344,CA-2021-011665,2019-06-19,2019-06-19,Same Day,CUS-01080,Michael White,Corporate,United States,Phoenix,Arizona,34492,West,TEC-ACC-44541,Technology,Accessories,Logitech MX Master Mouse,594.37,4,0.4,-38.45
1345,CA-2020-011669,2022-04-25,2022-04-28,Second Class,CUS-01016,Matthew Williams,Home Office,United States,Portland,Oregon,15028,West,FUR-TAB-65876,Furniture,Tables,IKEA Bekant Desk,133.76,4,0,52.93
1346,CA-2020-011669,2022-04-25,2022-04-28,Second Class,CUS-01016,Matthew Williams,Home Office,United States,Portland,Oregon,15028,West,FUR-TAB-65876,Furniture,Tables,IKEA Bekant Desk,133.76,4,0,52.93
1347,CA-2020-011669,2022-04-25,2022-04-28,Second Class,CUS-01016,Matthew Williams,Home Office,United States,Portland,Oregon,15028,West,FUR-TAB-65876,Furniture,Tables,IKEA Bekant Desk,133.76,4,0,52.93
1348,CA-2020-011669,2022-04-25,2022-04-28,Second Class,CUS-01016,Matthew Williams,Home Office,United States,Portland,Oregon,15028,West,FUR-TAB-65876,Furniture,Tables,IKEA Bekant Desk,133.76,4,0,52.93
1349,CA-2022-011671,2020-09-19,2020-09-22,Second Class,CUS-01044,Robert Wilson,Corporate,United States,Charlotte,North Carolina,18041,South,OFF-APP-16770,Office Supplies,Appliances,ACCO 3-Hole Punch,68.32,5,0.3,11.08
1350,CA-2022-011671,2020-09-19,2020-09-22,Second Class,CUS-01044,Robert Wilson,Corporate,United States,Charlotte,North Carolina,18041,South,OFF-APP-16770,Office Supplies,Appliances,ACCO 3-Hole Punch,68.32,5,0.3,11.08
1351,CA-2022-011671,2020-09-19,2020-09-22,Second Class,CUS-01044,Robert Wilson,Corporate,United States,Charlotte,North Carolina,18041,South,OFF-APP-16770,Office Supplies,Appliances,ACCO 3-Hole Punch,68.32,5,0.3,11.08
1352,CA-2022-011676,2020-10-17,2020-10-22,Standard Class,CUS-01006,Jessica Davis,Home Office,United States,New York,New York,96563,East,OFF-ENV-47397,Office Supplies,Envelopes,Quality Park Catalog Envelopes,73.69,10,0,16.39
1353,CA-2022-011676,2020-10-17,2020-10-22,Standard Class,CUS-01006,Jessica Davis,Home Office,United States,New York,New York,96563,East,OFF-ENV-47397,Office Supplies,Envelopes,Quality Park Catalog Envelopes,73.69,10,0,16.39
1354,CA-2022-011676,2020-10-17,2020-10-22,Standard Class,CUS-01006,Jessica Davis,Home Office,United States,New York,New York,96563,East,OFF-ENV-47397,Office Supplies,Envelopes,Quality Park Catalog Envelopes,73.69,10,0,16.39
1355,CA-2022-011678,2020-11-15,2020-11-17,First Class,CUS-01013,Michael Gonzalez,Corporate,United States,Washington,District of Columbia,27079,East,FUR-BOO-57367,Furniture,Bookcases,Way2Furn 5-Shelf,640.38,10,0.3,93.05
1356,CA-2022-011678,2020-11-15,2020-11-17,First Class,CUS-01013,Michael Gonzalez,Corporate,United States,Washington,District of Columbia,27079,East,FUR-BOO-57367,Furniture,Bookcases,Way2Furn 5-Shelf,640.38,10,0.3,93.05
1357,CA-2022-011678,2020-11-15,2020-11-17,First Class,CUS-01013,Michael Gonzalez,Corporate,United States,Washington,District of Columbia,27079,East,FUR-BOO-57367,Furniture,Bookcases,Way2Furn 5-Shelf,640.38,10,0.3,93.05
1358,CA-2020-011681,2021-02-25,2021-03-02,Standard Class,CUS-01017,Charles Thompson,Home Office,United States,New York,New York,86881,East,OFF-LAB-68427,Office Supplies,Labels,Avery Easy Peel Labels,11.47,2,0.3,1.96
1359,CA-2020-011681,2021-02-25,2021-03-02,Standard Class,CUS-01017,Charles Thompson,Home Office,United States,New York,New York,86881,East,OFF-LAB-68427,Office Supplies,Labels,Avery Easy Peel Labels,11.47,2,0.3,1.96
1360,CA-2020-011681,2021-02-25,2021-03-02,Standard Class,CUS-01017,Charles Thompson,Home Office,United States,New York,New York,86881,East,OFF-LAB-68427,Office Supplies,Labels,Avery Easy Peel Labels,11.47,2,0.3,1.96
1361,CA-2020-011681,2021-02-25,2021-03-02,Standard Class,CUS-01017,Charles Thompson,Home Office,United States,New York,New York,86881,East,OFF-LAB-68427,Office Supplies,Labels,Avery Easy Peel Labels,11.47,2,0.3,1.96
1362,CA-2020-011686,2019-11-11,2019-11-16,Standard Class,CUS-01025,Karen Harris,Home Office,United States,Nashville,Tennessee,43099,South,OFF-ENV-68783,Office Supplies,Envelopes,Staples 10-Envelope Box,8.15,2,0.4,-0.32
1363,CA-2020-011686,2019-11-11,2019-11-16,Standard Class,CUS-01025,Karen Harris,Home Office,United States,Nashville,Tennessee,43099,South,OFF-ENV-68783,Office Supplies,Envelopes,Staples 10-Envelope Box,8.15,2,0.4,-0.32
1364,CA-2020-011686,2019-11-11,2019-11-16,Standard Class,CUS-01025,Karen Harris,Home Office,United States,Nashville,Tennessee,43099,South,OFF-ENV-68783,Office Supplies,Envelopes,Staples 10-Envelope Box,8.15,2,0.4,-0.32
1365,CA-2020-011686,2019-11-11,2019-11-16,Standard Class,CUS-01025,Karen Harris,Home Office,United States,Nashville,Tennessee,43099,South,OFF-ENV-68783,Office Supplies,Envelopes,Staples 10-Envelope Box,8.15,2,0.4,-0.32
1366,CA-2019-011691,2022-05-12,2022-05-14,First Class,CUS-01038,Thomas Clark,Home Office,United States,Washington,District of Columbia,17968,East,OFF-LAB-62100,Office Supplies,Labels,Maco Laser Labels,44.66,9,0,5.19
1367,CA-2019-011691,2022-05-12,2022-05-14,First Class,CUS-01038,Thomas Clark,Home Office,United States,Washington,District of Columbia,17968,East,OFF-LAB-62100,Office Supplies,Labels,Maco Laser Labels,44.66,9,0,5.19
1368,CA-2019-011691,2022-05-12,2022-05-14,First Class,CUS-01038,Thomas Clark,Home Office,United States,Washington,District of Columbia,17968,East,OFF-LAB-62100,Office Supplies,Labels,Maco Laser Labels,44.66,9,0,5.19
1369,CA-2019-011691,2022-05-12,2022-05-14,First Class,CUS-01038,Thomas Clark,Home Office,United States,Washington,District of Columbia,17968,East,OFF-LAB-62100,Office Supplies,Labels,Maco Laser Labels,44.66,9,0,5.19
1370,CA-2022-011693,2022-05-28,2022-05-30,First Class,CUS-01024,Daniel Miller,Home Office,United States,Philadelphia,Pennsylvania,84959,East,TEC-MAC-11161,Technology,Machines,Fellowes Powershred 79Ci,608.24,9,0.5,-76.49
1371,CA-2022-011693,2022-05-28,2022-05-30,First Class,CUS-01024,Daniel Miller,Home Office,United States,Philadelphia,Pennsylvania,84959,East,TEC-MAC-11161,Technology,Machines,Fellowes Powershred 79Ci,608.24,9,0.5,-76.49
1372,CA-2022-011693,2022-05-28,2022-05-30,First Class,CUS-01024,Daniel Miller,Home Office,United States,Philadelphia,Pennsylvania,84959,East,TEC-MAC-11161,Technology,Machines,Fellowes Powershred 79Ci,608.24,9,0.5,-76.49
1373,CA-2021-011697,2020-08-29,2020-08-31,First Class,CUS-01022,Karen Taylor,Home Office,United States,Los Angeles,California,79935,West,TEC-ACC-93835,Technology,Accessories,Logitech MX Master Mouse,248.32,5,0,39.28
1374,CA-2020-011699,2021-12-30,2022-01-04,Standard Class,CUS-01084,Nancy Brown,Consumer,United States,Columbus,Ohio,58380,Central,FUR-CHA-27512,Furniture,Chairs,Herman Miller Aeron,3358.06,10,0.2,603.96
1375,CA-2019-011701,2020-03-25,2020-03-27,First Class,CUS-01033,Robert Miller,Home Office,United States,Washington,District of Columbia,96155,East,OFF-PAP-60067,Office Supplies,Paper,Georgia-Pacific Copy Paper,117.76,5,0.1,44.37
1376,CA-2019-011701,2020-03-25,2020-03-27,First Class,CUS-01033,Robert Miller,Home Office,United States,Washington,District of Columbia,96155,East,OFF-PAP-60067,Office Supplies,Paper,Georgia-Pacific Copy Paper,117.76,5,0.1,44.37
1377,CA-2021-011704,2020-02-22,2020-02-22,Same Day,CUS-01058,Patricia Davis,Home Office,United States,Portland,Oregon,58318,West,TEC-COP-75006,Technology,Copiers,Canon imageRUNNER 2630,387.61,3,0,48.66
1378,CA-2021-011704,2020-02-22,2020-02-22,Same Day,CUS-01058,Patricia Davis,Home Office,United States,Portland,Oregon,58318,West,TEC-COP-75006,Technology,Copiers,Canon imageRUNNER 2630,387.61,3,0,48.66
1379,CA-2021-011704,2020-02-22,2020-02-22,Same Day,CUS-01058,Patricia Davis,Home Office,United States,Portland,Oregon,58318,West,TEC-COP-75006,Technology,Copiers,Canon imageRUNNER 2630,387.61,3,0,48.66
1380,CA-2021-011704,2020-02-22,2020-02-22,Same Day,CUS-01058,Patricia Davis,Home Office,United States,Portland,Oregon,58318,West,TEC-COP-75006,Technology,Copiers,Canon imageRUNNER 2630,387.61,3,0,48.66
1381,CA-2020-011707,2019-02-13,2019-02-15,First Class,CUS-01114,Jessica Jackson,Corporate,United States,Portland,Oregon,89668,West,TEC-PHO-19443,Technology,Phones,Samsung Galaxy S22,1500.95,8,0.4,-67.61
1382,CA-2020-011707,2019-02-13,2019-02-15,First Class,CUS-01114,Jessica Jackson,Corporate,United States,Portland,Oregon,89668,West,TEC-PHO-19443,Technology,Phones,Samsung Galaxy S22,1500.95,8,0.4,-67.61
1383,CA-2019-011710,2019-07-24,2019-07-25,Same Day,CUS-01003,William Clark,Consumer,United States,New York,New York,94473,East,TEC-COM-20957,Technology,Computers,HP Pavilion 14,7737.19,10,0,2839.24
1384,CA-2019-011715,2020-11-24,2020-11-29,Standard Class,CUS-01018,Betty Lee,Consumer,United States,Nashville,Tennessee,68238,South,TEC-ACC-72771,Technology,Accessories,Belkin Surge Protector,40.92,1,0.2,12.32
1385,CA-2019-011720,2019-07-30,2019-08-01,First Class,CUS-01066,Margaret White,Home Office,United States,Atlanta,Georgia,10158,South,TEC-PHO-65985,Technology,Phones,Samsung Galaxy S22,701.26,6,0.2,98.42
1386,CA-2019-011720,2019-07-30,2019-08-01,First Class,CUS-01066,Margaret White,Home Office,United States,Atlanta,Georgia,10158,South,TEC-PHO-65985,Technology,Phones,Samsung Galaxy S22,701.26,6,0.2,98.42
1387,CA-2019-011720,2019-07-30,2019-08-01,First Class,CUS-01066,Margaret White,Home Office,United States,Atlanta,Georgia,10158,South,TEC-PHO-65985,Technology,Phones,Samsung Galaxy S22,701.26,6,0.2,98.42
1388,CA-2019-011720,2019-07-30,2019-08-01,First Class,CUS-01066,Margaret White,Home Office,United States,Atlanta,Georgia,10158,South,TEC-PHO-65985,Technology,Phones,Samsung Galaxy S22,701.26,6,0.2,98.42
1389,CA-2019-011721,2019-12-14,2019-12-19,Standard Class,CUS-01014,Thomas Johnson,Home Office,United States,Minneapolis,Minnesota,19999,Central,OFF-ENV-57250,Office Supplies,Envelopes,Quality Park Catalog Envelopes,36.55,2,0,10.66
1390,CA-2019-011721,2019-12-14,2019-12-19,Standard Class,CUS-01014,Thomas Johnson,Home Office,United States,Minneapolis,Minnesota,19999,Central,OFF-ENV-57250,Office Supplies,Envelopes,Quality Park Catalog Envelopes,36.55,2,0,10.66
1391,CA-2022-011725,2020-11-16,2020-11-21,Second Class,CUS-01055,James Perez,Corporate,United States,San Francisco,California,91888,West,FUR-BOO-45532,Furniture,Bookcases,Bush Furniture Cabot Bookcase,1558.6,6,0.2,583.36
1392,CA-2019-011730,2022-09-05,2022-09-09,Second Class,CUS-01019,Robert Johnson,Home Office,United States,Charlotte,North Carolina,72709,South,TEC-PHO-46500,Technology,Phones,Motorola Moto G,515.5,6,0,63.28
1393,CA-2019-011730,2022-09-05,2022-09-09,Second Class,CUS-01019,Robert Johnson,Home Office,United States,Charlotte,North Carolina,72709,South,TEC-PHO-46500,Technology,Phones,Motorola Moto G,515.5,6,0,63.28
1394,CA-2019-011730,2022-09-05,2022-09-09,Second Class,CUS-01019,Robert Johnson,Home Office,United States,Charlotte,North Carolina,72709,South,TEC-PHO-46500,Technology,Phones,Motorola Moto G,515.5,6,0,63.28
1395,CA-2019-011730,2022-09-05,2022-09-09,Second Class,CUS-01019,Robert Johnson,Home Office,United States,Charlotte,North Carolina,72709,South,TEC-PHO-46500,Technology,Phones,Motorola Moto G,515.5,6,0,63.28
1396,CA-2021-011732,2021-10-09,2021-10-10,Same Day,CUS-01089,Michael Johnson,Home Office,United States,Nashville,Tennessee,93440,South,FUR-TAB-42231,Furniture,Tables,Realspace Magellan Corner Desk,470.81,9,0.5,-62.5
1397,CA-2021-011732,2021-10-09,2021-10-10,Same Day,CUS-01089,Michael Johnson,Home Office,United States,Nashville,Tennessee,93440,South,FUR-TAB-42231,Furniture,Tables,Realspace Magellan Corner Desk,470.81,9,0.5,-62.5
1398,CA-2021-011732,2021-10-09,2021-10-10,Same Day,CUS-01089,Michael Johnson,Home Office,United States,Nashville,Tennessee,93440,South,FUR-TAB-42231,Furniture,Tables,Realspace Magellan Corner Desk,470.81,9,0.5,-62.5
1399,CA-2021-011732,2021-10-09,2021-10-10,Same Day,CUS-01089,Michael Johnson,Home Office,United States,Nashville,Tennessee,93440,South,FUR-TAB-42231,Furniture,Tables,Realspace Magellan Corner Desk,470.81,9,0.5,-62.5
1400,CA-2020-011735,2019-06-21,2019-06-21,Same Day,CUS-01090,James Williams,Consumer,United States,Philadelphia,Pennsylvania,57409,East,TEC-COM-57500,Technology,Computers,Dell Inspiron 15,1180.72,3,0,87.17
1401,CA-2020-011735,2019-06-21,2019-06-21,Same Day,CUS-01090,James Williams,Consumer,United States,Philadelphia,Pennsylvania,57409,East,TEC-COM-57500,Technology,Computers,Dell Inspiron 15,1180.72,3,0,87.17
1402,CA-2020-011735,2019-06-21,2019-06-21,Same Day,CUS-01090,James Williams,Consumer,United States,Philadelphia,Pennsylvania,57409,East,TEC-COM-57500,Technology,Computers,Dell Inspiron 15,1180.72,3,0,87.17
1403,CA-2021-011739,2020-08-26,2020-08-26,Same Day,CUS-01107,Anthony White,Home Office,United States,Atlanta,Georgia,37621,South,TEC-PHO-25366,Technology,Phones,Samsung Galaxy S22,522.47,3,0.4,-89.67
1404,CA-2021-011739,2020-08-26,2020-08-26,Same Day,CUS-01107,Anthony White,Home Office,United States,Atlanta,Georgia,37621,South,TEC-PHO-25366,Technology,Phones,Samsung Galaxy S22,522.47,3,0.4,-89.67
1405,CA-2021-011739,2020-08-26,2020-08-26,Same Day,CUS-01107,Anthony White,Home Office,United States,Atlanta,Georgia,37621,South,TEC-PHO-25366,Technology,Phones,Samsung Galaxy S22,522.47,3,0.4,-89.67
1406,CA-2021-011739,2020-08-26,2020-08-26,Same Day,CUS-01107,Anthony White,Home Office,United States,Atlanta,Georgia,37621,South,TEC-PHO-25366,Technology,Phones,Samsung Galaxy S22,522.47,3,0.4,-89.67
1407,CA-2021-011741,2022-12-07,2022-12-14,Standard Class,CUS-01075,Sarah Martinez,Home Office,United States,Baltimore,Maryland,87847,East,TEC-PHO-57873,Technology,Phones,Samsung Galaxy S22,340.28,4,0,18.71
1408,CA-2021-011741,2022-12-07,2022-12-14,Standard Class,CUS-01075,Sarah Martinez,Home Office,United States,Baltimore,Maryland,87847,East,TEC-PHO-57873,Technology,Phones,Samsung Galaxy S22,340.28,4,0,18.71
1409,CA-2021-011741,2022-12-07,2022-12-14,Standard Class,CUS-01075,Sarah Martinez,Home Office,United States,Baltimore,Maryland,87847,East,TEC-PHO-57873,Technology,Phones,Samsung Galaxy S22,340.28,4,0,18.71
1410,CA-2021-011741,2022-12-07,2022-12-14,Standard Class,CUS-01075,Sarah Martinez,Home Office,United States,Baltimore,Maryland,87847,East,TEC-PHO-57873,Technology,Phones,Samsung Galaxy S22,340.28,4,0,18.71
1411,CA-2020-011742,2021-08-20,2021-08-25,Second Class,CUS-01068,Mark Brown,Consumer,United States,Kansas City,Missouri,63939,Central,OFF-ENV-94521,Office Supplies,Envelopes,Staples 10-Envelope Box,146.24,5,0,16.43
1412,CA-2020-011744,2019-11-25,2019-12-01,Standard Class,CUS-01107,Anthony White,Home Office,United States,Charlotte,North Carolina,82634,South,OFF-FAS-75781,Office Supplies,Fasteners,3M Post-it Flags,17.22,4,0.4,-3.64
1413,CA-2020-011744,2019-11-25,2019-12-01,Standard Class,CUS-01107,Anthony White,Home Office,United States,Charlotte,North Carolina,82634,South,OFF-FAS-75781,Office Supplies,Fasteners,3M Post-it Flags,17.22,4,0.4,-3.64
1414,CA-2020-011744,2019-11-25,2019-12-01,Standard Class,CUS-01107,Anthony White,Home Office,United States,Charlotte,North Carolina,82634,South,OFF-FAS-75781,Office Supplies,Fasteners,3M Post-it Flags,17.22,4,0.4,-3.64
1415,CA-2019-011749,2021-02-12,2021-02-17,Second Class,CUS-01028,Sarah Garcia,Corporate,United States,Nashville,Tennessee,17339,South,TEC-COP-83307,Technology,Copiers,Brother MFC-L8900CDW,256.27,2,0.5,-30.88
1416,CA-2019-011749,2021-02-12,2021-02-17,Second Class,CUS-01028,Sarah Garcia,Corporate,United States,Nashville,Tennessee,17339,South,TEC-COP-83307,Technology,Copiers,Brother MFC-L8900CDW,256.27,2,0.5,-30.88
1417,CA-2019-011749,2021-02-12,2021-02-17,Second Class,CUS-01028,Sarah Garcia,Corporate,United States,Nashville,Tennessee,17339,South,TEC-COP-83307,Technology,Copiers,Brother MFC-L8900CDW,256.27,2,0.5,-30.88
1418,CA-2019-011749,2021-02-12,2021-02-17,Second Class,CUS-01028,Sarah Garcia,Corporate,United States,Nashville,Tennessee,17339,South,TEC-COP-83307,Technology,Copiers,Brother MFC-L8900CDW,256.27,2,0.5,-30.88
1419,CA-2022-011754,2019-04-22,2019-04-25,First Class,CUS-01025,Karen Harris,Home Office,United States,Chicago,Illinois,23683,Central,TEC-ACC-13676,Technology,Accessories,Belkin Surge Protector,213.15,3,0,16.23
1420,CA-2021-011756,2022-02-03,2022-02-08,Second Class,CUS-01119,James White,Home Office,United States,Philadelphia,Pennsylvania,45280,East,TEC-MAC-15881,Technology,Machines,Fellowes Powershred 79Ci,2335.57,8,0,161.67
1421,CA-2021-011758,2020-12-31,2021-01-03,First Class,CUS-01065,Richard Harris,Corporate,United States,San Francisco,California,61202,West,OFF-ENV-98432,Office Supplies,Envelopes,Quality Park Catalog Envelopes,35.41,7,0,8.88
1422,CA-2021-011758,2020-12-31,2021-01-03,First Class,CUS-01065,Richard Harris,Corporate,United States,San Francisco,California,61202,West,OFF-ENV-98432,Office Supplies,Envelopes,Quality Park Catalog Envelopes,35.41,7,0,8.88
1423,CA-2019-011759,2021-02-21,2021-02-21,Same Day,CUS-01038,Thomas Clark,Home Office,United States,Seattle,Washington,99440,West,FUR-CHA-40352,Furniture,Chairs,HON Ignition 2.0 Task Chair,805.37,3,0,360.29
1424,CA-2019-011759,2021-02-21,2021-02-21,Same Day,CUS-01038,Thomas Clark,Home Office,United States,Seattle,Washington,99440,West,FUR-CHA-40352,Furniture,Chairs,HON Ignition 2.0 Task Chair,805.37,3,0,360.29
1425,CA-2019-011759,2021-02-21,2021-02-21,Same Day,CUS-01038,Thomas Clark,Home Office,United States,Seattle,Washington,99440,West,FUR-CHA-40352,Furniture,Chairs,HON Ignition 2.0 Task Chair,805.37,3,0,360.29
1426,CA-2022-011764,2020-11-25,2020-11-28,First Class,CUS-01080,Michael White,Corporate,United States,Houston,Texas,99505,South,FUR-TAB-90004,Furniture,Tables,IKEA Bekant Desk,889.14,3,0.5,-39.55
1427,CA-2020-011766,2022-01-25,2022-01-31,Standard Class,CUS-01013,Michael Gonzalez,Corporate,United States,Miami,Florida,32245,South,FUR-TAB-46715,Furniture,Tables,IKEA Bekant Desk,853.65,6,0,66.97
1428,CA-2020-011766,2022-01-25,2022-01-31,Standard Class,CUS-01013,Michael Gonzalez,Corporate,United States,Miami,Florida,32245,South,FUR-TAB-46715,Furniture,Tables,IKEA Bekant Desk,853.65,6,0,66.97
1429,CA-2020-011766,2022-01-25,2022-01-31,Standard Class,CUS-01013,Michael Gonzalez,Corporate,United States,Miami,Florida,32245,South,FUR-TAB-46715,Furniture,Tables,IKEA Bekant Desk,853.65,6,0,66.97
1430,CA-2020-011766,2022-01-25,2022-01-31,Standard Class,CUS-01013,Michael Gonzalez,Corporate,United States,Miami,Florida,32245,South,FUR-TAB-46715,Furniture,Tables,IKEA Bekant Desk,853.65,6,0,66.97
1431,CA-2021-011769,2020-06-08,2020-06-08,Same Day,CUS-01016,Matthew Williams,Home Office,United States,Houston,Texas,57641,South,FUR-FUR-91223,Furniture,Furnishings,Master Caster Doorstop,87.29,3,0.5,-8.58
1432,CA-2021-011769,2020-06-08,2020-06-08,Same Day,CUS-01016,Matthew Williams,Home Office,United States,Houston,Texas,57641,South,FUR-FUR-91223,Furniture,Furnishings,Master Caster Doorstop,87.29,3,0.5,-8.58
1433,CA-2021-011769,2020-06-08,2020-06-08,Same Day,CUS-01016,Matthew Williams,Home Office,United States,Houston,Texas,57641,South,FUR-FUR-91223,Furniture,Furnishings,Master Caster Doorstop,87.29,3,0.5,-8.58
1434,CA-2021-011773,2022-10-29,2022-10-30,Same Day,CUS-01034,Christopher Miller,Home Office,United States,Washington,District of Columbia,94392,East,TEC-COM-30258,Technology,Computers,Dell Inspiron 15,1194.96,5,0.4,-67.69
1435,CA-2021-011773,2022-10-29,2022-10-30,Same Day,CUS-01034,Christopher Miller,Home Office,United States,Washington,District of Columbia,94392,East,TEC-COM-30258,Technology,Computers,Dell Inspiron 15,1194.96,5,0.4,-67.69
1436,CA-2021-011773,2022-10-29,2022-10-30,Same Day,CUS-01034,Christopher Miller,Home Office,United States,Washington,District of Columbia,94392,East,TEC-COM-30258,Technology,Computers,Dell Inspiron 15,1194.96,5,0.4,-67.69
1437,CA-2021-011773,2022-10-29,2022-10-30,Same Day,CUS-01034,Christopher Miller,Home Office,United States,Washington,District of Columbia,94392,East,TEC-COM-30258,Technology,Computers,Dell Inspiron 15,1194.96,5,0.4,-67.69
1438,CA-2019-011774,2021-03-06,2021-03-06,Same Day,CUS-01045,Ashley Jackson,Corporate,United States,Charlotte,North Carolina,94211,South,OFF-STO-21248,Office Supplies,Storage,Avery Lateral File,15.53,2,0.4,-2.77
1439,CA-2019-011774,2021-03-06,2021-03-06,Same Day,CUS-01045,Ashley Jackson,Corporate,United States,Charlotte,North Carolina,94211,South,OFF-STO-21248,Office Supplies,Storage,Avery Lateral File,15.53,2,0.4,-2.77
1440,CA-2022-011776,2019-05-13,2019-05-16,First Class,CUS-01078,Donald Davis,Corporate,United States,Atlanta,Georgia,72419,South,TEC-ACC-15017,Technology,Accessories,APC UPS 1500VA,380.13,8,0,116.35
1441,CA-2022-011776,2019-05-13,2019-05-16,First Class,CUS-01078,Donald Davis,Corporate,United States,Atlanta,Georgia,72419,South,TEC-ACC-15017,Technology,Accessories,APC UPS 1500VA,380.13,8,0,116.35
1442,CA-2022-011776,2019-05-13,2019-05-16,First Class,CUS-01078,Donald Davis,Corporate,United States,Atlanta,Georgia,72419,South,TEC-ACC-15017,Technology,Accessories,APC UPS 1500VA,380.13,8,0,116.35
1443,CA-2019-011779,2021-02-17,2021-02-23,Standard Class,CUS-01102,Jennifer Garcia,Consumer,United States,Charlotte,North Carolina,37973,South,TEC-COM-99610,Technology,Computers,Dell Inspiron 15,4955.44,5,0,413.46
1444,CA-2021-011784,2019-06-17,2019-06-20,First Class,CUS-01112,Robert Smith,Corporate,United States,Nashville,Tennessee,38063,South,OFF-FAS-17044,Office Supplies,Fasteners,Swingline Heavy Duty Stapler,16.32,7,0.3,7.1
1445,CA-2021-011784,2019-06-17,2019-06-20,First Class,CUS-01112,Robert Smith,Corporate,United States,Nashville,Tennessee,38063,South,OFF-FAS-17044,Office Supplies,Fasteners,Swingline Heavy Duty Stapler,16.32,7,0.3,7.1
1446,CA-2021-011784,2019-06-17,2019-06-20,First Class,CUS-01112,Robert Smith,Corporate,United States,Nashville,Tennessee,38063,South,OFF-FAS-17044,Office Supplies,Fasteners,Swingline Heavy Duty Stapler,16.32,7,0.3,7.1
1447,CA-2020-011788,2020-12-16,2020-12-17,Same Day,CUS-01061,William Jones,Home Office,United States,Portland,Oregon,56490,West,OFF-APP-83519,Office Supplies,Appliances,Fellowes Saturn Laminator,543.6,10,0.1,44.1
1448,CA-2020-011788,2020-12-16,2020-12-17,Same Day,CUS-01061,William Jones,Home Office,United States,Portland,Oregon,56490,West,OFF-APP-83519,Office Supplies,Appliances,Fellowes Saturn Laminator,543.6,10,0.1,44.1
1449,CA-2021-011790,2019-01-30,2019-02-03,Second Class,CUS-01120,Lisa White,Consumer,United States,Portland,Oregon,51472,West,TEC-COP-78248,Technology,Copiers,Ricoh IM C300,9325.95,8,0,2832.45
1450,CA-2019-011793,2020-01-20,2020-01-20,Same Day,CUS-01077,William Clark,Home Office,United States,Atlanta,Georgia,55624,South,TEC-COM-58530,Technology,Computers,Dell Inspiron 15,1230.63,1,0.2,502.91
1451,CA-2022-011795,2021-04-27,2021-04-28,Same Day,CUS-01046,James White,Home Office,United States,Nashville,Tennessee,54017,South,TEC-COM-66149,Technology,Computers,Apple MacBook Air,2073.08,9,0,553.73
1452,CA-2022-011795,2021-04-27,2021-04-28,Same Day,CUS-01046,James White,Home Office,United States,Nashville,Tennessee,54017,South,TEC-COM-66149,Technology,Computers,Apple MacBook Air,2073.08,9,0,553.73
1453,CA-2022-011795,2021-04-27,2021-04-28,Same Day,CUS-01046,James White,Home Office,United States,Nashville,Tennessee,54017,South,TEC-COM-66149,Technology,Computers,Apple MacBook Air,2073.08,9,0,553.73
1454,CA-2022-011795,2021-04-27,2021-04-28,Same Day,CUS-01046,James White,Home Office,United States,Nashville,Tennessee,54017,South,TEC-COM-66149,Technology,Computers,Apple MacBook Air,2073.08,9,0,553.73
1455,CA-2021-011799,2022-07-22,2022-07-24,First Class,CUS-01012,Michael Williams,Corporate,United States,New York,New York,95147,East,TEC-MAC-23588,Technology,Machines,Dymo LabelWriter 450,2677.06,10,0,812.25
1456,CA-2021-011803,2020-03-09,2020-03-13,Second Class,CUS-01071,Joseph Lee,Consumer,United States,Houston,Texas,35632,South,FUR-CHA-70810,Furniture,Chairs,Herman Miller Aeron,1482.17,7,0,631.17
1457,CA-2021-011803,2020-03-09,2020-03-13,Second Class,CUS-01071,Joseph Lee,Consumer,United States,Houston,Texas,35632,South,FUR-CHA-70810,Furniture,Chairs,Herman Miller Aeron,1482.17,7,0,631.17
1458,CA-2021-011807,2022-09-10,2022-09-13,First Class,CUS-01108,Christopher Martinez,Consumer,United States,Atlanta,Georgia,10544,South,FUR-CHA-13440,Furniture,Chairs,HON Ignition 2.0 Task Chair,223.9,6,0.3,41.2
1459,CA-2021-011807,2022-09-10,2022-09-13,First Class,CUS-01108,Christopher Martinez,Consumer,United States,Atlanta,Georgia,10544,South,FUR-CHA-13440,Furniture,Chairs,HON Ignition 2.0 Task Chair,223.9,6,0.3,41.2
1460,CA-2021-011807,2022-09-10,2022-09-13,First Class,CUS-01108,Christopher Martinez,Consumer,United States,Atlanta,Georgia,10544,South,FUR-CHA-13440,Furniture,Chairs,HON Ignition 2.0 Task Chair,223.9,6,0.3,41.2
1461,CA-2021-011807,2022-09-10,2022-09-13,First Class,CUS-01108,Christopher Martinez,Consumer,United States,Atlanta,Georgia,10544,South,FUR-CHA-13440,Furniture,Chairs,HON Ignition 2.0 Task Chair,223.9,6,0.3,41.2
1462,CA-2020-011810,2021-03-12,2021-03-17,Second Class,CUS-01083,Michael Johnson,Corporate,United States,Houston,Texas,85740,South,FUR-TAB-61172,Furniture,Tables,Realspace Magellan Corner Desk,793.23,3,0.4,-163.28
1463,CA-2020-011810,2021-03-12,2021-03-17,Second Class,CUS-01083,Michael Johnson,Corporate,United States,Houston,Texas,85740,South,FUR-TAB-61172,Furniture,Tables,Realspace Magellan Corner Desk,793.23,3,0.4,-163.28
1464,CA-2022-011815,2019-07-23,2019-07-28,Second Class,CUS-01016,Matthew Williams,Home Office,United States,Miami,Florida,82470,South,TEC-ACC-22223,Technology,Accessories,Anker USB-C Hub,128.88,7,0,38.87
1465,CA-2022-011815,2019-07-23,2019-07-28,Second Class,CUS-01016,Matthew Williams,Home Office,United States,Miami,Florida,82470,South,TEC-ACC-22223,Technology,Accessories,Anker USB-C Hub,128.88,7,0,38.87
1466,CA-2019-011817,2022-12-20,2022-12-27,Standard Class,CUS-01049,Linda Hernandez,Corporate,United States,Philadelphia,Pennsylvania,69468,East,OFF-ENV-41420,Office Supplies,Envelopes,Quality Park Catalog Envelopes,44.61,4,0.2,5.69
1467,CA-2019-011817,2022-12-20,2022-12-27,Standard Class,CUS-01049,Linda Hernandez,Corporate,United States,Philadelphia,Pennsylvania,69468,East,OFF-ENV-41420,Office Supplies,Envelopes,Quality Park Catalog Envelopes,44.61,4,0.2,5.69
1468,CA-2022-011822,2022-09-12,2022-09-18,Standard Class,CUS-01011,Barbara Miller,Corporate,United States,Los Angeles,California,93674,West,OFF-PAP-70178,Office Supplies,Paper,Hammermill Premium Copy Paper,34.29,2,0,3.66
1469,CA-2022-011822,2022-09-12,2022-09-18,Standard Class,CUS-01011,Barbara Miller,Corporate,United States,Los Angeles,California,93674,West,OFF-PAP-70178,Office Supplies,Paper,Hammermill Premium Copy Paper,34.29,2,0,3.66
1470,CA-2022-011822,2022-09-12,2022-09-18,Standard Class,CUS-01011,Barbara Miller,Corporate,United States,Los Angeles,California,93674,West,OFF-PAP-70178,Office Supplies,Paper,Hammermill Premium Copy Paper,34.29,2,0,3.66
1471,CA-2020-011825,2019-06-08,2019-06-09,Same Day,CUS-01117,David Taylor,Home Office,United States,Portland,Oregon,23195,West,FUR-CHA-19643,Furniture,Chairs,Flash Furniture Mesh Chair,217.38,2,0.1,70.64
1472,CA-2020-011825,2019-06-08,2019-06-09,Same Day,CUS-01117,David Taylor,Home Office,United States,Portland,Oregon,23195,West,FUR-CHA-19643,Furniture,Chairs,Flash Furniture Mesh Chair,217.38,2,0.1,70.64
1473,CA-2020-011825,2019-06-08,2019-06-09,Same Day,CUS-01117,David Taylor,Home Office,United States,Portland,Oregon,23195,West,FUR-CHA-19643,Furniture,Chairs,Flash Furniture Mesh Chair,217.38,2,0.1,70.64
1474,CA-2020-011825,2019-06-08,2019-06-09,Same Day,CUS-01117,David Taylor,Home Office,United States,Portland,Oregon,23195,West,FUR-CHA-19643,Furniture,Chairs,Flash Furniture Mesh Chair,217.38,2,0.1,70.64
1475,CA-2021-011826,2019-11-26,2019-11-30,Second Class,CUS-01002,Karen Davis,Consumer,United States,Phoenix,Arizona,92734,West,OFF-BIN-54932,Office Supplies,Binders,Avery Heavy Duty Binder,76.92,8,0,8.72
1476,CA-2021-011826,2019-11-26,2019-11-30,Second Class,CUS-01002,Karen Davis,Consumer,United States,Phoenix,Arizona,92734,West,OFF-BIN-54932,Office Supplies,Binders,Avery Heavy Duty Binder,76.92,8,0,8.72
1477,CA-2021-011826,2019-11-26,2019-11-30,Second Class,CUS-01002,Karen Davis,Consumer,United States,Phoenix,Arizona,92734,West,OFF-BIN-54932,Office Supplies,Binders,Avery Heavy Duty Binder,76.92,8,0,8.72
1478,CA-2019-011830,2022-05-26,2022-06-02,Standard Class,CUS-01003,William Clark,Consumer,United States,Seattle,Washington,57826,West,TEC-COM-52931,Technology,Computers,Dell Inspiron 15,296.5,2,0,46.56
1479,CA-2019-011830,2022-05-26,2022-06-02,Standard Class,CUS-01003,William Clark,Consumer,United States,Seattle,Washington,57826,West,TEC-COM-52931,Technology,Computers,Dell Inspiron 15,296.5,2,0,46.56
1480,CA-2019-011830,2022-05-26,2022-06-02,Standard Class,CUS-01003,William Clark,Consumer,United States,Seattle,Washington,57826,West,TEC-COM-52931,Technology,Computers,Dell Inspiron 15,296.5,2,0,46.56
1481,CA-2019-011830,2022-05-26,2022-06-02,Standard Class,CUS-01003,William Clark,Consumer,United States,Seattle,Washington,57826,West,TEC-COM-52931,Technology,Computers,Dell Inspiron 15,296.5,2,0,46.56
1482,CA-2020-011832,2020-12-14,2020-12-17,First Class,CUS-01096,Emily Jones,Consumer,United States,Charlotte,North Carolina,77194,South,FUR-TAB-32670,Furniture,Tables,Sauder Palladia Desk,274.15,5,0.4,-12.5
1483,CA-2020-011832,2020-12-14,2020-12-17,First Class,CUS-01096,Emily Jones,Consumer,United States,Charlotte,North Carolina,77194,South,FUR-TAB-32670,Furniture,Tables,Sauder Palladia Desk,274.15,5,0.4,-12.5
1484,CA-2020-011832,2020-12-14,2020-12-17,First Class,CUS-01096,Emily Jones,Consumer,United States,Charlotte,North Carolina,77194,South,FUR-TAB-32670,Furniture,Tables,Sauder Palladia Desk,274.15,5,0.4,-12.5
1485,CA-2020-011833,2021-09-26,2021-09-27,Same Day,CUS-01055,James Perez,Corporate,United States,Minneapolis,Minnesota,91646,Central,TEC-MAC-66270,Technology,Machines,Dymo LabelWriter 450,675.78,6,0.3,276.5
1486,CA-2022-011835,2019-03-11,2019-03-14,First Class,CUS-01038,Thomas Clark,Home Office,United States,Kansas City,Missouri,13924,Central,TEC-COM-66280,Technology,Computers,Lenovo ThinkPad X1,2711.26,6,0.1,214.34
1487,CA-2022-011835,2019-03-11,2019-03-14,First Class,CUS-01038,Thomas Clark,Home Office,United States,Kansas City,Missouri,13924,Central,TEC-COM-66280,Technology,Computers,Lenovo ThinkPad X1,2711.26,6,0.1,214.34
1488,CA-2022-011835,2019-03-11,2019-03-14,First Class,CUS-01038,Thomas Clark,Home Office,United States,Kansas City,Missouri,13924,Central,TEC-COM-66280,Technology,Computers,Lenovo ThinkPad X1,2711.26,6,0.1,214.34
1489,CA-2021-011837,2020-10-05,2020-10-10,Standard Class,CUS-01041,Emily Williams,Consumer,United States,Boston,Massachusetts,38019,East,FUR-BOO-83615,Furniture,Bookcases,Bush Furniture Cabot Bookcase,351.94,5,0.1,91.82
1490,CA-2021-011839,2022-10-06,2022-10-13,Standard Class,CUS-01115,William Gonzalez,Consumer,United States,Charlotte,North Carolina,51652,South,FUR-TAB-16509,Furniture,Tables,IKEA Bekant Desk,1490.64,8,0,664.98
1491,CA-2021-011839,2022-10-06,2022-10-13,Standard Class,CUS-01115,William Gonzalez,Consumer,United States,Charlotte,North Carolina,51652,South,FUR-TAB-16509,Furniture,Tables,IKEA Bekant Desk,1490.64,8,0,664.98
1492,CA-2021-011839,2022-10-06,2022-10-13,Standard Class,CUS-01115,William Gonzalez,Consumer,United States,Charlotte,North Carolina,51652,South,FUR-TAB-16509,Furniture,Tables,IKEA Bekant Desk,1490.64,8,0,664.98
1493,CA-2021-011839,2022-10-06,2022-10-13,Standard Class,CUS-01115,William Gonzalez,Consumer,United States,Charlotte,North Carolina,51652,South,FUR-TAB-16509,Furniture,Tables,IKEA Bekant Desk,1490.64,8,0,664.98
1494,CA-2019-011844,2021-07-16,2021-07-21,Second Class,CUS-01042,Linda Jones,Home Office,United States,Atlanta,Georgia,85551,South,TEC-ACC-94366,Technology,Accessories,Logitech MX Master Mouse,660.98,10,0,274.08
1495,CA-2019-011844,2021-07-16,2021-07-21,Second Class,CUS-01042,Linda Jones,Home Office,United States,Atlanta,Georgia,85551,South,TEC-ACC-94366,Technology,Accessories,Logitech MX Master Mouse,660.98,10,0,274.08
1496,CA-2019-011844,2021-07-16,2021-07-21,Second Class,CUS-01042,Linda Jones,Home Office,United States,Atlanta,Georgia,85551,South,TEC-ACC-94366,Technology,Accessories,Logitech MX Master Mouse,660.98,10,0,274.08
1497,CA-2020-011845,2019-03-17,2019-03-23,Standard Class,CUS-01083,Michael Johnson,Corporate,United States,New York,New York,71589,East,TEC-COP-46002,Technology,Copiers,Ricoh IM C300,815.55,6,0.4,-33.4
1498,CA-2020-011845,2019-03-17,2019-03-23,Standard Class,CUS-01083,Michael Johnson,Corporate,United States,New York,New York,71589,East,TEC-COP-46002,Technology,Copiers,Ricoh IM C300,815.55,6,0.4,-33.4
1499,CA-2020-011845,2019-03-17,2019-03-23,Standard Class,CUS-01083,Michael Johnson,Corporate,United States,New York,New York,71589,East,TEC-COP-46002,Technology,Copiers,Ricoh IM C300,815.55,6,0.4,-33.4
1500,CA-2022-011849,2019-04-07,2019-04-08,Same Day,CUS-01090,James Williams,Consumer,United States,Charlotte,North Carolina,94029,South,TEC-ACC-13838,Technology,Accessories,Logitech MX Master Mouse,22.47,1,0,2.07
1501,CA-2022-011849,2019-04-07,2019-04-08,Same Day,CUS-01090,James Williams,Consumer,United States,Charlotte,North Carolina,94029,South,TEC-ACC-13838,Technology,Accessories,Logitech MX Master Mouse,22.47,1,0,2.07
1502,CA-2022-011849,2019-04-07,2019-04-08,Same Day,CUS-01090,James Williams,Consumer,United States,Charlotte,North Carolina,94029,South,TEC-ACC-13838,Technology,Accessories,Logitech MX Master Mouse,22.47,1,0,2.07
1503,CA-2022-011854,2019-12-15,2019-12-20,Standard Class,CUS-01093,Patricia Garcia,Corporate,United States,Columbus,Ohio,10647,Central,OFF-BIN-15646,Office Supplies,Binders,Cardinal EasyOpen Binder,8.46,5,0,1.31
1504,CA-2022-011854,2019-12-15,2019-12-20,Standard Class,CUS-01093,Patricia Garcia,Corporate,United States,Columbus,Ohio,10647,Central,OFF-BIN-15646,Office Supplies,Binders,Cardinal EasyOpen Binder,8.46,5,0,1.31
1505,CA-2022-011854,2019-12-15,2019-12-20,Standard Class,CUS-01093,Patricia Garcia,Corporate,United States,Columbus,Ohio,10647,Central,OFF-BIN-15646,Office Supplies,Binders,Cardinal EasyOpen Binder,8.46,5,0,1.31
1506,CA-2022-011854,2019-12-15,2019-12-20,Standard Class,CUS-01093,Patricia Garcia,Corporate,United States,Columbus,Ohio,10647,Central,OFF-BIN-15646,Office Supplies,Binders,Cardinal EasyOpen Binder,8.46,5,0,1.31
1507,CA-2021-011856,2019-10-10,2019-10-10,Same Day,CUS-01017,Charles Thompson,Home Office,United States,Dallas,Texas,86563,Central,FUR-FUR-26039,Furniture,Furnishings,Lorell Dry-Erase Board,70.52,4,0.5,-11.09
1508,CA-2021-011856,2019-10-10,2019-10-10,Same Day,CUS-01017,Charles Thompson,Home Office,United States,Dallas,Texas,86563,Central,FUR-FUR-26039,Furniture,Furnishings,Lorell Dry-Erase Board,70.52,4,0.5,-11.09
1509,CA-2021-011856,2019-10-10,2019-10-10,Same Day,CUS-01017,Charles Thompson,Home Office,United States,Dallas,Texas,86563,Central,FUR-FUR-26039,Furniture,Furnishings,Lorell Dry-Erase Board,70.52,4,0.5,-11.09
1510,CA-2021-011858,2020-04-07,2020-04-13,Standard Class,CUS-01099,Patricia Johnson,Home Office,United States,Chicago,Illinois,56269,Central,OFF-LAB-94821,Office Supplies,Labels,Maco Laser Labels,27.06,4,0,2.17
1511,CA-2021-011858,2020-04-07,2020-04-13,Standard Class,CUS-01099,Patricia Johnson,Home Office,United States,Chicago,Illinois,56269,Central,OFF-LAB-94821,Office Supplies,Labels,Maco Laser Labels,27.06,4,0,2.17
1512,CA-2021-011858,2020-04-07,2020-04-13,Standard Class,CUS-01099,Patricia Johnson,Home Office,United States,Chicago,Illinois,56269,Central,OFF-LAB-94821,Office Supplies,Labels,Maco Laser Labels,27.06,4,0,2.17
1513,CA-2021-011858,2020-04-07,2020-04-13,Standard Class,CUS-01099,Patricia Johnson,Home Office,United States,Chicago,Illinois,56269,Central,OFF-LAB-94821,Office Supplies,Labels,Maco Laser Labels,27.06,4,0,2.17
1514,CA-2019-011862,2019-01-27,2019-01-31,Second Class,CUS-01105,Sarah Lee,Home Office,United States,Atlanta,Georgia,73916,South,TEC-ACC-87401,Technology,Accessories,Anker USB-C Hub,405.75,9,0.3,143.71
1515,CA-2019-011862,2019-01-27,2019-01-31,Second Class,CUS-01105,Sarah Lee,Home Office,United States,Atlanta,Georgia,73916,South,TEC-ACC-87401,Technology,Accessories,Anker USB-C Hub,405.75,9,0.3,143.71
1516,CA-2019-011862,2019-01-27,2019-01-31,Second Class,CUS-01105,Sarah Lee,Home Office,United States,Atlanta,Georgia,73916,South,TEC-ACC-87401,Technology,Accessories,Anker USB-C Hub,405.75,9,0.3,143.71
1517,CA-2022-011864,2021-10-30,2021-11-04,Standard Class,CUS-01029,Matthew Martinez,Home Office,United States,Kansas City,Missouri,69301,Central,OFF-SUP-62455,Office Supplies,Supplies,Pilot G2 Gel Pen 12-Pack,7.89,5,0.4,-0.46
1518,CA-2022-011864,2021-10-30,2021-11-04,Standard Class,CUS-01029,Matthew Martinez,Home Office,United States,Kansas City,Missouri,69301,Central,OFF-SUP-62455,Office Supplies,Supplies,Pilot G2 Gel Pen 12-Pack,7.89,5,0.4,-0.46
1519,CA-2022-011864,2021-10-30,2021-11-04,Standard Class,CUS-01029,Matthew Martinez,Home Office,United States,Kansas City,Missouri,69301,Central,OFF-SUP-62455,Office Supplies,Supplies,Pilot G2 Gel Pen 12-Pack,7.89,5,0.4,-0.46
1520,CA-2019-011866,2021-08-02,2021-08-09,Standard Class,CUS-01015,Ashley Martin,Consumer,United States,Los Angeles,California,70404,West,TEC-ACC-72421,Technology,Accessories,Logitech MX Master Mouse,951.33,8,0.3,148.63
1521,CA-2021-011868,2020-03-10,2020-03-14,Second Class,CUS-01065,Richard Harris,Corporate,United States,Nashville,Tennessee,53743,South,TEC-COP-58467,Technology,Copiers,Ricoh IM C300,874.39,7,0.4,-55.77
1522,CA-2021-011868,2020-03-10,2020-03-14,Second Class,CUS-01065,Richard Harris,Corporate,United States,Nashville,Tennessee,53743,South,TEC-COP-58467,Technology,Copiers,Ricoh IM C300,874.39,7,0.4,-55.77
1523,CA-2022-011872,2022-05-01,2022-05-04,First Class,CUS-01067,Betty Taylor,Home Office,United States,Houston,Texas,99281,South,TEC-COM-38780,Technology,Computers,Dell Inspiron 15,448.21,1,0.2,65.22
1524,CA-2021-011874,2022-06-24,2022-06-25,Same Day,CUS-01051,Thomas Jackson,Consumer,United States,Philadelphia,Pennsylvania,45162,East,FUR-TAB-36683,Furniture,Tables,IKEA Bekant Desk,1563.22,5,0.2,537.05
1525,CA-2020-011876,2022-12-05,2022-12-06,Same Day,CUS-01110,Margaret Jones,Home Office,United States,Seattle,Washington,51302,West,OFF-PAP-34555,Office Supplies,Paper,Hammermill Premium Copy Paper,44.55,8,0,19.38
1526,CA-2020-011876,2022-12-05,2022-12-06,Same Day,CUS-01110,Margaret Jones,Home Office,United States,Seattle,Washington,51302,West,OFF-PAP-34555,Office Supplies,Paper,Hammermill Premium Copy Paper,44.55,8,0,19.38
1527,CA-2020-011876,2022-12-05,2022-12-06,Same Day,CUS-01110,Margaret Jones,Home Office,United States,Seattle,Washington,51302,West,OFF-PAP-34555,Office Supplies,Paper,Hammermill Premium Copy Paper,44.55,8,0,19.38
1528,CA-2020-011876,2022-12-05,2022-12-06,Same Day,CUS-01110,Margaret Jones,Home Office,United States,Seattle,Washington,51302,West,OFF-PAP-34555,Office Supplies,Paper,Hammermill Premium Copy Paper,44.55,8,0,19.38
1529,CA-2022-011881,2019-02-12,2019-02-16,Second Class,CUS-01113,Michael Williams,Home Office,United States,Philadelphia,Pennsylvania,99024,East,TEC-MAC-72105,Technology,Machines,Dymo LabelWriter 450,2152.35,8,0.1,514.47
1530,CA-2019-011884,2022-10-24,2022-10-26,First Class,CUS-01068,Mark Brown,Consumer,United States,Seattle,Washington,22308,West,TEC-ACC-69325,Technology,Accessories,Belkin Surge Protector,207.7,6,0.2,65.5
1531,CA-2019-011884,2022-10-24,2022-10-26,First Class,CUS-01068,Mark Brown,Consumer,United States,Seattle,Washington,22308,West,TEC-ACC-69325,Technology,Accessories,Belkin Surge Protector,207.7,6,0.2,65.5
1532,CA-2019-011884,2022-10-24,2022-10-26,First Class,CUS-01068,Mark Brown,Consumer,United States,Seattle,Washington,22308,West,TEC-ACC-69325,Technology,Accessories,Belkin Surge Protector,207.7,6,0.2,65.5
1533,CA-2021-011889,2019-01-28,2019-01-31,First Class,CUS-01091,David Anderson,Corporate,United States,Columbus,Ohio,97023,Central,OFF-STO-45381,Office Supplies,Storage,Avery Lateral File,32.41,1,0,14.3
1534,CA-2021-011889,2019-01-28,2019-01-31,First Class,CUS-01091,David Anderson,Corporate,United States,Columbus,Ohio,97023,Central,OFF-STO-45381,Office Supplies,Storage,Avery Lateral File,32.41,1,0,14.3
1535,CA-2020-011893,2021-10-16,2021-10-21,Standard Class,CUS-01074,John Lopez,Consumer,United States,Miami,Florida,37041,South,OFF-PAP-59516,Office Supplies,Paper,Hammermill Premium Copy Paper,46.62,5,0.5,-10.37
1536,CA-2020-011893,2021-10-16,2021-10-21,Standard Class,CUS-01074,John Lopez,Consumer,United States,Miami,Florida,37041,South,OFF-PAP-59516,Office Supplies,Paper,Hammermill Premium Copy Paper,46.62,5,0.5,-10.37
1537,CA-2021-011896,2020-11-09,2020-11-10,Same Day,CUS-01036,Ashley Jones,Corporate,United States,Dallas,Texas,15387,Central,OFF-SUP-54993,Office Supplies,Supplies,Scotch Magic Tape,9.88,2,0.4,-1.82
1538,CA-2021-011896,2020-11-09,2020-11-10,Same Day,CUS-01036,Ashley Jones,Corporate,United States,Dallas,Texas,15387,Central,OFF-SUP-54993,Office Supplies,Supplies,Scotch Magic Tape,9.88,2,0.4,-1.82
1539,CA-2021-011896,2020-11-09,2020-11-10,Same Day,CUS-01036,Ashley Jones,Corporate,United States,Dallas,Texas,15387,Central,OFF-SUP-54993,Office Supplies,Supplies,Scotch Magic Tape,9.88,2,0.4,-1.82
1540,CA-2021-011899,2019-01-18,2019-01-18,Same Day,CUS-01060,Emily Williams,Home Office,United States,Phoenix,Arizona,47982,West,OFF-SUP-31313,Office Supplies,Supplies,Scotch Magic Tape,54.47,5,0,20.15
1541,CA-2022-011900,2020-03-21,2020-03-23,First Class,CUS-01007,Mary Martin,Consumer,United States,Miami,Florida,10667,South,FUR-BOO-10084,Furniture,Bookcases,Way2Furn 5-Shelf,77.14,3,0.3,30.98
1542,CA-2022-011900,2020-03-21,2020-03-23,First Class,CUS-01007,Mary Martin,Consumer,United States,Miami,Florida,10667,South,FUR-BOO-10084,Furniture,Bookcases,Way2Furn 5-Shelf,77.14,3,0.3,30.98
1543,CA-2019-011901,2019-10-20,2019-10-24,Second Class,CUS-01075,Sarah Martinez,Home Office,United States,Boston,Massachusetts,38686,East,TEC-COP-42601,Technology,Copiers,Ricoh IM C300,5346.81,7,0.4,-560.47
1544,CA-2021-011904,2022-05-07,2022-05-09,First Class,CUS-01073,Patricia Davis,Consumer,United States,Miami,Florida,85781,South,TEC-COM-27785,Technology,Computers,Lenovo ThinkPad X1,1047.29,4,0.2,180.13
1545,CA-2021-011904,2022-05-07,2022-05-09,First Class,CUS-01073,Patricia Davis,Consumer,United States,Miami,Florida,85781,South,TEC-COM-27785,Technology,Computers,Lenovo ThinkPad X1,1047.29,4,0.2,180.13
1546,CA-2021-011904,2022-05-07,2022-05-09,First Class,CUS-01073,Patricia Davis,Consumer,United States,Miami,Florida,85781,South,TEC-COM-27785,Technology,Computers,Lenovo ThinkPad X1,1047.29,4,0.2,180.13
1547,CA-2022-011907,2020-01-11,2020-01-12,Same Day,CUS-01013,Michael Gonzalez,Corporate,United States,Phoenix,Arizona,67920,West,OFF-ENV-71391,Office Supplies,Envelopes,Staples 10-Envelope Box,22.0,8,0.4,-4.78
1548,CA-2022-011907,2020-01-11,2020-01-12,Same Day,CUS-01013,Michael Gonzalez,Corporate,United States,Phoenix,Arizona,67920,West,OFF-ENV-71391,Office Supplies,Envelopes,Staples 10-Envelope Box,22.0,8,0.4,-4.78
1549,CA-2022-011907,2020-01-11,2020-01-12,Same Day,CUS-01013,Michael Gonzalez,Corporate,United States,Phoenix,Arizona,67920,West,OFF-ENV-71391,Office Supplies,Envelopes,Staples 10-Envelope Box,22.0,8,0.4,-4.78
1550,CA-2022-011907,2020-01-11,2020-01-12,Same Day,CUS-01013,Michael Gonzalez,Corporate,United States,Phoenix,Arizona,67920,West,OFF-ENV-71391,Office Supplies,Envelopes,Staples 10-Envelope Box,22.0,8,0.4,-4.78
1551,CA-2019-011912,2019-02-24,2019-02-24,Same Day,CUS-01097,Charles Miller,Consumer,United States,Phoenix,Arizona,49634,West,TEC-MAC-58904,Technology,Machines,Fellowes Powershred 79Ci,242.68,9,0.2,17.33
1552,CA-2019-011912,2019-02-24,2019-02-24,Same Day,CUS-01097,Charles Miller,Consumer,United States,Phoenix,Arizona,49634,West,TEC-MAC-58904,Technology,Machines,Fellowes Powershred 79Ci,242.68,9,0.2,17.33
1553,CA-2019-011912,2019-02-24,2019-02-24,Same Day,CUS-01097,Charles Miller,Consumer,United States,Phoenix,Arizona,49634,West,TEC-MAC-58904,Technology,Machines,Fellowes Powershred 79Ci,242.68,9,0.2,17.33
1554,CA-2019-011912,2019-02-24,2019-02-24,Same Day,CUS-01097,Charles Miller,Consumer,United States,Phoenix,Arizona,49634,West,TEC-MAC-58904,Technology,Machines,Fellowes Powershred 79Ci,242.68,9,0.2,17.33
1555,CA-2020-011917,2022-10-04,2022-10-10,Standard Class,CUS-01104,Margaret Brown,Home Office,United States,Houston,Texas,21096,South,TEC-ACC-53710,Technology,Accessories,Logitech MX Master Mouse,385.19,5,0.5,-62.83
1556,CA-2019-011921,2022-10-13,2022-10-20,Standard Class,CUS-01027,David Martin,Home Office,United States,Phoenix,Arizona,74920,West,TEC-COM-49438,Technology,Computers,HP Pavilion 14,319.63,1,0.5,-47.86
1557,CA-2019-011921,2022-10-13,2022-10-20,Standard Class,CUS-01027,David Martin,Home Office,United States,Phoenix,Arizona,74920,West,TEC-COM-49438,Technology,Computers,HP Pavilion 14,319.63,1,0.5,-47.86
1558,CA-2019-011926,2019-01-01,2019-01-06,Second Class,CUS-01113,Michael Williams,Home Office,United States,Washington,District of Columbia,22696,East,TEC-COM-72094,Technology,Computers,Dell Inspiron 15,1950.84,9,0.5,-201.22
1559,CA-2021-011927,2021-09-17,2021-09-20,Second Class,CUS-01108,Christopher Martinez,Consumer,United States,Columbus,Ohio,99302,Central,FUR-CHA-29168,Furniture,Chairs,Flash Furniture Mesh Chair,906.48,3,0,342.12
1560,CA-2021-011927,2021-09-17,2021-09-20,Second Class,CUS-01108,Christopher Martinez,Consumer,United States,Columbus,Ohio,99302,Central,FUR-CHA-29168,Furniture,Chairs,Flash Furniture Mesh Chair,906.48,3,0,342.12
1561,CA-2020-011931,2022-12-03,2022-12-07,Second Class,CUS-01062,Donald Martin,Consumer,United States,Minneapolis,Minnesota,97495,Central,TEC-MAC-58147,Technology,Machines,Dymo LabelWriter 450,1383.36,7,0.4,-227.6
1562,CA-2022-011936,2021-05-20,2021-05-23,Second Class,CUS-01037,William Davis,Home Office,United States,Houston,Texas,83952,South,FUR-CHA-14467,Furniture,Chairs,Herman Miller Aeron,1019.23,10,0.5,-34.17
1563,CA-2022-011936,2021-05-20,2021-05-23,Second Class,CUS-01037,William Davis,Home Office,United States,Houston,Texas,83952,South,FUR-CHA-14467,Furniture,Chairs,Herman Miller Aeron,1019.23,10,0.5,-34.17
1564,CA-2022-011936,2021-05-20,2021-05-23,Second Class,CUS-01037,William Davis,Home Office,United States,Houston,Texas,83952,South,FUR-CHA-14467,Furniture,Chairs,Herman Miller Aeron,1019.23,10,0.5,-34.17
1565,CA-2020-011940,2021-07-27,2021-07-29,First Class,CUS-01021,Joseph Brown,Corporate,United States,Columbus,Ohio,75956,Central,TEC-ACC-77245,Technology,Accessories,APC UPS 1500VA,20.78,3,0.3,6.49
1566,CA-2020-011940,2021-07-27,2021-07-29,First Class,CUS-01021,Joseph Brown,Corporate,United States,Columbus,Ohio,75956,Central,TEC-ACC-77245,Technology,Accessories,APC UPS 1500VA,20.78,3,0.3,6.49
1567,CA-2020-011940,2021-07-27,2021-07-29,First Class,CUS-01021,Joseph Brown,Corporate,United States,Columbus,Ohio,75956,Central,TEC-ACC-77245,Technology,Accessories,APC UPS 1500VA,20.78,3,0.3,6.49
1568,CA-2022-011944,2020-07-24,2020-07-27,First Class,CUS-01009,Karen Smith,Consumer,United States,Charlotte,North Carolina,71833,South,OFF-ART-76450,Office Supplies,Art,Sharpie Permanent Markers,85.36,9,0.2,8.69
1569,CA-2022-011944,2020-07-24,2020-07-27,First Class,CUS-01009,Karen Smith,Consumer,United States,Charlotte,North Carolina,71833,South,OFF-ART-76450,Office Supplies,Art,Sharpie Permanent Markers,85.36,9,0.2,8.69
1570,CA-2022-011944,2020-07-24,2020-07-27,First Class,CUS-01009,Karen Smith,Consumer,United States,Charlotte,North Carolina,71833,South,OFF-ART-76450,Office Supplies,Art,Sharpie Permanent Markers,85.36,9,0.2,8.69
1571,CA-2021-011946,2022-06-18,2022-06-18,Same Day,CUS-01006,Jessica Davis,Home Office,United States,Philadelphia,Pennsylvania,40369,East,TEC-PHO-99040,Technology,Phones,Motorola Moto G,1215.74,4,0.1,112.06
1572,CA-2021-011946,2022-06-18,2022-06-18,Same Day,CUS-01006,Jessica Davis,Home Office,United States,Philadelphia,Pennsylvania,40369,East,TEC-PHO-99040,Technology,Phones,Motorola Moto G,1215.74,4,0.1,112.06
1573,CA-2022-011951,2019-05-12,2019-05-19,Standard Class,CUS-01033,Robert Miller,Home Office,United States,New York,New York,19552,East,FUR-BOO-92744,Furniture,Bookcases,Way2Furn 5-Shelf,158.97,3,0.3,14.79
1574,CA-2022-011951,2019-05-12,2019-05-19,Standard Class,CUS-01033,Robert Miller,Home Office,United States,New York,New York,19552,East,FUR-BOO-92744,Furniture,Bookcases,Way2Furn 5-Shelf,158.97,3,0.3,14.79
1575,CA-2022-011951,2019-05-12,2019-05-19,Standard Class,CUS-01033,Robert Miller,Home Office,United States,New York,New York,19552,East,FUR-BOO-92744,Furniture,Bookcases,Way2Furn 5-Shelf,158.97,3,0.3,14.79
1576,CA-2022-011951,2019-05-12,2019-05-19,Standard Class,CUS-01033,Robert Miller,Home Office,United States,New York,New York,19552,East,FUR-BOO-92744,Furniture,Bookcases,Way2Furn 5-Shelf,158.97,3,0.3,14.79
1577,CA-2022-011955,2022-07-29,2022-08-01,Second Class,CUS-01033,Robert Miller,Home Office,United States,Charlotte,North Carolina,98978,South,FUR-TAB-31245,Furniture,Tables,IKEA Bekant Desk,3710.89,9,0.1,313.23
1578,CA-2019-011957,2019-03-10,2019-03-13,Second Class,CUS-01047,Linda White,Home Office,United States,Nashville,Tennessee,81641,South,TEC-ACC-99438,Technology,Accessories,Anker USB-C Hub,418.08,9,0.5,-26.35
1579,CA-2019-011957,2019-03-10,2019-03-13,Second Class,CUS-01047,Linda White,Home Office,United States,Nashville,Tennessee,81641,South,TEC-ACC-99438,Technology,Accessories,Anker USB-C Hub,418.08,9,0.5,-26.35
1580,CA-2022-011959,2020-12-22,2020-12-24,First Class,CUS-01103,Robert White,Consumer,United States,Baltimore,Maryland,66034,East,OFF-APP-84599,Office Supplies,Appliances,Fellowes Saturn Laminator,52.48,9,0.2,4.74
1581,CA-2022-011959,2020-12-22,2020-12-24,First Class,CUS-01103,Robert White,Consumer,United States,Baltimore,Maryland,66034,East,OFF-APP-84599,Office Supplies,Appliances,Fellowes Saturn Laminator,52.48,9,0.2,4.74
1582,CA-2022-011959,2020-12-22,2020-12-24,First Class,CUS-01103,Robert White,Consumer,United States,Baltimore,Maryland,66034,East,OFF-APP-84599,Office Supplies,Appliances,Fellowes Saturn Laminator,52.48,9,0.2,4.74
1583,CA-2022-011959,2020-12-22,2020-12-24,First Class,CUS-01103,Robert White,Consumer,United States,Baltimore,Maryland,66034,East,OFF-APP-84599,Office Supplies,Appliances,Fellowes Saturn Laminator,52.48,9,0.2,4.74
1584,CA-2020-011964,2022-05-16,2022-05-18,First Class,CUS-01029,Matthew Martinez,Home Office,United States,Minneapolis,Minnesota,61173,Central,OFF-ENV-30691,Office Supplies,Envelopes,Quality Park Catalog Envelopes,22.79,2,0.1,8.92
1585,CA-2020-011964,2022-05-16,2022-05-18,First Class,CUS-01029,Matthew Martinez,Home Office,United States,Minneapolis,Minnesota,61173,Central,OFF-ENV-30691,Office Supplies,Envelopes,Quality Park Catalog Envelopes,22.79,2,0.1,8.92
1586,CA-2020-011964,2022-05-16,2022-05-18,First Class,CUS-01029,Matthew Martinez,Home Office,United States,Minneapolis,Minnesota,61173,Central,OFF-ENV-30691,Office Supplies,Envelopes,Quality Park Catalog Envelopes,22.79,2,0.1,8.92
1587,CA-2022-011965,2019-04-27,2019-05-04,Standard Class,CUS-01061,William Jones,Home Office,United States,Chicago,Illinois,14230,Central,FUR-FUR-36281,Furniture,Furnishings,Master Caster Doorstop,24.4,1,0,3.21
1588,CA-2022-011965,2019-04-27,2019-05-04,Standard Class,CUS-01061,William Jones,Home Office,United States,Chicago,Illinois,14230,Central,FUR-FUR-36281,Furniture,Furnishings,Master Caster Doorstop,24.4,1,0,3.21
1589,CA-2022-011965,2019-04-27,2019-05-04,Standard Class,CUS-01061,William Jones,Home Office,United States,Chicago,Illinois,14230,Central,FUR-FUR-36281,Furniture,Furnishings,Master Caster Doorstop,24.4,1,0,3.21
1590,CA-2019-011970,2021-10-07,2021-10-14,Standard Class,CUS-01116,Sarah Gonzalez,Corporate,United States,Boston,Massachusetts,19275,East,FUR-CHA-26969,Furniture,Chairs,Flash Furniture Mesh Chair,154.06,1,0,9.89
1591,CA-2019-011970,2021-10-07,2021-10-14,Standard Class,CUS-01116,Sarah Gonzalez,Corporate,United States,Boston,Massachusetts,19275,East,FUR-CHA-26969,Furniture,Chairs,Flash Furniture Mesh Chair,154.06,1,0,9.89
1592,CA-2021-011972,2021-09-05,2021-09-07,First Class,CUS-01003,William Clark,Consumer,United States,New York,New York,35712,East,OFF-APP-99600,Office Supplies,Appliances,ACCO 3-Hole Punch,129.3,9,0.5,-4.58
1593,CA-2021-011972,2021-09-05,2021-09-07,First Class,CUS-01003,William Clark,Consumer,United States,New York,New York,35712,East,OFF-APP-99600,Office Supplies,Appliances,ACCO 3-Hole Punch,129.3,9,0.5,-4.58
1594,CA-2021-011972,2021-09-05,2021-09-07,First Class,CUS-01003,William Clark,Consumer,United States,New York,New York,35712,East,OFF-APP-99600,Office Supplies,Appliances,ACCO 3-Hole Punch,129.3,9,0.5,-4.58
1595,CA-2021-011972,2021-09-05,2021-09-07,First Class,CUS-01003,William Clark,Consumer,United States,New York,New York,35712,East,OFF-APP-99600,Office Supplies,Appliances,ACCO 3-Hole Punch,129.3,9,0.5,-4.58
1596,CA-2020-011976,2022-12-07,2022-12-07,Same Day,CUS-01015,Ashley Martin,Consumer,United States,Houston,Texas,90694,South,FUR-BOO-54974,Furniture,Bookcases,Bush Furniture Cabot Bookcase,167.03,1,0.1,23.85
1597,CA-2020-011980,2022-01-03,2022-01-08,Standard Class,CUS-01112,Robert Smith,Corporate,United States,Los Angeles,California,20041,West,TEC-COM-33670,Technology,Computers,Apple MacBook Air,1668.73,6,0.3,485.55
1598,CA-2020-011980,2022-01-03,2022-01-08,Standard Class,CUS-01112,Robert Smith,Corporate,United States,Los Angeles,California,20041,West,TEC-COM-33670,Technology,Computers,Apple MacBook Air,1668.73,6,0.3,485.55
1599,CA-2021-011984,2022-05-26,2022-05-27,Same Day,CUS-01085,Richard Miller,Home Office,United States,New York,New York,20011,East,FUR-TAB-56787,Furniture,Tables,Sauder Palladia Desk,546.17,4,0.5,-91.55
1600,CA-2021-011984,2022-05-26,2022-05-27,Same Day,CUS-01085,Richard Miller,Home Office,United States,New York,New York,20011,East,FUR-TAB-56787,Furniture,Tables,Sauder Palladia Desk,546.17,4,0.5,-91.55
1601,CA-2021-011984,2022-05-26,2022-05-27,Same Day,CUS-01085,Richard Miller,Home Office,United States,New York,New York,20011,East,FUR-TAB-56787,Furniture,Tables,Sauder Palladia Desk,546.17,4,0.5,-91.55
1602,CA-2021-011986,2021-12-14,2021-12-17,First Class,CUS-01090,James Williams,Consumer,United States,New York,New York,55434,East,FUR-FUR-20282,Furniture,Furnishings,Master Caster Doorstop,68.06,3,0.1,11.71
1603,CA-2021-011986,2021-12-14,2021-12-17,First Class,CUS-01090,James Williams,Consumer,United States,New York,New York,55434,East,FUR-FUR-20282,Furniture,Furnishings,Master Caster Doorstop,68.06,3,0.1,11.71
1604,CA-2019-011988,2019-10-18,2019-10-23,Standard Class,CUS-01090,James Williams,Consumer,United States,Charlotte,North Carolina,24973,South,TEC-COP-45428,Technology,Copiers,Canon imageRUNNER 2630,3542.34,7,0.2,1349.18
1605,CA-2019-011991,2022-06-02,2022-06-03,Same Day,CUS-01003,William Clark,Consumer,United States,Charlotte,North Carolina,68198,South,TEC-COM-59719,Technology,Computers,HP Pavilion 14,4600.38,7,0,1445.26
1606,CA-2021-011994,2022-05-31,2022-06-03,First Class,CUS-01104,Margaret Brown,Home Office,United States,Los Angeles,California,54688,West,OFF-APP-17486,Office Supplies,Appliances,Bostitch QuietSharp Sharpener,223.13,9,0.4,-48.08
1607,CA-2021-011994,2022-05-31,2022-06-03,First Class,CUS-01104,Margaret Brown,Home Office,United States,Los Angeles,California,54688,West,OFF-APP-17486,Office Supplies,Appliances,Bostitch QuietSharp Sharpener,223.13,9,0.4,-48.08
1608,CA-2021-011994,2022-05-31,2022-06-03,First Class,CUS-01104,Margaret Brown,Home Office,United States,Los Angeles,California,54688,West,OFF-APP-17486,Office Supplies,Appliances,Bostitch QuietSharp Sharpener,223.13,9,0.4,-48.08
1609,CA-2022-011995,2022-03-18,2022-03-20,First Class,CUS-01049,Linda Hernandez,Corporate,United States,Atlanta,Georgia,27284,South,TEC-ACC-21211,Technology,Accessories,Belkin Surge Protector,447.7,9,0.2,82.83
1610,CA-2022-011995,2022-03-18,2022-03-20,First Class,CUS-01049,Linda Hernandez,Corporate,United States,Atlanta,Georgia,27284,South,TEC-ACC-21211,Technology,Accessories,Belkin Surge Protector,447.7,9,0.2,82.83
1611,CA-2022-011995,2022-03-18,2022-03-20,First Class,CUS-01049,Linda Hernandez,Corporate,United States,Atlanta,Georgia,27284,South,TEC-ACC-21211,Technology,Accessories,Belkin Surge Protector,447.7,9,0.2,82.83
1612,CA-2022-011995,2022-03-18,2022-03-20,First Class,CUS-01049,Linda Hernandez,Corporate,United States,Atlanta,Georgia,27284,South,TEC-ACC-21211,Technology,Accessories,Belkin Surge Protector,447.7,9,0.2,82.83
1613,CA-2019-011999,2020-07-15,2020-07-18,First Class,CUS-01085,Richard Miller,Home Office,United States,Columbus,Ohio,11617,Central,TEC-ACC-44670,Technology,Accessories,Belkin Surge Protector,853.35,8,0.5,-24.28
1614,CA-2022-012004,2021-01-04,2021-01-04,Same Day,CUS-01053,Richard Jones,Corporate,United States,Washington,District of Columbia,20426,East,FUR-BOO-67729,Furniture,Bookcases,Bush Furniture Cabot Bookcase,222.28,5,0.2,88.39
1615,CA-2022-012004,2021-01-04,2021-01-04,Same Day,CUS-01053,Richard Jones,Corporate,United States,Washington,District of Columbia,20426,East,FUR-BOO-67729,Furniture,Bookcases,Bush Furniture Cabot Bookcase,222.28,5,0.2,88.39
1616,CA-2020-012005,2019-10-28,2019-11-02,Standard Class,CUS-01015,Ashley Martin,Consumer,United States,Philadelphia,Pennsylvania,99711,East,OFF-STO-51593,Office Supplies,Storage,Bankers Box Stor/File,20.31,4,0,8.75
1617,CA-2020-012005,2019-10-28,2019-11-02,Standard Class,CUS-01015,Ashley Martin,Consumer,United States,Philadelphia,Pennsylvania,99711,East,OFF-STO-51593,Office Supplies,Storage,Bankers Box Stor/File,20.31,4,0,8.75
1618,CA-2020-012005,2019-10-28,2019-11-02,Standard Class,CUS-01015,Ashley Martin,Consumer,United States,Philadelphia,Pennsylvania,99711,East,OFF-STO-51593,Office Supplies,Storage,Bankers Box Stor/File,20.31,4,0,8.75
1619,CA-2021-012007,2022-10-21,2022-10-23,First Class,CUS-01077,William Clark,Home Office,United States,San Francisco,California,24308,West,TEC-MAC-24835,Technology,Machines,Dymo LabelWriter 450,327.57,4,0.1,59.07
1620,CA-2021-012007,2022-10-21,2022-10-23,First Class,CUS-01077,William Clark,Home Office,United States,San Francisco,California,24308,West,TEC-MAC-24835,Technology,Machines,Dymo LabelWriter 450,327.57,4,0.1,59.07
1621,CA-2021-012007,2022-10-21,2022-10-23,First Class,CUS-01077,William Clark,Home Office,United States,San Francisco,California,24308,West,TEC-MAC-24835,Technology,Machines,Dymo LabelWriter 450,327.57,4,0.1,59.07
1622,CA-2022-012008,2022-08-07,2022-08-08,Same Day,CUS-01019,Robert Johnson,Home Office,United States,Boston,Massachusetts,89556,East,FUR-BOO-95456,Furniture,Bookcases,Sauder Cottage Road Bookcase,838.34,5,0,95.68
1623,CA-2021-012009,2022-04-25,2022-04-30,Standard Class,CUS-01078,Donald Davis,Corporate,United States,San Francisco,California,76951,West,OFF-SUP-55095,Office Supplies,Supplies,Scotch Magic Tape,96.03,7,0,30.04
1624,CA-2021-012009,2022-04-25,2022-04-30,Standard Class,CUS-01078,Donald Davis,Corporate,United States,San Francisco,California,76951,West,OFF-SUP-55095,Office Supplies,Supplies,Scotch Magic Tape,96.03,7,0,30.04
1625,CA-2022-012011,2019-06-08,2019-06-13,Second Class,CUS-01065,Richard Harris,Corporate,United States,Nashville,Tennessee,25891,South,OFF-BIN-71909,Office Supplies,Binders,Mead Flex Binder,46.08,9,0.5,-4.08
1626,CA-2022-012011,2019-06-08,2019-06-13,Second Class,CUS-01065,Richard Harris,Corporate,United States,Nashville,Tennessee,25891,South,OFF-BIN-71909,Office Supplies,Binders,Mead Flex Binder,46.08,9,0.5,-4.08
1627,CA-2021-012012,2020-11-04,2020-11-08,Second Class,CUS-01030,Joseph White,Corporate,United States,Miami,Florida,25127,South,OFF-LAB-63729,Office Supplies,Labels,Staples Multipurpose Labels,23.79,6,0,9.89
1628,CA-2021-012012,2020-11-04,2020-11-08,Second Class,CUS-01030,Joseph White,Corporate,United States,Miami,Florida,25127,South,OFF-LAB-63729,Office Supplies,Labels,Staples Multipurpose Labels,23.79,6,0,9.89
1629,CA-2021-012012,2020-11-04,2020-11-08,Second Class,CUS-01030,Joseph White,Corporate,United States,Miami,Florida,25127,South,OFF-LAB-63729,Office Supplies,Labels,Staples Multipurpose Labels,23.79,6,0,9.89
1630,CA-2021-012012,2020-11-04,2020-11-08,Second Class,CUS-01030,Joseph White,Corporate,United States,Miami,Florida,25127,South,OFF-LAB-63729,Office Supplies,Labels,Staples Multipurpose Labels,23.79,6,0,9.89
1631,CA-2020-012014,2021-05-07,2021-05-12,Second Class,CUS-01106,John Perez,Consumer,United States,Phoenix,Arizona,42105,West,FUR-TAB-44115,Furniture,Tables,Realspace Magellan Corner Desk,776.97,6,0.3,75.51
1632,CA-2020-012014,2021-05-07,2021-05-12,Second Class,CUS-01106,John Perez,Consumer,United States,Phoenix,Arizona,42105,West,FUR-TAB-44115,Furniture,Tables,Realspace Magellan Corner Desk,776.97,6,0.3,75.51
1633,CA-2020-012014,2021-05-07,2021-05-12,Second Class,CUS-01106,John Perez,Consumer,United States,Phoenix,Arizona,42105,West,FUR-TAB-44115,Furniture,Tables,Realspace Magellan Corner Desk,776.97,6,0.3,75.51
1634,CA-2020-012014,2021-05-07,2021-05-12,Second Class,CUS-01106,John Perez,Consumer,United States,Phoenix,Arizona,42105,West,FUR-TAB-44115,Furniture,Tables,Realspace Magellan Corner Desk,776.97,6,0.3,75.51
1635,CA-2022-012018,2019-10-31,2019-10-31,Same Day,CUS-01116,Sarah Gonzalez,Corporate,United States,Portland,Oregon,12033,West,TEC-PHO-44521,Technology,Phones,Motorola Moto G,7716.08,8,0,775.92
1636,CA-2022-012023,2022-11-14,2022-11-17,Second Class,CUS-01017,Charles Thompson,Home Office,United States,Charlotte,North Carolina,56447,South,TEC-COP-48455,Technology,Copiers,Brother MFC-L8900CDW,2651.01,6,0,1186.73
1637,CA-2019-012024,2021-07-08,2021-07-09,Same Day,CUS-01095,Ashley Hernandez,Corporate,United States,Miami,Florida,72535,South,OFF-ART-34045,Office Supplies,Art,Sharpie Permanent Markers,333.96,10,0,37.04
1638,CA-2021-012027,2021-02-15,2021-02-18,First Class,CUS-01023,Betty Garcia,Corporate,United States,Chicago,Illinois,40443,Central,FUR-FUR-16329,Furniture,Furnishings,Master Caster Doorstop,152.76,9,0.4,-12.54
1639,CA-2021-012027,2021-02-15,2021-02-18,First Class,CUS-01023,Betty Garcia,Corporate,United States,Chicago,Illinois,40443,Central,FUR-FUR-16329,Furniture,Furnishings,Master Caster Doorstop,152.76,9,0.4,-12.54
1640,CA-2021-012027,2021-02-15,2021-02-18,First Class,CUS-01023,Betty Garcia,Corporate,United States,Chicago,Illinois,40443,Central,FUR-FUR-16329,Furniture,Furnishings,Master Caster Doorstop,152.76,9,0.4,-12.54
1641,CA-2021-012027,2021-02-15,2021-02-18,First Class,CUS-01023,Betty Garcia,Corporate,United States,Chicago,Illinois,40443,Central,FUR-FUR-16329,Furniture,Furnishings,Master Caster Doorstop,152.76,9,0.4,-12.54
1642,CA-2021-012031,2019-10-21,2019-10-28,Standard Class,CUS-01113,Michael Williams,Home Office,United States,Portland,Oregon,78044,West,FUR-BOO-55527,Furniture,Bookcases,Bush Furniture Cabot Bookcase,56.63,2,0.2,9.04
1643,CA-2021-012031,2019-10-21,2019-10-28,Standard Class,CUS-01113,Michael Williams,Home Office,United States,Portland,Oregon,78044,West,FUR-BOO-55527,Furniture,Bookcases,Bush Furniture Cabot Bookcase,56.63,2,0.2,9.04
1644,CA-2021-012031,2019-10-21,2019-10-28,Standard Class,CUS-01113,Michael Williams,Home Office,United States,Portland,Oregon,78044,West,FUR-BOO-55527,Furniture,Bookcases,Bush Furniture Cabot Bookcase,56.63,2,0.2,9.04
1645,CA-2021-012031,2019-10-21,2019-10-28,Standard Class,CUS-01113,Michael Williams,Home Office,United States,Portland,Oregon,78044,West,FUR-BOO-55527,Furniture,Bookcases,Bush Furniture Cabot Bookcase,56.63,2,0.2,9.04
1646,CA-2020-012033,2020-08-13,2020-08-15,First Class,CUS-01119,James White,Home Office,United States,San Francisco,California,28481,West,TEC-COM-13584,Technology,Computers,HP Pavilion 14,1113.07,1,0.1,58.62
1647,CA-2021-012035,2020-07-31,2020-08-01,Same Day,CUS-01067,Betty Taylor,Home Office,United States,Portland,Oregon,48658,West,TEC-PHO-66657,Technology,Phones,Motorola Moto G,1384.51,2,0,619.2
1648,CA-2021-012037,2020-03-31,2020-04-06,Standard Class,CUS-01021,Joseph Brown,Corporate,United States,Minneapolis,Minnesota,69436,Central,OFF-SUP-19710,Office Supplies,Supplies,Scotch Magic Tape,42.75,6,0,9.55
1649,CA-2021-012037,2020-03-31,2020-04-06,Standard Class,CUS-01021,Joseph Brown,Corporate,United States,Minneapolis,Minnesota,69436,Central,OFF-SUP-19710,Office Supplies,Supplies,Scotch Magic Tape,42.75,6,0,9.55
1650,CA-2021-012037,2020-03-31,2020-04-06,Standard Class,CUS-01021,Joseph Brown,Corporate,United States,Minneapolis,Minnesota,69436,Central,OFF-SUP-19710,Office Supplies,Supplies,Scotch Magic Tape,42.75,6,0,9.55
1651,CA-2020-012038,2022-09-15,2022-09-22,Standard Class,CUS-01081,Daniel Anderson,Corporate,United States,Philadelphia,Pennsylvania,27940,East,OFF-APP-98257,Office Supplies,Appliances,Fellowes Saturn Laminator,177.75,8,0,43.34
1652,CA-2020-012038,2022-09-15,2022-09-22,Standard Class,CUS-01081,Daniel Anderson,Corporate,United States,Philadelphia,Pennsylvania,27940,East,OFF-APP-98257,Office Supplies,Appliances,Fellowes Saturn Laminator,177.75,8,0,43.34
1653,CA-2022-012043,2019-09-27,2019-10-02,Second Class,CUS-01113,Michael Williams,Home Office,United States,Washington,District of Columbia,38074,East,TEC-COP-74315,Technology,Copiers,Canon imageRUNNER 2630,1291.05,4,0,84.6
1654,CA-2022-012043,2019-09-27,2019-10-02,Second Class,CUS-01113,Michael Williams,Home Office,United States,Washington,District of Columbia,38074,East,TEC-COP-74315,Technology,Copiers,Canon imageRUNNER 2630,1291.05,4,0,84.6
1655,CA-2022-012043,2019-09-27,2019-10-02,Second Class,CUS-01113,Michael Williams,Home Office,United States,Washington,District of Columbia,38074,East,TEC-COP-74315,Technology,Copiers,Canon imageRUNNER 2630,1291.05,4,0,84.6
1656,CA-2022-012046,2020-04-25,2020-04-28,First Class,CUS-01068,Mark Brown,Consumer,United States,San Francisco,California,40394,West,FUR-FUR-92578,Furniture,Furnishings,Master Caster Doorstop,124.86,6,0.5,-10.5
1657,CA-2022-012046,2020-04-25,2020-04-28,First Class,CUS-01068,Mark Brown,Consumer,United States,San Francisco,California,40394,West,FUR-FUR-92578,Furniture,Furnishings,Master Caster Doorstop,124.86,6,0.5,-10.5
1658,CA-2019-012051,2021-05-09,2021-05-10,Same Day,CUS-01032,Christopher Wilson,Corporate,United States,Houston,Texas,33094,South,FUR-BOO-24881,Furniture,Bookcases,Way2Furn 5-Shelf,279.64,7,0,100.53
1659,CA-2019-012051,2021-05-09,2021-05-10,Same Day,CUS-01032,Christopher Wilson,Corporate,United States,Houston,Texas,33094,South,FUR-BOO-24881,Furniture,Bookcases,Way2Furn 5-Shelf,279.64,7,0,100.53
1660,CA-2019-012051,2021-05-09,2021-05-10,Same Day,CUS-01032,Christopher Wilson,Corporate,United States,Houston,Texas,33094,South,FUR-BOO-24881,Furniture,Bookcases,Way2Furn 5-Shelf,279.64,7,0,100.53
1661,CA-2019-012051,2021-05-09,2021-05-10,Same Day,CUS-01032,Christopher Wilson,Corporate,United States,Houston,Texas,33094,South,FUR-BOO-24881,Furniture,Bookcases,Way2Furn 5-Shelf,279.64,7,0,100.53
1662,CA-2022-012054,2021-04-23,2021-04-26,Second Class,CUS-01038,Thomas Clark,Home Office,United States,Columbus,Ohio,38194,Central,FUR-CHA-44289,Furniture,Chairs,Herman Miller Aeron,667.53,7,0.4,-124.7
1663,CA-2022-012054,2021-04-23,2021-04-26,Second Class,CUS-01038,Thomas Clark,Home Office,United States,Columbus,Ohio,38194,Central,FUR-CHA-44289,Furniture,Chairs,Herman Miller Aeron,667.53,7,0.4,-124.7
1664,CA-2022-012054,2021-04-23,2021-04-26,Second Class,CUS-01038,Thomas Clark,Home Office,United States,Columbus,Ohio,38194,Central,FUR-CHA-44289,Furniture,Chairs,Herman Miller Aeron,667.53,7,0.4,-124.7
1665,CA-2022-012054,2021-04-23,2021-04-26,Second Class,CUS-01038,Thomas Clark,Home Office,United States,Columbus,Ohio,38194,Central,FUR-CHA-44289,Furniture,Chairs,Herman Miller Aeron,667.53,7,0.4,-124.7
1666,CA-2022-012059,2019-04-22,2019-04-25,First Class,CUS-01094,James Wilson,Corporate,United States,San Francisco,California,93396,West,TEC-ACC-63714,Technology,Accessories,APC UPS 1500VA,180.32,3,0.1,65.24
1667,CA-2021-012062,2022-05-23,2022-05-30,Standard Class,CUS-01003,William Clark,Consumer,United States,Houston,Texas,53684,South,FUR-CHA-77980,Furniture,Chairs,HON Ignition 2.0 Task Chair,525.44,9,0.1,233.34
1668,CA-2021-012062,2022-05-23,2022-05-30,Standard Class,CUS-01003,William Clark,Consumer,United States,Houston,Texas,53684,South,FUR-CHA-77980,Furniture,Chairs,HON Ignition 2.0 Task Chair,525.44,9,0.1,233.34
1669,CA-2021-012062,2022-05-23,2022-05-30,Standard Class,CUS-01003,William Clark,Consumer,United States,Houston,Texas,53684,South,FUR-CHA-77980,Furniture,Chairs,HON Ignition 2.0 Task Chair,525.44,9,0.1,233.34
1670,CA-2021-012062,2022-05-23,2022-05-30,Standard Class,CUS-01003,William Clark,Consumer,United States,Houston,Texas,53684,South,FUR-CHA-77980,Furniture,Chairs,HON Ignition 2.0 Task Chair,525.44,9,0.1,233.34
1671,CA-2020-012064,2019-11-27,2019-11-30,First Class,CUS-01053,Richard Jones,Corporate,United States,Phoenix,Arizona,42598,West,TEC-PHO-79016,Technology,Phones,Apple iPhone 14,351.77,7,0.5,-11.77
1672,CA-2020-012064,2019-11-27,2019-11-30,First Class,CUS-01053,Richard Jones,Corporate,United States,Phoenix,Arizona,42598,West,TEC-PHO-79016,Technology,Phones,Apple iPhone 14,351.77,7,0.5,-11.77
1673,CA-2020-012064,2019-11-27,2019-11-30,First Class,CUS-01053,Richard Jones,Corporate,United States,Phoenix,Arizona,42598,West,TEC-PHO-79016,Technology,Phones,Apple iPhone 14,351.77,7,0.5,-11.77
1674,CA-2021-012067,2020-04-16,2020-04-19,Second Class,CUS-01035,Emily Wilson,Home Office,United States,Baltimore,Maryland,95888,East,FUR-TAB-45389,Furniture,Tables,Realspace Magellan Corner Desk,395.74,2,0,99.65
1675,CA-2021-012067,2020-04-16,2020-04-19,Second Class,CUS-01035,Emily Wilson,Home Office,United States,Baltimore,Maryland,95888,East,FUR-TAB-45389,Furniture,Tables,Realspace Magellan Corner Desk,395.74,2,0,99.65
1676,CA-2021-012067,2020-04-16,2020-04-19,Second Class,CUS-01035,Emily Wilson,Home Office,United States,Baltimore,Maryland,95888,East,FUR-TAB-45389,Furniture,Tables,Realspace Magellan Corner Desk,395.74,2,0,99.65
1677,CA-2021-012067,2020-04-16,2020-04-19,Second Class,CUS-01035,Emily Wilson,Home Office,United States,Baltimore,Maryland,95888,East,FUR-TAB-45389,Furniture,Tables,Realspace Magellan Corner Desk,395.74,2,0,99.65
1678,CA-2019-012068,2022-01-14,2022-01-17,Second Class,CUS-01095,Ashley Hernandez,Corporate,United States,Atlanta,Georgia,89389,South,FUR-BOO-77155,Furniture,Bookcases,Sauder Cottage Road Bookcase,1098.44,5,0.2,256.55
1679,CA-2021-012069,2021-08-23,2021-08-24,Same Day,CUS-01055,James Perez,Corporate,United States,Philadelphia,Pennsylvania,63258,East,OFF-FAS-47279,Office Supplies,Fasteners,Acme Scissors,109.38,9,0.1,22.2
1680,CA-2021-012069,2021-08-23,2021-08-24,Same Day,CUS-01055,James Perez,Corporate,United States,Philadelphia,Pennsylvania,63258,East,OFF-FAS-47279,Office Supplies,Fasteners,Acme Scissors,109.38,9,0.1,22.2
1681,CA-2021-012069,2021-08-23,2021-08-24,Same Day,CUS-01055,James Perez,Corporate,United States,Philadelphia,Pennsylvania,63258,East,OFF-FAS-47279,Office Supplies,Fasteners,Acme Scissors,109.38,9,0.1,22.2
1682,CA-2021-012069,2021-08-23,2021-08-24,Same Day,CUS-01055,James Perez,Corporate,United States,Philadelphia,Pennsylvania,63258,East,OFF-FAS-47279,Office Supplies,Fasteners,Acme Scissors,109.38,9,0.1,22.2
1683,CA-2022-012074,2022-01-24,2022-01-30,Standard Class,CUS-01029,Matthew Martinez,Home Office,United States,Baltimore,Maryland,40423,East,FUR-BOO-83813,Furniture,Bookcases,Sauder Cottage Road Bookcase,317.08,5,0.3,34.09
1684,CA-2019-012077,2019-12-13,2019-12-17,Second Class,CUS-01076,Emily Miller,Home Office,United States,Los Angeles,California,28524,West,FUR-FUR-84270,Furniture,Furnishings,Lorell Dry-Erase Board,24.56,1,0.5,-1.85
1685,CA-2019-012077,2019-12-13,2019-12-17,Second Class,CUS-01076,Emily Miller,Home Office,United States,Los Angeles,California,28524,West,FUR-FUR-84270,Furniture,Furnishings,Lorell Dry-Erase Board,24.56,1,0.5,-1.85
1686,CA-2019-012077,2019-12-13,2019-12-17,Second Class,CUS-01076,Emily Miller,Home Office,United States,Los Angeles,California,28524,West,FUR-FUR-84270,Furniture,Furnishings,Lorell Dry-Erase Board,24.56,1,0.5,-1.85
1687,CA-2021-012082,2019-03-16,2019-03-19,First Class,CUS-01112,Robert Smith,Corporate,United States,Boston,Massachusetts,37423,East,OFF-STO-75511,Office Supplies,Storage,Bankers Box Stor/File,25.27,4,0.3,5.93
1688,CA-2021-012082,2019-03-16,2019-03-19,First Class,CUS-01112,Robert Smith,Corporate,United States,Boston,Massachusetts,37423,East,OFF-STO-75511,Office Supplies,Storage,Bankers Box Stor/File,25.27,4,0.3,5.93
1689,CA-2021-012082,2019-03-16,2019-03-19,First Class,CUS-01112,Robert Smith,Corporate,United States,Boston,Massachusetts,37423,East,OFF-STO-75511,Office Supplies,Storage,Bankers Box Stor/File,25.27,4,0.3,5.93
1690,CA-2021-012082,2019-03-16,2019-03-19,First Class,CUS-01112,Robert Smith,Corporate,United States,Boston,Massachusetts,37423,East,OFF-STO-75511,Office Supplies,Storage,Bankers Box Stor/File,25.27,4,0.3,5.93
1691,CA-2019-012084,2021-05-21,2021-05-27,Standard Class,CUS-01017,Charles Thompson,Home Office,United States,Philadelphia,Pennsylvania,78149,East,OFF-PAP-35869,Office Supplies,Paper,Hammermill Premium Copy Paper,13.72,2,0,5.54
1692,CA-2019-012084,2021-05-21,2021-05-27,Standard Class,CUS-01017,Charles Thompson,Home Office,United States,Philadelphia,Pennsylvania,78149,East,OFF-PAP-35869,Office Supplies,Paper,Hammermill Premium Copy Paper,13.72,2,0,5.54
1693,CA-2019-012084,2021-05-21,2021-05-27,Standard Class,CUS-01017,Charles Thompson,Home Office,United States,Philadelphia,Pennsylvania,78149,East,OFF-PAP-35869,Office Supplies,Paper,Hammermill Premium Copy Paper,13.72,2,0,5.54
1694,CA-2019-012084,2021-05-21,2021-05-27,Standard Class,CUS-01017,Charles Thompson,Home Office,United States,Philadelphia,Pennsylvania,78149,East,OFF-PAP-35869,Office Supplies,Paper,Hammermill Premium Copy Paper,13.72,2,0,5.54
1695,CA-2020-012085,2021-09-24,2021-09-29,Second Class,CUS-01112,Robert Smith,Corporate,United States,Charlotte,North Carolina,11213,South,FUR-CHA-48564,Furniture,Chairs,Flash Furniture Mesh Chair,784.18,5,0.3,232.15
1696,CA-2020-012085,2021-09-24,2021-09-29,Second Class,CUS-01112,Robert Smith,Corporate,United States,Charlotte,North Carolina,11213,South,FUR-CHA-48564,Furniture,Chairs,Flash Furniture Mesh Chair,784.18,5,0.3,232.15
1697,CA-2020-012085,2021-09-24,2021-09-29,Second Class,CUS-01112,Robert Smith,Corporate,United States,Charlotte,North Carolina,11213,South,FUR-CHA-48564,Furniture,Chairs,Flash Furniture Mesh Chair,784.18,5,0.3,232.15
1698,CA-2020-012090,2020-08-17,2020-08-22,Second Class,CUS-01092,Donald Miller,Corporate,United States,Columbus,Ohio,89235,Central,FUR-FUR-37606,Furniture,Furnishings,Master Caster Doorstop,133.43,3,0,34.66
1699,CA-2020-012090,2020-08-17,2020-08-22,Second Class,CUS-01092,Donald Miller,Corporate,United States,Columbus,Ohio,89235,Central,FUR-FUR-37606,Furniture,Furnishings,Master Caster Doorstop,133.43,3,0,34.66
1700,CA-2020-012090,2020-08-17,2020-08-22,Second Class,CUS-01092,Donald Miller,Corporate,United States,Columbus,Ohio,89235,Central,FUR-FUR-37606,Furniture,Furnishings,Master Caster Doorstop,133.43,3,0,34.66
1701,CA-2020-012090,2020-08-17,2020-08-22,Second Class,CUS-01092,Donald Miller,Corporate,United States,Columbus,Ohio,89235,Central,FUR-FUR-37606,Furniture,Furnishings,Master Caster Doorstop,133.43,3,0,34.66
1702,CA-2019-012092,2021-05-02,2021-05-05,Second Class,CUS-01061,William Jones,Home Office,United States,New York,New York,50873,East,OFF-LAB-22300,Office Supplies,Labels,Avery Easy Peel Labels,31.7,6,0,2.36
1703,CA-2019-012092,2021-05-02,2021-05-05,Second Class,CUS-01061,William Jones,Home Office,United States,New York,New York,50873,East,OFF-LAB-22300,Office Supplies,Labels,Avery Easy Peel Labels,31.7,6,0,2.36
1704,CA-2019-012092,2021-05-02,2021-05-05,Second Class,CUS-01061,William Jones,Home Office,United States,New York,New York,50873,East,OFF-LAB-22300,Office Supplies,Labels,Avery Easy Peel Labels,31.7,6,0,2.36
1705,CA-2019-012092,2021-05-02,2021-05-05,Second Class,CUS-01061,William Jones,Home Office,United States,New York,New York,50873,East,OFF-LAB-22300,Office Supplies,Labels,Avery Easy Peel Labels,31.7,6,0,2.36
1706,CA-2020-012095,2020-12-18,2020-12-22,Second Class,CUS-01081,Daniel Anderson,Corporate,United States,Philadelphia,Pennsylvania,45989,East,FUR-FUR-50075,Furniture,Furnishings,Lorell Dry-Erase Board,220.94,7,0.2,60.63
1707,CA-2020-012095,2020-12-18,2020-12-22,Second Class,CUS-01081,Daniel Anderson,Corporate,United States,Philadelphia,Pennsylvania,45989,East,FUR-FUR-50075,Furniture,Furnishings,Lorell Dry-Erase Board,220.94,7,0.2,60.63
1708,CA-2019-012096,2019-11-09,2019-11-16,Standard Class,CUS-01028,Sarah Garcia,Corporate,United States,Dallas,Texas,44463,Central,OFF-PAP-78461,Office Supplies,Paper,Hammermill Premium Copy Paper,56.8,7,0.3,15.92
1709,CA-2019-012096,2019-11-09,2019-11-16,Standard Class,CUS-01028,Sarah Garcia,Corporate,United States,Dallas,Texas,44463,Central,OFF-PAP-78461,Office Supplies,Paper,Hammermill Premium Copy Paper,56.8,7,0.3,15.92
1710,CA-2019-012096,2019-11-09,2019-11-16,Standard Class,CUS-01028,Sarah Garcia,Corporate,United States,Dallas,Texas,44463,Central,OFF-PAP-78461,Office Supplies,Paper,Hammermill Premium Copy Paper,56.8,7,0.3,15.92
1711,CA-2022-012101,2019-12-11,2019-12-16,Standard Class,CUS-01028,Sarah Garcia,Corporate,United States,Washington,District of Columbia,29200,East,TEC-COM-10032,Technology,Computers,Apple MacBook Air,212.92,1,0,54.23
1712,CA-2022-012101,2019-12-11,2019-12-16,Standard Class,CUS-01028,Sarah Garcia,Corporate,United States,Washington,District of Columbia,29200,East,TEC-COM-10032,Technology,Computers,Apple MacBook Air,212.92,1,0,54.23
1713,CA-2022-012101,2019-12-11,2019-12-16,Standard Class,CUS-01028,Sarah Garcia,Corporate,United States,Washington,District of Columbia,29200,East,TEC-COM-10032,Technology,Computers,Apple MacBook Air,212.92,1,0,54.23
1714,CA-2022-012101,2019-12-11,2019-12-16,Standard Class,CUS-01028,Sarah Garcia,Corporate,United States,Washington,District of Columbia,29200,East,TEC-COM-10032,Technology,Computers,Apple MacBook Air,212.92,1,0,54.23
1715,CA-2022-012103,2020-10-31,2020-11-02,First Class,CUS-01031,Patricia Davis,Consumer,United States,Charlotte,North Carolina,60532,South,OFF-STO-50863,Office Supplies,Storage,Smead Filing Box,229.73,6,0,92.66
1716,CA-2022-012103,2020-10-31,2020-11-02,First Class,CUS-01031,Patricia Davis,Consumer,United States,Charlotte,North Carolina,60532,South,OFF-STO-50863,Office Supplies,Storage,Smead Filing Box,229.73,6,0,92.66
1717,CA-2020-012107,2022-12-27,2022-12-31,Second Class,CUS-01072,James Williams,Home Office,United States,Charlotte,North Carolina,42838,South,OFF-PAP-67070,Office Supplies,Paper,Georgia-Pacific Copy Paper,28.46,3,0,11.29
1718,CA-2020-012107,2022-12-27,2022-12-31,Second Class,CUS-01072,James Williams,Home Office,United States,Charlotte,North Carolina,42838,South,OFF-PAP-67070,Office Supplies,Paper,Georgia-Pacific Copy Paper,28.46,3,0,11.29
1719,CA-2020-012107,2022-12-27,2022-12-31,Second Class,CUS-01072,James Williams,Home Office,United States,Charlotte,North Carolina,42838,South,OFF-PAP-67070,Office Supplies,Paper,Georgia-Pacific Copy Paper,28.46,3,0,11.29
1720,CA-2020-012107,2022-12-27,2022-12-31,Second Class,CUS-01072,James Williams,Home Office,United States,Charlotte,North Carolina,42838,South,OFF-PAP-67070,Office Supplies,Paper,Georgia-Pacific Copy Paper,28.46,3,0,11.29
1721,CA-2021-012110,2020-03-13,2020-03-17,Second Class,CUS-01048,Karen Thompson,Corporate,United States,Los Angeles,California,35668,West,FUR-BOO-35544,Furniture,Bookcases,Way2Furn 5-Shelf,70.73,5,0.3,6.2
1722,CA-2021-012110,2020-03-13,2020-03-17,Second Class,CUS-01048,Karen Thompson,Corporate,United States,Los Angeles,California,35668,West,FUR-BOO-35544,Furniture,Bookcases,Way2Furn 5-Shelf,70.73,5,0.3,6.2
1723,CA-2021-012110,2020-03-13,2020-03-17,Second Class,CUS-01048,Karen Thompson,Corporate,United States,Los Angeles,California,35668,West,FUR-BOO-35544,Furniture,Bookcases,Way2Furn 5-Shelf,70.73,5,0.3,6.2
1724,CA-2021-012114,2019-01-27,2019-01-29,First Class,CUS-01083,Michael Johnson,Corporate,United States,Kansas City,Missouri,62205,Central,TEC-ACC-91955,Technology,Accessories,Belkin Surge Protector,70.98,10,0,28.05
1725,CA-2021-012114,2019-01-27,2019-01-29,First Class,CUS-01083,Michael Johnson,Corporate,United States,Kansas City,Missouri,62205,Central,TEC-ACC-91955,Technology,Accessories,Belkin Surge Protector,70.98,10,0,28.05
1726,CA-2021-012114,2019-01-27,2019-01-29,First Class,CUS-01083,Michael Johnson,Corporate,United States,Kansas City,Missouri,62205,Central,TEC-ACC-91955,Technology,Accessories,Belkin Surge Protector,70.98,10,0,28.05
1727,CA-2021-012114,2019-01-27,2019-01-29,First Class,CUS-01083,Michael Johnson,Corporate,United States,Kansas City,Missouri,62205,Central,TEC-ACC-91955,Technology,Accessories,Belkin Surge Protector,70.98,10,0,28.05
1728,CA-2022-012119,2019-12-22,2019-12-22,Same Day,CUS-01005,John Smith,Consumer,United States,Chicago,Illinois,90336,Central,OFF-ART-33187,Office Supplies,Art,Sharpie Permanent Markers,118.74,3,0,25.87
1729,CA-2019-012123,2022-07-29,2022-08-04,Standard Class,CUS-01013,Michael Gonzalez,Corporate,United States,Dallas,Texas,95865,Central,OFF-BIN-98079,Office Supplies,Binders,Cardinal EasyOpen Binder,50.41,6,0,20.78
1730,CA-2019-012123,2022-07-29,2022-08-04,Standard Class,CUS-01013,Michael Gonzalez,Corporate,United States,Dallas,Texas,95865,Central,OFF-BIN-98079,Office Supplies,Binders,Cardinal EasyOpen Binder,50.41,6,0,20.78
1731,CA-2019-012123,2022-07-29,2022-08-04,Standard Class,CUS-01013,Michael Gonzalez,Corporate,United States,Dallas,Texas,95865,Central,OFF-BIN-98079,Office Supplies,Binders,Cardinal EasyOpen Binder,50.41,6,0,20.78
1732,CA-2019-012127,2021-05-02,2021-05-07,Standard Class,CUS-01025,Karen Harris,Home Office,United States,San Francisco,California,21005,West,TEC-COP-46113,Technology,Copiers,Canon imageRUNNER 2630,5557.87,9,0.4,-331.21
1733,CA-2021-012131,2022-02-22,2022-02-24,First Class,CUS-01044,Robert Wilson,Corporate,United States,Nashville,Tennessee,21284,South,OFF-STO-25238,Office Supplies,Storage,Avery Lateral File,248.06,3,0,30.82
1734,CA-2020-012134,2020-03-21,2020-03-24,First Class,CUS-01011,Barbara Miller,Corporate,United States,San Francisco,California,99245,West,OFF-LAB-27397,Office Supplies,Labels,Maco Laser Labels,40.08,7,0.2,4.86
1735,CA-2020-012134,2020-03-21,2020-03-24,First Class,CUS-01011,Barbara Miller,Corporate,United States,San Francisco,California,99245,West,OFF-LAB-27397,Office Supplies,Labels,Maco Laser Labels,40.08,7,0.2,4.86
1736,CA-2021-012135,2020-04-07,2020-04-11,Second Class,CUS-01114,Jessica Jackson,Corporate,United States,Seattle,Washington,48657,West,FUR-FUR-22112,Furniture,Furnishings,Master Caster Doorstop,175.42,10,0.3,33.25
1737,CA-2021-012135,2020-04-07,2020-04-11,Second Class,CUS-01114,Jessica Jackson,Corporate,United States,Seattle,Washington,48657,West,FUR-FUR-22112,Furniture,Furnishings,Master Caster Doorstop,175.42,10,0.3,33.25
1738,CA-2021-012135,2020-04-07,2020-04-11,Second Class,CUS-01114,Jessica Jackson,Corporate,United States,Seattle,Washington,48657,West,FUR-FUR-22112,Furniture,Furnishings,Master Caster Doorstop,175.42,10,0.3,33.25
1739,CA-2021-012135,2020-04-07,2020-04-11,Second Class,CUS-01114,Jessica Jackson,Corporate,United States,Seattle,Washington,48657,West,FUR-FUR-22112,Furniture,Furnishings,Master Caster Doorstop,175.42,10,0.3,33.25
1740,CA-2020-012139,2022-04-13,2022-04-13,Same Day,CUS-01069,Joseph Williams,Corporate,United States,Portland,Oregon,55471,West,OFF-FAS-54850,Office Supplies,Fasteners,Swingline Heavy Duty Stapler,154.01,9,0.2,13.29
1741,CA-2020-012139,2022-04-13,2022-04-13,Same Day,CUS-01069,Joseph Williams,Corporate,United States,Portland,Oregon,55471,West,OFF-FAS-54850,Office Supplies,Fasteners,Swingline Heavy Duty Stapler,154.01,9,0.2,13.29
1742,CA-2021-012140,2021-08-15,2021-08-17,First Class,CUS-01119,James White,Home Office,United States,Washington,District of Columbia,96288,East,OFF-ART-28325,Office Supplies,Art,Faber-Castell Watercolor,95.02,6,0.3,26.18
1743,CA-2021-012142,2022-07-13,2022-07-15,First Class,CUS-01021,Joseph Brown,Corporate,United States,Charlotte,North Carolina,53871,South,FUR-CHA-56924,Furniture,Chairs,Steelcase Leap V2,674.17,8,0,236.51
1744,CA-2021-012142,2022-07-13,2022-07-15,First Class,CUS-01021,Joseph Brown,Corporate,United States,Charlotte,North Carolina,53871,South,FUR-CHA-56924,Furniture,Chairs,Steelcase Leap V2,674.17,8,0,236.51
1745,CA-2021-012142,2022-07-13,2022-07-15,First Class,CUS-01021,Joseph Brown,Corporate,United States,Charlotte,North Carolina,53871,South,FUR-CHA-56924,Furniture,Chairs,Steelcase Leap V2,674.17,8,0,236.51
1746,CA-2021-012142,2022-07-13,2022-07-15,First Class,CUS-01021,Joseph Brown,Corporate,United States,Charlotte,North Carolina,53871,South,FUR-CHA-56924,Furniture,Chairs,Steelcase Leap V2,674.17,8,0,236.51
1747,CA-2022-012143,2022-03-25,2022-03-26,Same Day,CUS-01061,William Jones,Home Office,United States,San Francisco,California,58918,West,OFF-ENV-98939,Office Supplies,Envelopes,Staples 10-Envelope Box,17.85,1,0.1,6.34
1748,CA-2022-012148,2020-07-05,2020-07-05,Same Day,CUS-01021,Joseph Brown,Corporate,United States,San Francisco,California,88230,West,OFF-SUP-84447,Office Supplies,Supplies,Pilot G2 Gel Pen 12-Pack,47.35,3,0.3,17.3
1749,CA-2019-012152,2019-10-17,2019-10-20,First Class,CUS-01051,Thomas Jackson,Consumer,United States,Portland,Oregon,10110,West,OFF-ART-32553,Office Supplies,Art,Crayola Colored Pencils,15.65,2,0,2.26
1750,CA-2019-012152,2019-10-17,2019-10-20,First Class,CUS-01051,Thomas Jackson,Consumer,United States,Portland,Oregon,10110,West,OFF-ART-32553,Office Supplies,Art,Crayola Colored Pencils,15.65,2,0,2.26
1751,CA-2022-012155,2020-05-16,2020-05-21,Second Class,CUS-01072,James Williams,Home Office,United States,Chicago,Illinois,72566,Central,TEC-ACC-71708,Technology,Accessories,Logitech MX Master Mouse,226.26,7,0.1,93.93
1752,CA-2022-012155,2020-05-16,2020-05-21,Second Class,CUS-01072,James Williams,Home Office,United States,Chicago,Illinois,72566,Central,TEC-ACC-71708,Technology,Accessories,Logitech MX Master Mouse,226.26,7,0.1,93.93
1753,CA-2022-012155,2020-05-16,2020-05-21,Second Class,CUS-01072,James Williams,Home Office,United States,Chicago,Illinois,72566,Central,TEC-ACC-71708,Technology,Accessories,Logitech MX Master Mouse,226.26,7,0.1,93.93
1754,CA-2022-012155,2020-05-16,2020-05-21,Second Class,CUS-01072,James Williams,Home Office,United States,Chicago,Illinois,72566,Central,TEC-ACC-71708,Technology,Accessories,Logitech MX Master Mouse,226.26,7,0.1,93.93
1755,CA-2022-012156,2019-07-16,2019-07-16,Same Day,CUS-01041,Emily Williams,Consumer,United States,Portland,Oregon,52875,West,FUR-FUR-61622,Furniture,Furnishings,Lorell Dry-Erase Board,323.81,6,0.5,-51.48
1756,CA-2020-012158,2019-12-31,2020-01-04,Second Class,CUS-01047,Linda White,Home Office,United States,Columbus,Ohio,10208,Central,OFF-APP-94617,Office Supplies,Appliances,Fellowes Saturn Laminator,117.38,8,0.1,7.95
1757,CA-2020-012158,2019-12-31,2020-01-04,Second Class,CUS-01047,Linda White,Home Office,United States,Columbus,Ohio,10208,Central,OFF-APP-94617,Office Supplies,Appliances,Fellowes Saturn Laminator,117.38,8,0.1,7.95
1758,CA-2020-012158,2019-12-31,2020-01-04,Second Class,CUS-01047,Linda White,Home Office,United States,Columbus,Ohio,10208,Central,OFF-APP-94617,Office Supplies,Appliances,Fellowes Saturn Laminator,117.38,8,0.1,7.95
1759,CA-2022-012163,2020-11-26,2020-11-26,Same Day,CUS-01055,James Perez,Corporate,United States,San Francisco,California,50775,West,FUR-FUR-44212,Furniture,Furnishings,Deflect-O Chair Mat,1272.47,7,0,146.86
1760,CA-2022-012164,2020-12-10,2020-12-17,Standard Class,CUS-01111,Lisa Taylor,Corporate,United States,Houston,Texas,31087,South,FUR-TAB-76449,Furniture,Tables,Realspace Magellan Corner Desk,838.26,8,0,204.92
1761,CA-2022-012164,2020-12-10,2020-12-17,Standard Class,CUS-01111,Lisa Taylor,Corporate,United States,Houston,Texas,31087,South,FUR-TAB-76449,Furniture,Tables,Realspace Magellan Corner Desk,838.26,8,0,204.92
1762,CA-2022-012164,2020-12-10,2020-12-17,Standard Class,CUS-01111,Lisa Taylor,Corporate,United States,Houston,Texas,31087,South,FUR-TAB-76449,Furniture,Tables,Realspace Magellan Corner Desk,838.26,8,0,204.92
1763,CA-2022-012164,2020-12-10,2020-12-17,Standard Class,CUS-01111,Lisa Taylor,Corporate,United States,Houston,Texas,31087,South,FUR-TAB-76449,Furniture,Tables,Realspace Magellan Corner Desk,838.26,8,0,204.92
1764,CA-2022-012165,2020-09-12,2020-09-13,Same Day,CUS-01095,Ashley Hernandez,Corporate,United States,Washington,District of Columbia,69017,East,OFF-ENV-53917,Office Supplies,Envelopes,Staples 10-Envelope Box,51.02,6,0,18.58
1765,CA-2022-012165,2020-09-12,2020-09-13,Same Day,CUS-01095,Ashley Hernandez,Corporate,United States,Washington,District of Columbia,69017,East,OFF-ENV-53917,Office Supplies,Envelopes,Staples 10-Envelope Box,51.02,6,0,18.58
1766,CA-2022-012165,2020-09-12,2020-09-13,Same Day,CUS-01095,Ashley Hernandez,Corporate,United States,Washington,District of Columbia,69017,East,OFF-ENV-53917,Office Supplies,Envelopes,Staples 10-Envelope Box,51.02,6,0,18.58
1767,CA-2022-012165,2020-09-12,2020-09-13,Same Day,CUS-01095,Ashley Hernandez,Corporate,United States,Washington,District of Columbia,69017,East,OFF-ENV-53917,Office Supplies,Envelopes,Staples 10-Envelope Box,51.02,6,0,18.58
1768,CA-2022-012166,2019-11-04,2019-11-10,Standard Class,CUS-01120,Lisa White,Consumer,United States,Dallas,Texas,77488,Central,OFF-STO-16362,Office Supplies,Storage,Smead Filing Box,11.95,1,0,4.75
1769,CA-2022-012166,2019-11-04,2019-11-10,Standard Class,CUS-01120,Lisa White,Consumer,United States,Dallas,Texas,77488,Central,OFF-STO-16362,Office Supplies,Storage,Smead Filing Box,11.95,1,0,4.75
1770,CA-2022-012166,2019-11-04,2019-11-10,Standard Class,CUS-01120,Lisa White,Consumer,United States,Dallas,Texas,77488,Central,OFF-STO-16362,Office Supplies,Storage,Smead Filing Box,11.95,1,0,4.75
1771,CA-2022-012166,2019-11-04,2019-11-10,Standard Class,CUS-01120,Lisa White,Consumer,United States,Dallas,Texas,77488,Central,OFF-STO-16362,Office Supplies,Storage,Smead Filing Box,11.95,1,0,4.75
1772,CA-2021-012167,2022-05-12,2022-05-15,First Class,CUS-01055,James Perez,Corporate,United States,Minneapolis,Minnesota,13084,Central,OFF-FAS-48435,Office Supplies,Fasteners,Swingline Heavy Duty Stapler,12.14,1,0.5,-1.09
1773,CA-2019-012168,2019-03-16,2019-03-16,Same Day,CUS-01023,Betty Garcia,Corporate,United States,Washington,District of Columbia,22395,East,TEC-COM-66505,Technology,Computers,Apple MacBook Air,2473.2,6,0.5,-402.63
1774,CA-2019-012168,2019-03-16,2019-03-16,Same Day,CUS-01023,Betty Garcia,Corporate,United States,Washington,District of Columbia,22395,East,TEC-COM-66505,Technology,Computers,Apple MacBook Air,2473.2,6,0.5,-402.63
1775,CA-2022-012171,2019-06-06,2019-06-09,First Class,CUS-01005,John Smith,Consumer,United States,Phoenix,Arizona,93599,West,TEC-COP-54272,Technology,Copiers,Canon imageRUNNER 2630,2117.89,5,0.4,-222.69
1776,CA-2022-012171,2019-06-06,2019-06-09,First Class,CUS-01005,John Smith,Consumer,United States,Phoenix,Arizona,93599,West,TEC-COP-54272,Technology,Copiers,Canon imageRUNNER 2630,2117.89,5,0.4,-222.69
1777,CA-2021-012172,2021-06-06,2021-06-11,Standard Class,CUS-01074,John Lopez,Consumer,United States,Minneapolis,Minnesota,90685,Central,OFF-SUP-16400,Office Supplies,Supplies,Pilot G2 Gel Pen 12-Pack,22.91,8,0.1,8.12
1778,CA-2021-012172,2021-06-06,2021-06-11,Standard Class,CUS-01074,John Lopez,Consumer,United States,Minneapolis,Minnesota,90685,Central,OFF-SUP-16400,Office Supplies,Supplies,Pilot G2 Gel Pen 12-Pack,22.91,8,0.1,8.12
1779,CA-2021-012172,2021-06-06,2021-06-11,Standard Class,CUS-01074,John Lopez,Consumer,United States,Minneapolis,Minnesota,90685,Central,OFF-SUP-16400,Office Supplies,Supplies,Pilot G2 Gel Pen 12-Pack,22.91,8,0.1,8.12
1780,CA-2021-012172,2021-06-06,2021-06-11,Standard Class,CUS-01074,John Lopez,Consumer,United States,Minneapolis,Minnesota,90685,Central,OFF-SUP-16400,Office Supplies,Supplies,Pilot G2 Gel Pen 12-Pack,22.91,8,0.1,8.12
1781,CA-2021-012173,2020-07-20,2020-07-27,Standard Class,CUS-01052,Michael Thompson,Corporate,United States,San Francisco,California,45740,West,TEC-COP-12453,Technology,Copiers,Brother MFC-L8900CDW,989.97,3,0.2,155.25
1782,CA-2021-012173,2020-07-20,2020-07-27,Standard Class,CUS-01052,Michael Thompson,Corporate,United States,San Francisco,California,45740,West,TEC-COP-12453,Technology,Copiers,Brother MFC-L8900CDW,989.97,3,0.2,155.25
1783,CA-2021-012173,2020-07-20,2020-07-27,Standard Class,CUS-01052,Michael Thompson,Corporate,United States,San Francisco,California,45740,West,TEC-COP-12453,Technology,Copiers,Brother MFC-L8900CDW,989.97,3,0.2,155.25
1784,CA-2019-012175,2020-04-05,2020-04-12,Standard Class,CUS-01042,Linda Jones,Home Office,United States,Los Angeles,California,90135,West,FUR-FUR-65150,Furniture,Furnishings,Lorell Dry-Erase Board,451.62,6,0.4,-54.25
1785,CA-2021-012177,2020-10-16,2020-10-19,First Class,CUS-01020,Joseph Hernandez,Consumer,United States,Charlotte,North Carolina,37608,South,OFF-ART-61126,Office Supplies,Art,Sharpie Permanent Markers,4.58,1,0,1.39
1786,CA-2021-012177,2020-10-16,2020-10-19,First Class,CUS-01020,Joseph Hernandez,Consumer,United States,Charlotte,North Carolina,37608,South,OFF-ART-61126,Office Supplies,Art,Sharpie Permanent Markers,4.58,1,0,1.39
1787,CA-2021-012177,2020-10-16,2020-10-19,First Class,CUS-01020,Joseph Hernandez,Consumer,United States,Charlotte,North Carolina,37608,South,OFF-ART-61126,Office Supplies,Art,Sharpie Permanent Markers,4.58,1,0,1.39
1788,CA-2019-012180,2021-12-20,2021-12-23,First Class,CUS-01038,Thomas Clark,Home Office,United States,Kansas City,Missouri,98408,Central,FUR-CHA-91902,Furniture,Chairs,Steelcase Leap V2,984.9,10,0.3,271.79
1789,CA-2019-012180,2021-12-20,2021-12-23,First Class,CUS-01038,Thomas Clark,Home Office,United States,Kansas City,Missouri,98408,Central,FUR-CHA-91902,Furniture,Chairs,Steelcase Leap V2,984.9,10,0.3,271.79
1790,CA-2019-012180,2021-12-20,2021-12-23,First Class,CUS-01038,Thomas Clark,Home Office,United States,Kansas City,Missouri,98408,Central,FUR-CHA-91902,Furniture,Chairs,Steelcase Leap V2,984.9,10,0.3,271.79
1791,CA-2019-012180,2021-12-20,2021-12-23,First Class,CUS-01038,Thomas Clark,Home Office,United States,Kansas City,Missouri,98408,Central,FUR-CHA-91902,Furniture,Chairs,Steelcase Leap V2,984.9,10,0.3,271.79
1792,CA-2019-012182,2022-02-13,2022-02-13,Same Day,CUS-01049,Linda Hernandez,Corporate,United States,Portland,Oregon,89576,West,TEC-PHO-38613,Technology,Phones,Motorola Moto G,328.25,2,0.2,39.87
1793,CA-2019-012182,2022-02-13,2022-02-13,Same Day,CUS-01049,Linda Hernandez,Corporate,United States,Portland,Oregon,89576,West,TEC-PHO-38613,Technology,Phones,Motorola Moto G,328.25,2,0.2,39.87
1794,CA-2022-012185,2021-04-16,2021-04-18,First Class,CUS-01054,David Martin,Home Office,United States,Minneapolis,Minnesota,57602,Central,OFF-PAP-92984,Office Supplies,Paper,Georgia-Pacific Copy Paper,38.99,6,0.4,-2.73
1795,CA-2022-012185,2021-04-16,2021-04-18,First Class,CUS-01054,David Martin,Home Office,United States,Minneapolis,Minnesota,57602,Central,OFF-PAP-92984,Office Supplies,Paper,Georgia-Pacific Copy Paper,38.99,6,0.4,-2.73
1796,CA-2022-012185,2021-04-16,2021-04-18,First Class,CUS-01054,David Martin,Home Office,United States,Minneapolis,Minnesota,57602,Central,OFF-PAP-92984,Office Supplies,Paper,Georgia-Pacific Copy Paper,38.99,6,0.4,-2.73
1797,CA-2022-012185,2021-04-16,2021-04-18,First Class,CUS-01054,David Martin,Home Office,United States,Minneapolis,Minnesota,57602,Central,OFF-PAP-92984,Office Supplies,Paper,Georgia-Pacific Copy Paper,38.99,6,0.4,-2.73
1798,CA-2022-012190,2020-08-09,2020-08-09,Same Day,CUS-01119,James White,Home Office,United States,Portland,Oregon,47802,West,TEC-MAC-70820,Technology,Machines,Dymo LabelWriter 450,97.57,2,0.4,-13.76
1799,CA-2022-012190,2020-08-09,2020-08-09,Same Day,CUS-01119,James White,Home Office,United States,Portland,Oregon,47802,West,TEC-MAC-70820,Technology,Machines,Dymo LabelWriter 450,97.57,2,0.4,-13.76
1800,CA-2022-012190,2020-08-09,2020-08-09,Same Day,CUS-01119,James White,Home Office,United States,Portland,Oregon,47802,West,TEC-MAC-70820,Technology,Machines,Dymo LabelWriter 450,97.57,2,0.4,-13.76
1801,CA-2022-012190,2020-08-09,2020-08-09,Same Day,CUS-01119,James White,Home Office,United States,Portland,Oregon,47802,West,TEC-MAC-70820,Technology,Machines,Dymo LabelWriter 450,97.57,2,0.4,-13.76
1802,CA-2022-012194,2020-01-22,2020-01-29,Standard Class,CUS-01029,Matthew Martinez,Home Office,United States,Phoenix,Arizona,91254,West,OFF-PAP-84787,Office Supplies,Paper,Georgia-Pacific Copy Paper,14.65,1,0.3,4.3
1803,CA-2022-012194,2020-01-22,2020-01-29,Standard Class,CUS-01029,Matthew Martinez,Home Office,United States,Phoenix,Arizona,91254,West,OFF-PAP-84787,Office Supplies,Paper,Georgia-Pacific Copy Paper,14.65,1,0.3,4.3
1804,CA-2022-012198,2021-01-28,2021-02-04,Standard Class,CUS-01077,William Clark,Home Office,United States,Nashville,Tennessee,77021,South,TEC-COM-58373,Technology,Computers,Apple MacBook Air,2822.57,4,0,674.22
1805,CA-2022-012198,2021-01-28,2021-02-04,Standard Class,CUS-01077,William Clark,Home Office,United States,Nashville,Tennessee,77021,South,TEC-COM-58373,Technology,Computers,Apple MacBook Air,2822.57,4,0,674.22
1806,CA-2021-012199,2020-08-23,2020-08-28,Standard Class,CUS-01027,David Martin,Home Office,United States,Charlotte,North Carolina,42118,South,OFF-STO-33183,Office Supplies,Storage,Avery Lateral File,260.72,9,0,96.85
1807,CA-2021-012199,2020-08-23,2020-08-28,Standard Class,CUS-01027,David Martin,Home Office,United States,Charlotte,North Carolina,42118,South,OFF-STO-33183,Office Supplies,Storage,Avery Lateral File,260.72,9,0,96.85
1808,CA-2021-012199,2020-08-23,2020-08-28,Standard Class,CUS-01027,David Martin,Home Office,United States,Charlotte,North Carolina,42118,South,OFF-STO-33183,Office Supplies,Storage,Avery Lateral File,260.72,9,0,96.85
1809,CA-2020-012201,2021-08-04,2021-08-09,Standard Class,CUS-01096,Emily Jones,Consumer,United States,Baltimore,Maryland,78126,East,FUR-FUR-64668,Furniture,Furnishings,Deflect-O Chair Mat,1634.56,9,0,549.73
1810,CA-2022-012203,2019-05-03,2019-05-06,First Class,CUS-01107,Anthony White,Home Office,United States,Boston,Massachusetts,62354,East,OFF-SUP-95148,Office Supplies,Supplies,Scotch Magic Tape,9.63,2,0,1.04
1811,CA-2022-012203,2019-05-03,2019-05-06,First Class,CUS-01107,Anthony White,Home Office,United States,Boston,Massachusetts,62354,East,OFF-SUP-95148,Office Supplies,Supplies,Scotch Magic Tape,9.63,2,0,1.04
1812,CA-2022-012203,2019-05-03,2019-05-06,First Class,CUS-01107,Anthony White,Home Office,United States,Boston,Massachusetts,62354,East,OFF-SUP-95148,Office Supplies,Supplies,Scotch Magic Tape,9.63,2,0,1.04
1813,CA-2019-012207,2021-01-20,2021-01-21,Same Day,CUS-01019,Robert Johnson,Home Office,United States,Portland,Oregon,37536,West,FUR-CHA-94152,Furniture,Chairs,Herman Miller Aeron,867.88,8,0.5,-152.31
1814,CA-2019-012207,2021-01-20,2021-01-21,Same Day,CUS-01019,Robert Johnson,Home Office,United States,Portland,Oregon,37536,West,FUR-CHA-94152,Furniture,Chairs,Herman Miller Aeron,867.88,8,0.5,-152.31
1815,CA-2019-012207,2021-01-20,2021-01-21,Same Day,CUS-01019,Robert Johnson,Home Office,United States,Portland,Oregon,37536,West,FUR-CHA-94152,Furniture,Chairs,Herman Miller Aeron,867.88,8,0.5,-152.31
1816,CA-2021-012209,2022-11-12,2022-11-13,Same Day,CUS-01101,David Johnson,Home Office,United States,Miami,Florida,84479,South,FUR-CHA-29401,Furniture,Chairs,Steelcase Leap V2,153.49,1,0.1,61.71
1817,CA-2021-012209,2022-11-12,2022-11-13,Same Day,CUS-01101,David Johnson,Home Office,United States,Miami,Florida,84479,South,FUR-CHA-29401,Furniture,Chairs,Steelcase Leap V2,153.49,1,0.1,61.71
1818,CA-2021-012209,2022-11-12,2022-11-13,Same Day,CUS-01101,David Johnson,Home Office,United States,Miami,Florida,84479,South,FUR-CHA-29401,Furniture,Chairs,Steelcase Leap V2,153.49,1,0.1,61.71
1819,CA-2021-012212,2019-11-21,2019-11-24,First Class,CUS-01092,Donald Miller,Corporate,United States,Miami,Florida,30242,South,OFF-ART-89619,Office Supplies,Art,Crayola Colored Pencils,85.56,7,0.2,26.07
1820,CA-2020-012215,2020-09-12,2020-09-17,Second Class,CUS-01002,Karen Davis,Consumer,United States,Minneapolis,Minnesota,76662,Central,OFF-SUP-72517,Office Supplies,Supplies,Dixon Ticonderoga Pencils,13.36,3,0.3,4.11
1821,CA-2020-012215,2020-09-12,2020-09-17,Second Class,CUS-01002,Karen Davis,Consumer,United States,Minneapolis,Minnesota,76662,Central,OFF-SUP-72517,Office Supplies,Supplies,Dixon Ticonderoga Pencils,13.36,3,0.3,4.11
1822,CA-2020-012215,2020-09-12,2020-09-17,Second Class,CUS-01002,Karen Davis,Consumer,United States,Minneapolis,Minnesota,76662,Central,OFF-SUP-72517,Office Supplies,Supplies,Dixon Ticonderoga Pencils,13.36,3,0.3,4.11
1823,CA-2021-012220,2021-09-20,2021-09-25,Second Class,CUS-01062,Donald Martin,Consumer,United States,Portland,Oregon,59790,West,TEC-PHO-39468,Technology,Phones,Google Pixel 7,2033.23,4,0,328.01
1824,CA-2020-012224,2021-10-18,2021-10-18,Same Day,CUS-01108,Christopher Martinez,Consumer,United States,Seattle,Washington,57652,West,OFF-BIN-92103,Office Supplies,Binders,Cardinal EasyOpen Binder,38.83,6,0,6.16
1825,CA-2019-012227,2022-03-06,2022-03-09,Second Class,CUS-01033,Robert Miller,Home Office,United States,Seattle,Washington,39928,West,OFF-STO-15273,Office Supplies,Storage,Avery Lateral File,174.82,5,0.2,15.13
1826,CA-2019-012227,2022-03-06,2022-03-09,Second Class,CUS-01033,Robert Miller,Home Office,United States,Seattle,Washington,39928,West,OFF-STO-15273,Office Supplies,Storage,Avery Lateral File,174.82,5,0.2,15.13
1827,CA-2019-012231,2021-12-06,2021-12-08,First Class,CUS-01027,David Martin,Home Office,United States,Seattle,Washington,86765,West,OFF-STO-22880,Office Supplies,Storage,Smead Filing Box,37.34,1,0.3,13.67
1828,CA-2020-012233,2019-08-27,2019-08-27,Same Day,CUS-01061,William Jones,Home Office,United States,Los Angeles,California,81089,West,OFF-LAB-73862,Office Supplies,Labels,Maco Laser Labels,8.4,1,0.4,-1.66
1829,CA-2022-012237,2022-04-21,2022-04-21,Same Day,CUS-01033,Robert Miller,Home Office,United States,Nashville,Tennessee,45486,South,FUR-TAB-76491,Furniture,Tables,Sauder Palladia Desk,992.95,5,0.2,154.58
1830,CA-2022-012237,2022-04-21,2022-04-21,Same Day,CUS-01033,Robert Miller,Home Office,United States,Nashville,Tennessee,45486,South,FUR-TAB-76491,Furniture,Tables,Sauder Palladia Desk,992.95,5,0.2,154.58
1831,CA-2021-012239,2022-10-20,2022-10-23,First Class,CUS-01015,Ashley Martin,Consumer,United States,Portland,Oregon,10854,West,FUR-FUR-31381,Furniture,Furnishings,Master Caster Doorstop,64.56,7,0.2,5.67
1832,CA-2021-012239,2022-10-20,2022-10-23,First Class,CUS-01015,Ashley Martin,Consumer,United States,Portland,Oregon,10854,West,FUR-FUR-31381,Furniture,Furnishings,Master Caster Doorstop,64.56,7,0.2,5.67
1833,CA-2021-012239,2022-10-20,2022-10-23,First Class,CUS-01015,Ashley Martin,Consumer,United States,Portland,Oregon,10854,West,FUR-FUR-31381,Furniture,Furnishings,Master Caster Doorstop,64.56,7,0.2,5.67
1834,CA-2021-012239,2022-10-20,2022-10-23,First Class,CUS-01015,Ashley Martin,Consumer,United States,Portland,Oregon,10854,West,FUR-FUR-31381,Furniture,Furnishings,Master Caster Doorstop,64.56,7,0.2,5.67
1835,CA-2021-012242,2020-01-10,2020-01-13,Second Class,CUS-01098,Patricia Clark,Corporate,United States,Seattle,Washington,50265,West,OFF-FAS-79520,Office Supplies,Fasteners,Acme Scissors,68.58,5,0.1,19.09
1836,CA-2021-012242,2020-01-10,2020-01-13,Second Class,CUS-01098,Patricia Clark,Corporate,United States,Seattle,Washington,50265,West,OFF-FAS-79520,Office Supplies,Fasteners,Acme Scissors,68.58,5,0.1,19.09
1837,CA-2021-012247,2020-01-29,2020-01-29,Same Day,CUS-01110,Margaret Jones,Home Office,United States,Phoenix,Arizona,96847,West,TEC-ACC-95654,Technology,Accessories,APC UPS 1500VA,288.0,7,0.2,40.75
1838,CA-2021-012247,2020-01-29,2020-01-29,Same Day,CUS-01110,Margaret Jones,Home Office,United States,Phoenix,Arizona,96847,West,TEC-ACC-95654,Technology,Accessories,APC UPS 1500VA,288.0,7,0.2,40.75
1839,CA-2021-012247,2020-01-29,2020-01-29,Same Day,CUS-01110,Margaret Jones,Home Office,United States,Phoenix,Arizona,96847,West,TEC-ACC-95654,Technology,Accessories,APC UPS 1500VA,288.0,7,0.2,40.75
1840,CA-2022-012249,2021-01-29,2021-02-02,Second Class,CUS-01043,David White,Corporate,United States,Minneapolis,Minnesota,68944,Central,FUR-FUR-61582,Furniture,Furnishings,Lorell Dry-Erase Board,22.16,1,0.4,-0.8
1841,CA-2022-012249,2021-01-29,2021-02-02,Second Class,CUS-01043,David White,Corporate,United States,Minneapolis,Minnesota,68944,Central,FUR-FUR-61582,Furniture,Furnishings,Lorell Dry-Erase Board,22.16,1,0.4,-0.8
1842,CA-2022-012249,2021-01-29,2021-02-02,Second Class,CUS-01043,David White,Corporate,United States,Minneapolis,Minnesota,68944,Central,FUR-FUR-61582,Furniture,Furnishings,Lorell Dry-Erase Board,22.16,1,0.4,-0.8
1843,CA-2022-012249,2021-01-29,2021-02-02,Second Class,CUS-01043,David White,Corporate,United States,Minneapolis,Minnesota,68944,Central,FUR-FUR-61582,Furniture,Furnishings,Lorell Dry-Erase Board,22.16,1,0.4,-0.8
1844,CA-2021-012252,2021-07-24,2021-07-26,First Class,CUS-01105,Sarah Lee,Home Office,United States,Seattle,Washington,96776,West,OFF-FAS-58952,Office Supplies,Fasteners,Acme Scissors,13.19,7,0.4,-1.19
1845,CA-2021-012252,2021-07-24,2021-07-26,First Class,CUS-01105,Sarah Lee,Home Office,United States,Seattle,Washington,96776,West,OFF-FAS-58952,Office Supplies,Fasteners,Acme Scissors,13.19,7,0.4,-1.19
1846,CA-2020-012254,2021-10-27,2021-10-28,Same Day,CUS-01014,Thomas Johnson,Home Office,United States,Philadelphia,Pennsylvania,31026,East,FUR-FUR-87717,Furniture,Furnishings,Lorell Dry-Erase Board,14.51,1,0.4,-2.36
1847,CA-2020-012254,2021-10-27,2021-10-28,Same Day,CUS-01014,Thomas Johnson,Home Office,United States,Philadelphia,Pennsylvania,31026,East,FUR-FUR-87717,Furniture,Furnishings,Lorell Dry-Erase Board,14.51,1,0.4,-2.36
1848,CA-2020-012254,2021-10-27,2021-10-28,Same Day,CUS-01014,Thomas Johnson,Home Office,United States,Philadelphia,Pennsylvania,31026,East,FUR-FUR-87717,Furniture,Furnishings,Lorell Dry-Erase Board,14.51,1,0.4,-2.36
1849,CA-2020-012254,2021-10-27,2021-10-28,Same Day,CUS-01014,Thomas Johnson,Home Office,United States,Philadelphia,Pennsylvania,31026,East,FUR-FUR-87717,Furniture,Furnishings,Lorell Dry-Erase Board,14.51,1,0.4,-2.36
1850,CA-2020-012259,2022-05-27,2022-05-27,Same Day,CUS-01013,Michael Gonzalez,Corporate,United States,Boston,Massachusetts,46181,East,OFF-ENV-47255,Office Supplies,Envelopes,Staples 10-Envelope Box,7.92,3,0,1.42
1851,CA-2020-012259,2022-05-27,2022-05-27,Same Day,CUS-01013,Michael Gonzalez,Corporate,United States,Boston,Massachusetts,46181,East,OFF-ENV-47255,Office Supplies,Envelopes,Staples 10-Envelope Box,7.92,3,0,1.42
1852,CA-2020-012259,2022-05-27,2022-05-27,Same Day,CUS-01013,Michael Gonzalez,Corporate,United States,Boston,Massachusetts,46181,East,OFF-ENV-47255,Office Supplies,Envelopes,Staples 10-Envelope Box,7.92,3,0,1.42
1853,CA-2020-012259,2022-05-27,2022-05-27,Same Day,CUS-01013,Michael Gonzalez,Corporate,United States,Boston,Massachusetts,46181,East,OFF-ENV-47255,Office Supplies,Envelopes,Staples 10-Envelope Box,7.92,3,0,1.42
1854,CA-2020-012262,2022-04-22,2022-04-24,First Class,CUS-01072,James Williams,Home Office,United States,Baltimore,Maryland,42142,East,FUR-BOO-79602,Furniture,Bookcases,Way2Furn 5-Shelf,296.02,1,0,106.22
1855,CA-2021-012264,2021-07-02,2021-07-05,Second Class,CUS-01042,Linda Jones,Home Office,United States,Atlanta,Georgia,70398,South,FUR-BOO-98823,Furniture,Bookcases,Bush Furniture Cabot Bookcase,1362.87,5,0.2,397.2
1856,CA-2020-012267,2022-08-08,2022-08-09,Same Day,CUS-01051,Thomas Jackson,Consumer,United States,Houston,Texas,79258,South,TEC-MAC-12123,Technology,Machines,Dymo LabelWriter 450,51.22,1,0.3,18.75
1857,CA-2020-012267,2022-08-08,2022-08-09,Same Day,CUS-01051,Thomas Jackson,Consumer,United States,Houston,Texas,79258,South,TEC-MAC-12123,Technology,Machines,Dymo LabelWriter 450,51.22,1,0.3,18.75
1858,CA-2020-012267,2022-08-08,2022-08-09,Same Day,CUS-01051,Thomas Jackson,Consumer,United States,Houston,Texas,79258,South,TEC-MAC-12123,Technology,Machines,Dymo LabelWriter 450,51.22,1,0.3,18.75
1859,CA-2020-012267,2022-08-08,2022-08-09,Same Day,CUS-01051,Thomas Jackson,Consumer,United States,Houston,Texas,79258,South,TEC-MAC-12123,Technology,Machines,Dymo LabelWriter 450,51.22,1,0.3,18.75
1860,CA-2021-012268,2020-11-14,2020-11-21,Standard Class,CUS-01010,Sandra Lopez,Corporate,United States,Washington,District of Columbia,24723,East,OFF-ART-21498,Office Supplies,Art,Sharpie Permanent Markers,48.79,8,0.1,17.11
1861,CA-2021-012268,2020-11-14,2020-11-21,Standard Class,CUS-01010,Sandra Lopez,Corporate,United States,Washington,District of Columbia,24723,East,OFF-ART-21498,Office Supplies,Art,Sharpie Permanent Markers,48.79,8,0.1,17.11
1862,CA-2021-012268,2020-11-14,2020-11-21,Standard Class,CUS-01010,Sandra Lopez,Corporate,United States,Washington,District of Columbia,24723,East,OFF-ART-21498,Office Supplies,Art,Sharpie Permanent Markers,48.79,8,0.1,17.11
1863,CA-2021-012268,2020-11-14,2020-11-21,Standard Class,CUS-01010,Sandra Lopez,Corporate,United States,Washington,District of Columbia,24723,East,OFF-ART-21498,Office Supplies,Art,Sharpie Permanent Markers,48.79,8,0.1,17.11
1864,CA-2021-012273,2021-07-13,2021-07-18,Second Class,CUS-01043,David White,Corporate,United States,Philadelphia,Pennsylvania,94913,East,OFF-ENV-79168,Office Supplies,Envelopes,Staples 10-Envelope Box,74.66,7,0,15.72
1865,CA-2021-012273,2021-07-13,2021-07-18,Second Class,CUS-01043,David White,Corporate,United States,Philadelphia,Pennsylvania,94913,East,OFF-ENV-79168,Office Supplies,Envelopes,Staples 10-Envelope Box,74.66,7,0,15.72
1866,CA-2021-012273,2021-07-13,2021-07-18,Second Class,CUS-01043,David White,Corporate,United States,Philadelphia,Pennsylvania,94913,East,OFF-ENV-79168,Office Supplies,Envelopes,Staples 10-Envelope Box,74.66,7,0,15.72
1867,CA-2019-012277,2021-03-09,2021-03-14,Standard Class,CUS-01029,Matthew Martinez,Home Office,United States,Kansas City,Missouri,29725,Central,FUR-TAB-98413,Furniture,Tables,Realspace Magellan Corner Desk,1615.72,9,0.5,-251.6
1868,CA-2019-012277,2021-03-09,2021-03-14,Standard Class,CUS-01029,Matthew Martinez,Home Office,United States,Kansas City,Missouri,29725,Central,FUR-TAB-98413,Furniture,Tables,Realspace Magellan Corner Desk,1615.72,9,0.5,-251.6
1869,CA-2021-012282,2019-11-09,2019-11-12,Second Class,CUS-01027,David Martin,Home Office,United States,Dallas,Texas,23224,Central,TEC-MAC-15171,Technology,Machines,Fellowes Powershred 79Ci,776.17,9,0.3,335.2
1870,CA-2021-012282,2019-11-09,2019-11-12,Second Class,CUS-01027,David Martin,Home Office,United States,Dallas,Texas,23224,Central,TEC-MAC-15171,Technology,Machines,Fellowes Powershred 79Ci,776.17,9,0.3,335.2
1871,CA-2021-012282,2019-11-09,2019-11-12,Second Class,CUS-01027,David Martin,Home Office,United States,Dallas,Texas,23224,Central,TEC-MAC-15171,Technology,Machines,Fellowes Powershred 79Ci,776.17,9,0.3,335.2
1872,CA-2021-012287,2022-09-09,2022-09-12,Second Class,CUS-01039,Sandra Lee,Corporate,United States,Portland,Oregon,45530,West,TEC-COM-13577,Technology,Computers,Lenovo ThinkPad X1,1182.47,8,0,453.67
1873,CA-2021-012287,2022-09-09,2022-09-12,Second Class,CUS-01039,Sandra Lee,Corporate,United States,Portland,Oregon,45530,West,TEC-COM-13577,Technology,Computers,Lenovo ThinkPad X1,1182.47,8,0,453.67
1874,CA-2021-012287,2022-09-09,2022-09-12,Second Class,CUS-01039,Sandra Lee,Corporate,United States,Portland,Oregon,45530,West,TEC-COM-13577,Technology,Computers,Lenovo ThinkPad X1,1182.47,8,0,453.67
1875,CA-2021-012287,2022-09-09,2022-09-12,Second Class,CUS-01039,Sandra Lee,Corporate,United States,Portland,Oregon,45530,West,TEC-COM-13577,Technology,Computers,Lenovo ThinkPad X1,1182.47,8,0,453.67
1876,CA-2019-012289,2020-03-03,2020-03-03,Same Day,CUS-01058,Patricia Davis,Home Office,United States,Charlotte,North Carolina,36035,South,TEC-COP-22170,Technology,Copiers,Canon imageRUNNER 2630,6579.41,9,0,757.64
1877,CA-2019-012289,2020-03-03,2020-03-03,Same Day,CUS-01058,Patricia Davis,Home Office,United States,Charlotte,North Carolina,36035,South,TEC-COP-22170,Technology,Copiers,Canon imageRUNNER 2630,6579.41,9,0,757.64
1878,CA-2019-012293,2022-05-23,2022-05-26,First Class,CUS-01054,David Martin,Home Office,United States,Seattle,Washington,21900,West,OFF-ENV-43460,Office Supplies,Envelopes,Staples 10-Envelope Box,46.56,8,0,2.46
1879,CA-2019-012293,2022-05-23,2022-05-26,First Class,CUS-01054,David Martin,Home Office,United States,Seattle,Washington,21900,West,OFF-ENV-43460,Office Supplies,Envelopes,Staples 10-Envelope Box,46.56,8,0,2.46
1880,CA-2019-012293,2022-05-23,2022-05-26,First Class,CUS-01054,David Martin,Home Office,United States,Seattle,Washington,21900,West,OFF-ENV-43460,Office Supplies,Envelopes,Staples 10-Envelope Box,46.56,8,0,2.46
1881,CA-2019-012293,2022-05-23,2022-05-26,First Class,CUS-01054,David Martin,Home Office,United States,Seattle,Washington,21900,West,OFF-ENV-43460,Office Supplies,Envelopes,Staples 10-Envelope Box,46.56,8,0,2.46
1882,CA-2022-012297,2020-12-27,2020-12-30,First Class,CUS-01108,Christopher Martinez,Consumer,United States,Baltimore,Maryland,95459,East,FUR-TAB-21069,Furniture,Tables,Realspace Magellan Corner Desk,731.13,7,0.5,-20.6
1883,CA-2022-012297,2020-12-27,2020-12-30,First Class,CUS-01108,Christopher Martinez,Consumer,United States,Baltimore,Maryland,95459,East,FUR-TAB-21069,Furniture,Tables,Realspace Magellan Corner Desk,731.13,7,0.5,-20.6
1884,CA-2022-012297,2020-12-27,2020-12-30,First Class,CUS-01108,Christopher Martinez,Consumer,United States,Baltimore,Maryland,95459,East,FUR-TAB-21069,Furniture,Tables,Realspace Magellan Corner Desk,731.13,7,0.5,-20.6
1885,CA-2021-012298,2019-10-16,2019-10-19,Second Class,CUS-01073,Patricia Davis,Consumer,United States,Philadelphia,Pennsylvania,77976,East,TEC-COM-15110,Technology,Computers,Apple MacBook Air,387.72,4,0.2,77.03
1886,CA-2021-012298,2019-10-16,2019-10-19,Second Class,CUS-01073,Patricia Davis,Consumer,United States,Philadelphia,Pennsylvania,77976,East,TEC-COM-15110,Technology,Computers,Apple MacBook Air,387.72,4,0.2,77.03
1887,CA-2021-012298,2019-10-16,2019-10-19,Second Class,CUS-01073,Patricia Davis,Consumer,United States,Philadelphia,Pennsylvania,77976,East,TEC-COM-15110,Technology,Computers,Apple MacBook Air,387.72,4,0.2,77.03
1888,CA-2021-012298,2019-10-16,2019-10-19,Second Class,CUS-01073,Patricia Davis,Consumer,United States,Philadelphia,Pennsylvania,77976,East,TEC-COM-15110,Technology,Computers,Apple MacBook Air,387.72,4,0.2,77.03
1889,CA-2020-012299,2019-12-20,2019-12-25,Second Class,CUS-01020,Joseph Hernandez,Consumer,United States,San Francisco,California,24338,West,TEC-PHO-36748,Technology,Phones,Motorola Moto G,2424.31,6,0.2,724.3
1890,CA-2019-012303,2019-02-28,2019-02-28,Same Day,CUS-01095,Ashley Hernandez,Corporate,United States,Portland,Oregon,16094,West,OFF-APP-78839,Office Supplies,Appliances,ACCO 3-Hole Punch,41.06,2,0,7.78
1891,CA-2019-012303,2019-02-28,2019-02-28,Same Day,CUS-01095,Ashley Hernandez,Corporate,United States,Portland,Oregon,16094,West,OFF-APP-78839,Office Supplies,Appliances,ACCO 3-Hole Punch,41.06,2,0,7.78
1892,CA-2019-012306,2019-05-16,2019-05-22,Standard Class,CUS-01060,Emily Williams,Home Office,United States,Nashville,Tennessee,67726,South,TEC-MAC-10094,Technology,Machines,Fellowes Powershred 79Ci,429.05,8,0.2,43.45
1893,CA-2019-012306,2019-05-16,2019-05-22,Standard Class,CUS-01060,Emily Williams,Home Office,United States,Nashville,Tennessee,67726,South,TEC-MAC-10094,Technology,Machines,Fellowes Powershred 79Ci,429.05,8,0.2,43.45
1894,CA-2019-012306,2019-05-16,2019-05-22,Standard Class,CUS-01060,Emily Williams,Home Office,United States,Nashville,Tennessee,67726,South,TEC-MAC-10094,Technology,Machines,Fellowes Powershred 79Ci,429.05,8,0.2,43.45
1895,CA-2019-012310,2021-10-06,2021-10-09,Second Class,CUS-01029,Matthew Martinez,Home Office,United States,Seattle,Washington,39563,West,OFF-PAP-22424,Office Supplies,Paper,Georgia-Pacific Copy Paper,68.58,5,0,10.28
1896,CA-2019-012310,2021-10-06,2021-10-09,Second Class,CUS-01029,Matthew Martinez,Home Office,United States,Seattle,Washington,39563,West,OFF-PAP-22424,Office Supplies,Paper,Georgia-Pacific Copy Paper,68.58,5,0,10.28
1897,CA-2019-012310,2021-10-06,2021-10-09,Second Class,CUS-01029,Matthew Martinez,Home Office,United States,Seattle,Washington,39563,West,OFF-PAP-22424,Office Supplies,Paper,Georgia-Pacific Copy Paper,68.58,5,0,10.28
1898,CA-2020-012314,2020-11-04,2020-11-05,Same Day,CUS-01098,Patricia Clark,Corporate,United States,San Francisco,California,65315,West,FUR-TAB-14485,Furniture,Tables,Realspace Magellan Corner Desk,2459.24,7,0,904.21
1899,CA-2020-012314,2020-11-04,2020-11-05,Same Day,CUS-01098,Patricia Clark,Corporate,United States,San Francisco,California,65315,West,FUR-TAB-14485,Furniture,Tables,Realspace Magellan Corner Desk,2459.24,7,0,904.21
1900,CA-2019-012317,2022-07-23,2022-07-28,Standard Class,CUS-01021,Joseph Brown,Corporate,United States,Miami,Florida,11535,South,OFF-STO-55075,Office Supplies,Storage,Smead Filing Box,79.37,10,0.4,-9.16
1901,CA-2019-012317,2022-07-23,2022-07-28,Standard Class,CUS-01021,Joseph Brown,Corporate,United States,Miami,Florida,11535,South,OFF-STO-55075,Office Supplies,Storage,Smead Filing Box,79.37,10,0.4,-9.16
1902,CA-2022-012319,2020-06-22,2020-06-22,Same Day,CUS-01096,Emily Jones,Consumer,United States,Columbus,Ohio,54217,Central,FUR-TAB-54693,Furniture,Tables,Sauder Palladia Desk,998.19,8,0.5,-157.36
1903,CA-2022-012319,2020-06-22,2020-06-22,Same Day,CUS-01096,Emily Jones,Consumer,United States,Columbus,Ohio,54217,Central,FUR-TAB-54693,Furniture,Tables,Sauder Palladia Desk,998.19,8,0.5,-157.36
1904,CA-2022-012319,2020-06-22,2020-06-22,Same Day,CUS-01096,Emily Jones,Consumer,United States,Columbus,Ohio,54217,Central,FUR-TAB-54693,Furniture,Tables,Sauder Palladia Desk,998.19,8,0.5,-157.36
1905,CA-2021-012324,2021-01-18,2021-01-18,Same Day,CUS-01070,Mary Lee,Home Office,United States,Los Angeles,California,39769,West,FUR-CHA-82150,Furniture,Chairs,HON Ignition 2.0 Task Chair,349.8,3,0.3,60.45
1906,CA-2021-012324,2021-01-18,2021-01-18,Same Day,CUS-01070,Mary Lee,Home Office,United States,Los Angeles,California,39769,West,FUR-CHA-82150,Furniture,Chairs,HON Ignition 2.0 Task Chair,349.8,3,0.3,60.45
1907,CA-2021-012324,2021-01-18,2021-01-18,Same Day,CUS-01070,Mary Lee,Home Office,United States,Los Angeles,California,39769,West,FUR-CHA-82150,Furniture,Chairs,HON Ignition 2.0 Task Chair,349.8,3,0.3,60.45
1908,CA-2021-012324,2021-01-18,2021-01-18,Same Day,CUS-01070,Mary Lee,Home Office,United States,Los Angeles,California,39769,West,FUR-CHA-82150,Furniture,Chairs,HON Ignition 2.0 Task Chair,349.8,3,0.3,60.45
1909,CA-2019-012325,2020-01-09,2020-01-09,Same Day,CUS-01019,Robert Johnson,Home Office,United States,Los Angeles,California,36041,West,OFF-ENV-83778,Office Supplies,Envelopes,Quality Park Catalog Envelopes,103.55,9,0,38.33
1910,CA-2019-012325,2020-01-09,2020-01-09,Same Day,CUS-01019,Robert Johnson,Home Office,United States,Los Angeles,California,36041,West,OFF-ENV-83778,Office Supplies,Envelopes,Quality Park Catalog Envelopes,103.55,9,0,38.33
1911,CA-2019-012325,2020-01-09,2020-01-09,Same Day,CUS-01019,Robert Johnson,Home Office,United States,Los Angeles,California,36041,West,OFF-ENV-83778,Office Supplies,Envelopes,Quality Park Catalog Envelopes,103.55,9,0,38.33
1912,CA-2020-012330,2019-12-08,2019-12-10,First Class,CUS-01013,Michael Gonzalez,Corporate,United States,Phoenix,Arizona,39656,West,OFF-ART-89910,Office Supplies,Art,Sharpie Permanent Markers,16.65,4,0.2,1.16
1913,CA-2020-012330,2019-12-08,2019-12-10,First Class,CUS-01013,Michael Gonzalez,Corporate,United States,Phoenix,Arizona,39656,West,OFF-ART-89910,Office Supplies,Art,Sharpie Permanent Markers,16.65,4,0.2,1.16
1914,CA-2020-012330,2019-12-08,2019-12-10,First Class,CUS-01013,Michael Gonzalez,Corporate,United States,Phoenix,Arizona,39656,West,OFF-ART-89910,Office Supplies,Art,Sharpie Permanent Markers,16.65,4,0.2,1.16
1915,CA-2020-012330,2019-12-08,2019-12-10,First Class,CUS-01013,Michael Gonzalez,Corporate,United States,Phoenix,Arizona,39656,West,OFF-ART-89910,Office Supplies,Art,Sharpie Permanent Markers,16.65,4,0.2,1.16
1916,CA-2021-012335,2021-12-04,2021-12-05,Same Day,CUS-01060,Emily Williams,Home Office,United States,Dallas,Texas,49320,Central,TEC-PHO-82844,Technology,Phones,Google Pixel 7,867.12,4,0,63.9
1917,CA-2021-012335,2021-12-04,2021-12-05,Same Day,CUS-01060,Emily Williams,Home Office,United States,Dallas,Texas,49320,Central,TEC-PHO-82844,Technology,Phones,Google Pixel 7,867.12,4,0,63.9
1918,CA-2021-012335,2021-12-04,2021-12-05,Same Day,CUS-01060,Emily Williams,Home Office,United States,Dallas,Texas,49320,Central,TEC-PHO-82844,Technology,Phones,Google Pixel 7,867.12,4,0,63.9
1919,CA-2021-012335,2021-12-04,2021-12-05,Same Day,CUS-01060,Emily Williams,Home Office,United States,Dallas,Texas,49320,Central,TEC-PHO-82844,Technology,Phones,Google Pixel 7,867.12,4,0,63.9
1920,CA-2020-012339,2021-09-11,2021-09-14,Second Class,CUS-01051,Thomas Jackson,Consumer,United States,Portland,Oregon,61249,West,OFF-LAB-55928,Office Supplies,Labels,Avery Easy Peel Labels,35.58,5,0,14.48
1921,CA-2020-012341,2021-06-27,2021-07-02,Second Class,CUS-01036,Ashley Jones,Corporate,United States,Chicago,Illinois,93460,Central,TEC-MAC-78713,Technology,Machines,Dymo LabelWriter 450,157.43,10,0.5,-11.24
1922,CA-2020-012341,2021-06-27,2021-07-02,Second Class,CUS-01036,Ashley Jones,Corporate,United States,Chicago,Illinois,93460,Central,TEC-MAC-78713,Technology,Machines,Dymo LabelWriter 450,157.43,10,0.5,-11.24
1923,CA-2020-012341,2021-06-27,2021-07-02,Second Class,CUS-01036,Ashley Jones,Corporate,United States,Chicago,Illinois,93460,Central,TEC-MAC-78713,Technology,Machines,Dymo LabelWriter 450,157.43,10,0.5,-11.24
1924,CA-2020-012341,2021-06-27,2021-07-02,Second Class,CUS-01036,Ashley Jones,Corporate,United States,Chicago,Illinois,93460,Central,TEC-MAC-78713,Technology,Machines,Dymo LabelWriter 450,157.43,10,0.5,-11.24
1925,CA-2021-012343,2022-01-13,2022-01-13,Same Day,CUS-01010,Sandra Lopez,Corporate,United States,Minneapolis,Minnesota,15370,Central,FUR-BOO-92168,Furniture,Bookcases,Bush Furniture Cabot Bookcase,485.73,10,0,194.53
1926,CA-2021-012343,2022-01-13,2022-01-13,Same Day,CUS-01010,Sandra Lopez,Corporate,United States,Minneapolis,Minnesota,15370,Central,FUR-BOO-92168,Furniture,Bookcases,Bush Furniture Cabot Bookcase,485.73,10,0,194.53
1927,CA-2021-012343,2022-01-13,2022-01-13,Same Day,CUS-01010,Sandra Lopez,Corporate,United States,Minneapolis,Minnesota,15370,Central,FUR-BOO-92168,Furniture,Bookcases,Bush Furniture Cabot Bookcase,485.73,10,0,194.53
1928,CA-2021-012343,2022-01-13,2022-01-13,Same Day,CUS-01010,Sandra Lopez,Corporate,United States,Minneapolis,Minnesota,15370,Central,FUR-BOO-92168,Furniture,Bookcases,Bush Furniture Cabot Bookcase,485.73,10,0,194.53
1929,CA-2021-012344,2021-12-06,2021-12-11,Standard Class,CUS-01094,James Wilson,Corporate,United States,Dallas,Texas,97151,Central,FUR-FUR-17425,Furniture,Furnishings,Master Caster Doorstop,168.03,5,0.2,69.21
1930,CA-2021-012344,2021-12-06,2021-12-11,Standard Class,CUS-01094,James Wilson,Corporate,United States,Dallas,Texas,97151,Central,FUR-FUR-17425,Furniture,Furnishings,Master Caster Doorstop,168.03,5,0.2,69.21
1931,CA-2021-012344,2021-12-06,2021-12-11,Standard Class,CUS-01094,James Wilson,Corporate,United States,Dallas,Texas,97151,Central,FUR-FUR-17425,Furniture,Furnishings,Master Caster Doorstop,168.03,5,0.2,69.21
1932,CA-2022-012346,2020-12-31,2021-01-05,Standard Class,CUS-01013,Michael Gonzalez,Corporate,United States,Atlanta,Georgia,86779,South,FUR-TAB-66854,Furniture,Tables,Realspace Magellan Corner Desk,159.63,2,0.5,-21.89
1933,CA-2022-012346,2020-12-31,2021-01-05,Standard Class,CUS-01013,Michael Gonzalez,Corporate,United States,Atlanta,Georgia,86779,South,FUR-TAB-66854,Furniture,Tables,Realspace Magellan Corner Desk,159.63,2,0.5,-21.89
1934,CA-2022-012346,2020-12-31,2021-01-05,Standard Class,CUS-01013,Michael Gonzalez,Corporate,United States,Atlanta,Georgia,86779,South,FUR-TAB-66854,Furniture,Tables,Realspace Magellan Corner Desk,159.63,2,0.5,-21.89
1935,CA-2022-012346,2020-12-31,2021-01-05,Standard Class,CUS-01013,Michael Gonzalez,Corporate,United States,Atlanta,Georgia,86779,South,FUR-TAB-66854,Furniture,Tables,Realspace Magellan Corner Desk,159.63,2,0.5,-21.89
1936,CA-2022-012349,2022-05-17,2022-05-24,Standard Class,CUS-01108,Christopher Martinez,Consumer,United States,Washington,District of Columbia,22440,East,TEC-COM-86037,Technology,Computers,Lenovo ThinkPad X1,8043.92,10,0.4,-1512.71
1937,CA-2021-012350,2021-08-01,2021-08-07,Standard Class,CUS-01105,Sarah Lee,Home Office,United States,Houston,Texas,38316,South,OFF-ART-92643,Office Supplies,Art,Crayola Colored Pencils,68.37,2,0.2,28.6
1938,CA-2022-012354,2021-01-04,2021-01-07,First Class,CUS-01032,Christopher Wilson,Corporate,United States,Kansas City,Missouri,16265,Central,FUR-FUR-93205,Furniture,Furnishings,Lorell Dry-Erase Board,54.71,3,0.1,14.96
1939,CA-2022-012354,2021-01-04,2021-01-07,First Class,CUS-01032,Christopher Wilson,Corporate,United States,Kansas City,Missouri,16265,Central,FUR-FUR-93205,Furniture,Furnishings,Lorell Dry-Erase Board,54.71,3,0.1,14.96
1940,CA-2022-012354,2021-01-04,2021-01-07,First Class,CUS-01032,Christopher Wilson,Corporate,United States,Kansas City,Missouri,16265,Central,FUR-FUR-93205,Furniture,Furnishings,Lorell Dry-Erase Board,54.71,3,0.1,14.96
1941,CA-2022-012357,2019-12-19,2019-12-19,Same Day,CUS-01043,David White,Corporate,United States,Columbus,Ohio,80547,Central,OFF-LAB-50086,Office Supplies,Labels,Staples Multipurpose Labels,2.41,2,0.4,-0.21
1942,CA-2022-012357,2019-12-19,2019-12-19,Same Day,CUS-01043,David White,Corporate,United States,Columbus,Ohio,80547,Central,OFF-LAB-50086,Office Supplies,Labels,Staples Multipurpose Labels,2.41,2,0.4,-0.21
1943,CA-2022-012357,2019-12-19,2019-12-19,Same Day,CUS-01043,David White,Corporate,United States,Columbus,Ohio,80547,Central,OFF-LAB-50086,Office Supplies,Labels,Staples Multipurpose Labels,2.41,2,0.4,-0.21
1944,CA-2022-012357,2019-12-19,2019-12-19,Same Day,CUS-01043,David White,Corporate,United States,Columbus,Ohio,80547,Central,OFF-LAB-50086,Office Supplies,Labels,Staples Multipurpose Labels,2.41,2,0.4,-0.21
1945,CA-2020-012360,2020-02-19,2020-02-22,First Class,CUS-01045,Ashley Jackson,Corporate,United States,Kansas City,Missouri,57377,Central,TEC-COM-12087,Technology,Computers,Lenovo ThinkPad X1,1480.19,10,0.2,612.11
1946,CA-2020-012360,2020-02-19,2020-02-22,First Class,CUS-01045,Ashley Jackson,Corporate,United States,Kansas City,Missouri,57377,Central,TEC-COM-12087,Technology,Computers,Lenovo ThinkPad X1,1480.19,10,0.2,612.11
1947,CA-2020-012360,2020-02-19,2020-02-22,First Class,CUS-01045,Ashley Jackson,Corporate,United States,Kansas City,Missouri,57377,Central,TEC-COM-12087,Technology,Computers,Lenovo ThinkPad X1,1480.19,10,0.2,612.11
1948,CA-2020-012364,2022-06-20,2022-06-25,Standard Class,CUS-01012,Michael Williams,Corporate,United States,Washington,District of Columbia,96925,East,FUR-BOO-54585,Furniture,Bookcases,Bush Furniture Cabot Bookcase,1494.64,7,0,625.51
1949,CA-2021-012368,2022-03-13,2022-03-19,Standard Class,CUS-01029,Matthew Martinez,Home Office,United States,Houston,Texas,42231,South,OFF-ART-45885,Office Supplies,Art,Sharpie Permanent Markers,7.39,4,0.1,1.09
1950,CA-2021-012368,2022-03-13,2022-03-19,Standard Class,CUS-01029,Matthew Martinez,Home Office,United States,Houston,Texas,42231,South,OFF-ART-45885,Office Supplies,Art,Sharpie Permanent Markers,7.39,4,0.1,1.09
1951,CA-2022-012373,2019-10-25,2019-10-31,Standard Class,CUS-01032,Christopher Wilson,Corporate,United States,Washington,District of Columbia,73343,East,FUR-FUR-82250,Furniture,Furnishings,Lorell Dry-Erase Board,113.23,4,0.4,-7.04
1952,CA-2022-012373,2019-10-25,2019-10-31,Standard Class,CUS-01032,Christopher Wilson,Corporate,United States,Washington,District of Columbia,73343,East,FUR-FUR-82250,Furniture,Furnishings,Lorell Dry-Erase Board,113.23,4,0.4,-7.04
1953,CA-2022-012373,2019-10-25,2019-10-31,Standard Class,CUS-01032,Christopher Wilson,Corporate,United States,Washington,District of Columbia,73343,East,FUR-FUR-82250,Furniture,Furnishings,Lorell Dry-Erase Board,113.23,4,0.4,-7.04
1954,CA-2022-012373,2019-10-25,2019-10-31,Standard Class,CUS-01032,Christopher Wilson,Corporate,United States,Washington,District of Columbia,73343,East,FUR-FUR-82250,Furniture,Furnishings,Lorell Dry-Erase Board,113.23,4,0.4,-7.04
1955,CA-2022-012375,2022-12-18,2022-12-21,First Class,CUS-01056,Emily Smith,Consumer,United States,Minneapolis,Minnesota,40763,Central,FUR-BOO-27628,Furniture,Bookcases,Bush Furniture Cabot Bookcase,152.28,4,0,13.5
1956,CA-2022-012375,2022-12-18,2022-12-21,First Class,CUS-01056,Emily Smith,Consumer,United States,Minneapolis,Minnesota,40763,Central,FUR-BOO-27628,Furniture,Bookcases,Bush Furniture Cabot Bookcase,152.28,4,0,13.5
1957,CA-2022-012375,2022-12-18,2022-12-21,First Class,CUS-01056,Emily Smith,Consumer,United States,Minneapolis,Minnesota,40763,Central,FUR-BOO-27628,Furniture,Bookcases,Bush Furniture Cabot Bookcase,152.28,4,0,13.5
1958,CA-2022-012375,2022-12-18,2022-12-21,First Class,CUS-01056,Emily Smith,Consumer,United States,Minneapolis,Minnesota,40763,Central,FUR-BOO-27628,Furniture,Bookcases,Bush Furniture Cabot Bookcase,152.28,4,0,13.5
1959,CA-2021-012378,2022-05-22,2022-05-27,Second Class,CUS-01045,Ashley Jackson,Corporate,United States,Portland,Oregon,45275,West,OFF-BIN-91108,Office Supplies,Binders,Cardinal EasyOpen Binder,44.84,10,0.4,-1.7
1960,CA-2021-012378,2022-05-22,2022-05-27,Second Class,CUS-01045,Ashley Jackson,Corporate,United States,Portland,Oregon,45275,West,OFF-BIN-91108,Office Supplies,Binders,Cardinal EasyOpen Binder,44.84,10,0.4,-1.7
1961,CA-2019-012379,2021-07-07,2021-07-13,Standard Class,CUS-01062,Donald Martin,Consumer,United States,Los Angeles,California,99392,West,FUR-CHA-84678,Furniture,Chairs,Herman Miller Aeron,73.28,1,0.5,-8.14
1962,CA-2019-012379,2021-07-07,2021-07-13,Standard Class,CUS-01062,Donald Martin,Consumer,United States,Los Angeles,California,99392,West,FUR-CHA-84678,Furniture,Chairs,Herman Miller Aeron,73.28,1,0.5,-8.14
1963,CA-2022-012384,2022-09-17,2022-09-18,Same Day,CUS-01069,Joseph Williams,Corporate,United States,Minneapolis,Minnesota,40482,Central,OFF-SUP-28904,Office Supplies,Supplies,Dixon Ticonderoga Pencils,160.47,10,0.3,63.4
1964,CA-2021-012386,2019-09-03,2019-09-10,Standard Class,CUS-01009,Karen Smith,Consumer,United States,Atlanta,Georgia,35509,South,TEC-MAC-33755,Technology,Machines,Zebra ZT411 Label Printer,796.92,8,0,145.61
1965,CA-2022-012391,2022-12-06,2022-12-07,Same Day,CUS-01049,Linda Hernandez,Corporate,United States,Atlanta,Georgia,54996,South,TEC-PHO-56551,Technology,Phones,Google Pixel 7,1053.95,7,0.2,263.36
1966,CA-2022-012391,2022-12-06,2022-12-07,Same Day,CUS-01049,Linda Hernandez,Corporate,United States,Atlanta,Georgia,54996,South,TEC-PHO-56551,Technology,Phones,Google Pixel 7,1053.95,7,0.2,263.36
1967,CA-2021-012396,2020-02-15,2020-02-19,Second Class,CUS-01083,Michael Johnson,Corporate,United States,Boston,Massachusetts,69208,East,TEC-MAC-12673,Technology,Machines,Dymo LabelWriter 450,405.55,1,0,131.03
1968,CA-2020-012400,2021-12-19,2021-12-24,Standard Class,CUS-01042,Linda Jones,Home Office,United States,Miami,Florida,13624,South,OFF-ENV-32595,Office Supplies,Envelopes,Quality Park Catalog Envelopes,32.58,10,0.5,-2.0
1969,CA-2020-012400,2021-12-19,2021-12-24,Standard Class,CUS-01042,Linda Jones,Home Office,United States,Miami,Florida,13624,South,OFF-ENV-32595,Office Supplies,Envelopes,Quality Park Catalog Envelopes,32.58,10,0.5,-2.0
1970,CA-2021-012401,2022-10-31,2022-11-05,Second Class,CUS-01048,Karen Thompson,Corporate,United States,Portland,Oregon,33264,West,OFF-ART-13976,Office Supplies,Art,Faber-Castell Watercolor,87.38,9,0,32.58
1971,CA-2021-012401,2022-10-31,2022-11-05,Second Class,CUS-01048,Karen Thompson,Corporate,United States,Portland,Oregon,33264,West,OFF-ART-13976,Office Supplies,Art,Faber-Castell Watercolor,87.38,9,0,32.58
1972,CA-2021-012401,2022-10-31,2022-11-05,Second Class,CUS-01048,Karen Thompson,Corporate,United States,Portland,Oregon,33264,West,OFF-ART-13976,Office Supplies,Art,Faber-Castell Watercolor,87.38,9,0,32.58
1973,CA-2021-012402,2020-12-15,2020-12-20,Second Class,CUS-01067,Betty Taylor,Home Office,United States,Los Angeles,California,75228,West,TEC-MAC-90372,Technology,Machines,Zebra ZT411 Label Printer,2016.96,8,0.4,-366.71
1974,CA-2019-012403,2020-05-19,2020-05-21,First Class,CUS-01031,Patricia Davis,Consumer,United States,Atlanta,Georgia,62990,South,TEC-ACC-72970,Technology,Accessories,Logitech MX Master Mouse,2047.52,10,0,796.71
1975,CA-2021-012406,2022-02-27,2022-02-27,Same Day,CUS-01037,William Davis,Home Office,United States,Dallas,Texas,68707,Central,TEC-ACC-62984,Technology,Accessories,APC UPS 1500VA,116.82,2,0.5,-3.48
1976,CA-2021-012411,2021-09-18,2021-09-19,Same Day,CUS-01064,Sandra Miller,Home Office,United States,Chicago,Illinois,79147,Central,TEC-COM-50254,Technology,Computers,Dell Inspiron 15,16479.3,10,0,5048.81
1977,CA-2019-012416,2020-09-12,2020-09-12,Same Day,CUS-01046,James White,Home Office,United States,Baltimore,Maryland,76633,East,OFF-ART-58604,Office Supplies,Art,Sharpie Permanent Markers,14.22,1,0.1,1.27
1978,CA-2019-012416,2020-09-12,2020-09-12,Same Day,CUS-01046,James White,Home Office,United States,Baltimore,Maryland,76633,East,OFF-ART-58604,Office Supplies,Art,Sharpie Permanent Markers,14.22,1,0.1,1.27
1979,CA-2020-012417,2019-05-30,2019-06-03,Second Class,CUS-01027,David Martin,Home Office,United States,New York,New York,60002,East,TEC-PHO-10621,Technology,Phones,Google Pixel 7,3310.18,6,0,1472.48
1980,CA-2020-012417,2019-05-30,2019-06-03,Second Class,CUS-01027,David Martin,Home Office,United States,New York,New York,60002,East,TEC-PHO-10621,Technology,Phones,Google Pixel 7,3310.18,6,0,1472.48
1981,CA-2021-012420,2019-04-02,2019-04-05,Second Class,CUS-01077,William Clark,Home Office,United States,Phoenix,Arizona,97625,West,FUR-FUR-84781,Furniture,Furnishings,Lorell Dry-Erase Board,207.86,5,0.1,88.57
1982,CA-2021-012420,2019-04-02,2019-04-05,Second Class,CUS-01077,William Clark,Home Office,United States,Phoenix,Arizona,97625,West,FUR-FUR-84781,Furniture,Furnishings,Lorell Dry-Erase Board,207.86,5,0.1,88.57
1983,CA-2021-012420,2019-04-02,2019-04-05,Second Class,CUS-01077,William Clark,Home Office,United States,Phoenix,Arizona,97625,West,FUR-FUR-84781,Furniture,Furnishings,Lorell Dry-Erase Board,207.86,5,0.1,88.57
1984,CA-2022-012424,2021-05-01,2021-05-02,Same Day,CUS-01036,Ashley Jones,Corporate,United States,Portland,Oregon,43216,West,OFF-BIN-61834,Office Supplies,Binders,Mead Flex Binder,20.18,8,0,6.36
1985,CA-2022-012424,2021-05-01,2021-05-02,Same Day,CUS-01036,Ashley Jones,Corporate,United States,Portland,Oregon,43216,West,OFF-BIN-61834,Office Supplies,Binders,Mead Flex Binder,20.18,8,0,6.36
1986,CA-2019-012425,2019-08-25,2019-08-29,Second Class,CUS-01009,Karen Smith,Consumer,United States,Phoenix,Arizona,52910,West,TEC-ACC-47330,Technology,Accessories,APC UPS 1500VA,561.94,5,0.2,52.48
1987,CA-2022-012426,2019-06-27,2019-06-27,Same Day,CUS-01017,Charles Thompson,Home Office,United States,Baltimore,Maryland,72759,East,TEC-PHO-14984,Technology,Phones,Samsung Galaxy S22,3096.28,3,0,1099.23
1988,CA-2020-012428,2022-06-14,2022-06-17,First Class,CUS-01095,Ashley Hernandez,Corporate,United States,Portland,Oregon,88250,West,TEC-MAC-37581,Technology,Machines,Zebra ZT411 Label Printer,116.66,1,0,50.1
1989,CA-2020-012428,2022-06-14,2022-06-17,First Class,CUS-01095,Ashley Hernandez,Corporate,United States,Portland,Oregon,88250,West,TEC-MAC-37581,Technology,Machines,Zebra ZT411 Label Printer,116.66,1,0,50.1
1990,CA-2020-012428,2022-06-14,2022-06-17,First Class,CUS-01095,Ashley Hernandez,Corporate,United States,Portland,Oregon,88250,West,TEC-MAC-37581,Technology,Machines,Zebra ZT411 Label Printer,116.66,1,0,50.1
1991,CA-2021-012432,2020-12-18,2020-12-18,Same Day,CUS-01116,Sarah Gonzalez,Corporate,United States,Baltimore,Maryland,59811,East,TEC-ACC-39522,Technology,Accessories,Logitech MX Master Mouse,40.63,4,0.3,12.73
1992,CA-2021-012432,2020-12-18,2020-12-18,Same Day,CUS-01116,Sarah Gonzalez,Corporate,United States,Baltimore,Maryland,59811,East,TEC-ACC-39522,Technology,Accessories,Logitech MX Master Mouse,40.63,4,0.3,12.73
1993,CA-2021-012432,2020-12-18,2020-12-18,Same Day,CUS-01116,Sarah Gonzalez,Corporate,United States,Baltimore,Maryland,59811,East,TEC-ACC-39522,Technology,Accessories,Logitech MX Master Mouse,40.63,4,0.3,12.73
1994,CA-2021-012432,2020-12-18,2020-12-18,Same Day,CUS-01116,Sarah Gonzalez,Corporate,United States,Baltimore,Maryland,59811,East,TEC-ACC-39522,Technology,Accessories,Logitech MX Master Mouse,40.63,4,0.3,12.73
1995,CA-2019-012434,2019-05-23,2019-05-28,Second Class,CUS-01068,Mark Brown,Consumer,United States,Columbus,Ohio,31115,Central,TEC-MAC-17433,Technology,Machines,Dymo LabelWriter 450,154.91,2,0.4,-19.92
1996,CA-2020-012438,2021-01-28,2021-02-02,Standard Class,CUS-01116,Sarah Gonzalez,Corporate,United States,Philadelphia,Pennsylvania,10773,East,FUR-CHA-60793,Furniture,Chairs,HON Ignition 2.0 Task Chair,1280.96,2,0.1,454.57
1997,CA-2019-012441,2022-08-21,2022-08-22,Same Day,CUS-01037,William Davis,Home Office,United States,Charlotte,North Carolina,41151,South,OFF-STO-42773,Office Supplies,Storage,Bankers Box Stor/File,77.16,8,0.5,-16.11
1998,CA-2019-012441,2022-08-21,2022-08-22,Same Day,CUS-01037,William Davis,Home Office,United States,Charlotte,North Carolina,41151,South,OFF-STO-42773,Office Supplies,Storage,Bankers Box Stor/File,77.16,8,0.5,-16.11
1999,CA-2022-012442,2021-01-07,2021-01-10,Second Class,CUS-01037,William Davis,Home Office,United States,Portland,Oregon,43713,West,TEC-ACC-66588,Technology,Accessories,Logitech MX Master Mouse,305.21,3,0,71.41
2000,CA-2022-012442,2021-01-07,2021-01-10,Second Class,CUS-01037,William Davis,Home Office,United States,Portland,Oregon,43713,West,TEC-ACC-66588,Technology,Accessories,Logitech MX Master Mouse,305.21,3,0,71.41
2001,CA-2022-012447,2022-07-07,2022-07-09,First Class,CUS-01052,Michael Thompson,Corporate,United States,Charlotte,North Carolina,70369,South,OFF-STO-60913,Office Supplies,Storage,Smead Filing Box,100.15,6,0.3,31.66
2002,CA-2022-012447,2022-07-07,2022-07-09,First Class,CUS-01052,Michael Thompson,Corporate,United States,Charlotte,North Carolina,70369,South,OFF-STO-60913,Office Supplies,Storage,Smead Filing Box,100.15,6,0.3,31.66
2003,CA-2020-012449,2020-03-20,2020-03-25,Second Class,CUS-01025,Karen Harris,Home Office,United States,Kansas City,Missouri,81854,Central,FUR-BOO-50225,Furniture,Bookcases,Way2Furn 5-Shelf,45.34,3,0.5,-2.12
2004,CA-2020-012449,2020-03-20,2020-03-25,Second Class,CUS-01025,Karen Harris,Home Office,United States,Kansas City,Missouri,81854,Central,FUR-BOO-50225,Furniture,Bookcases,Way2Furn 5-Shelf,45.34,3,0.5,-2.12
2005,CA-2020-012449,2020-03-20,2020-03-25,Second Class,CUS-01025,Karen Harris,Home Office,United States,Kansas City,Missouri,81854,Central,FUR-BOO-50225,Furniture,Bookcases,Way2Furn 5-Shelf,45.34,3,0.5,-2.12
2006,CA-2020-012449,2020-03-20,2020-03-25,Second Class,CUS-01025,Karen Harris,Home Office,United States,Kansas City,Missouri,81854,Central,FUR-BOO-50225,Furniture,Bookcases,Way2Furn 5-Shelf,45.34,3,0.5,-2.12
2007,CA-2021-012451,2021-04-24,2021-04-29,Standard Class,CUS-01028,Sarah Garcia,Corporate,United States,Columbus,Ohio,30541,Central,OFF-APP-66594,Office Supplies,Appliances,ACCO 3-Hole Punch,84.88,8,0,27.81
2008,CA-2021-012451,2021-04-24,2021-04-29,Standard Class,CUS-01028,Sarah Garcia,Corporate,United States,Columbus,Ohio,30541,Central,OFF-APP-66594,Office Supplies,Appliances,ACCO 3-Hole Punch,84.88,8,0,27.81
2009,CA-2021-012451,2021-04-24,2021-04-29,Standard Class,CUS-01028,Sarah Garcia,Corporate,United States,Columbus,Ohio,30541,Central,OFF-APP-66594,Office Supplies,Appliances,ACCO 3-Hole Punch,84.88,8,0,27.81
2010,CA-2021-012451,2021-04-24,2021-04-29,Standard Class,CUS-01028,Sarah Garcia,Corporate,United States,Columbus,Ohio,30541,Central,OFF-APP-66594,Office Supplies,Appliances,ACCO 3-Hole Punch,84.88,8,0,27.81
2011,CA-2020-012456,2022-10-25,2022-10-30,Second Class,CUS-01052,Michael Thompson,Corporate,United States,Seattle,Washington,63908,West,FUR-FUR-27112,Furniture,Furnishings,Deflect-O Chair Mat,827.1,8,0.3,243.29
2012,CA-2019-012459,2019-06-25,2019-06-30,Standard Class,CUS-01118,Lisa Perez,Home Office,United States,Boston,Massachusetts,21789,East,FUR-BOO-29739,Furniture,Bookcases,Bush Furniture Cabot Bookcase,561.35,5,0,109.56
2013,CA-2019-012459,2019-06-25,2019-06-30,Standard Class,CUS-01118,Lisa Perez,Home Office,United States,Boston,Massachusetts,21789,East,FUR-BOO-29739,Furniture,Bookcases,Bush Furniture Cabot Bookcase,561.35,5,0,109.56
2014,CA-2019-012459,2019-06-25,2019-06-30,Standard Class,CUS-01118,Lisa Perez,Home Office,United States,Boston,Massachusetts,21789,East,FUR-BOO-29739,Furniture,Bookcases,Bush Furniture Cabot Bookcase,561.35,5,0,109.56
2015,CA-2022-012460,2020-11-24,2020-11-28,Second Class,CUS-01039,Sandra Lee,Corporate,United States,Washington,District of Columbia,30946,East,TEC-COM-25524,Technology,Computers,Apple MacBook Air,1716.34,10,0.4,-97.24
2016,CA-2022-012460,2020-11-24,2020-11-28,Second Class,CUS-01039,Sandra Lee,Corporate,United States,Washington,District of Columbia,30946,East,TEC-COM-25524,Technology,Computers,Apple MacBook Air,1716.34,10,0.4,-97.24
2017,CA-2022-012460,2020-11-24,2020-11-28,Second Class,CUS-01039,Sandra Lee,Corporate,United States,Washington,District of Columbia,30946,East,TEC-COM-25524,Technology,Computers,Apple MacBook Air,1716.34,10,0.4,-97.24
2018,CA-2022-012460,2020-11-24,2020-11-28,Second Class,CUS-01039,Sandra Lee,Corporate,United States,Washington,District of Columbia,30946,East,TEC-COM-25524,Technology,Computers,Apple MacBook Air,1716.34,10,0.4,-97.24
2019,CA-2021-012464,2019-08-21,2019-08-25,Second Class,CUS-01013,Michael Gonzalez,Corporate,United States,Philadelphia,Pennsylvania,59931,East,FUR-FUR-32342,Furniture,Furnishings,Master Caster Doorstop,519.68,10,0.3,219.5
2020,CA-2021-012464,2019-08-21,2019-08-25,Second Class,CUS-01013,Michael Gonzalez,Corporate,United States,Philadelphia,Pennsylvania,59931,East,FUR-FUR-32342,Furniture,Furnishings,Master Caster Doorstop,519.68,10,0.3,219.5
2021,CA-2022-012466,2021-10-04,2021-10-07,First Class,CUS-01011,Barbara Miller,Corporate,United States,Chicago,Illinois,33230,Central,TEC-MAC-98784,Technology,Machines,Dymo LabelWriter 450,346.06,3,0,154.74
2022,CA-2022-012466,2021-10-04,2021-10-07,First Class,CUS-01011,Barbara Miller,Corporate,United States,Chicago,Illinois,33230,Central,TEC-MAC-98784,Technology,Machines,Dymo LabelWriter 450,346.06,3,0,154.74
2023,CA-2021-012467,2022-12-27,2023-01-02,Standard Class,CUS-01078,Donald Davis,Corporate,United States,Houston,Texas,91508,South,OFF-APP-57869,Office Supplies,Appliances,Fellowes Saturn Laminator,414.92,4,0.2,183.73
2024,CA-2022-012470,2019-12-08,2019-12-15,Standard Class,CUS-01031,Patricia Davis,Consumer,United States,Minneapolis,Minnesota,68842,Central,FUR-BOO-45761,Furniture,Bookcases,Bush Furniture Cabot Bookcase,2211.99,8,0,405.16
2025,CA-2020-012473,2019-01-22,2019-01-28,Standard Class,CUS-01049,Linda Hernandez,Corporate,United States,Portland,Oregon,59809,West,FUR-CHA-59170,Furniture,Chairs,Herman Miller Aeron,649.56,9,0.4,-69.14
2026,CA-2020-012473,2019-01-22,2019-01-28,Standard Class,CUS-01049,Linda Hernandez,Corporate,United States,Portland,Oregon,59809,West,FUR-CHA-59170,Furniture,Chairs,Herman Miller Aeron,649.56,9,0.4,-69.14
2027,CA-2020-012473,2019-01-22,2019-01-28,Standard Class,CUS-01049,Linda Hernandez,Corporate,United States,Portland,Oregon,59809,West,FUR-CHA-59170,Furniture,Chairs,Herman Miller Aeron,649.56,9,0.4,-69.14
2028,CA-2020-012478,2020-06-19,2020-06-23,Second Class,CUS-01037,William Davis,Home Office,United States,Chicago,Illinois,68965,Central,OFF-PAP-51761,Office Supplies,Paper,Georgia-Pacific Copy Paper,96.42,2,0,36.09
2029,CA-2020-012481,2019-12-29,2019-12-31,First Class,CUS-01020,Joseph Hernandez,Consumer,United States,Los Angeles,California,19884,West,TEC-PHO-90931,Technology,Phones,Google Pixel 7,448.97,10,0.5,-67.88
2030,CA-2020-012481,2019-12-29,2019-12-31,First Class,CUS-01020,Joseph Hernandez,Consumer,United States,Los Angeles,California,19884,West,TEC-PHO-90931,Technology,Phones,Google Pixel 7,448.97,10,0.5,-67.88
2031,CA-2020-012481,2019-12-29,2019-12-31,First Class,CUS-01020,Joseph Hernandez,Consumer,United States,Los Angeles,California,19884,West,TEC-PHO-90931,Technology,Phones,Google Pixel 7,448.97,10,0.5,-67.88
2032,CA-2019-012482,2019-09-07,2019-09-14,Standard Class,CUS-01018,Betty Lee,Consumer,United States,Los Angeles,California,34323,West,TEC-PHO-66750,Technology,Phones,Apple iPhone 14,3566.13,4,0.1,249.63
2033,CA-2022-012487,2022-07-04,2022-07-08,Second Class,CUS-01105,Sarah Lee,Home Office,United States,Portland,Oregon,89358,West,OFF-ART-47757,Office Supplies,Art,Faber-Castell Watercolor,337.26,10,0,76.56
2034,CA-2019-012490,2020-02-09,2020-02-11,First Class,CUS-01113,Michael Williams,Home Office,United States,Los Angeles,California,19932,West,TEC-COM-39847,Technology,Computers,Lenovo ThinkPad X1,1670.38,10,0.2,485.45
2035,CA-2019-012490,2020-02-09,2020-02-11,First Class,CUS-01113,Michael Williams,Home Office,United States,Los Angeles,California,19932,West,TEC-COM-39847,Technology,Computers,Lenovo ThinkPad X1,1670.38,10,0.2,485.45
2036,CA-2019-012490,2020-02-09,2020-02-11,First Class,CUS-01113,Michael Williams,Home Office,United States,Los Angeles,California,19932,West,TEC-COM-39847,Technology,Computers,Lenovo ThinkPad X1,1670.38,10,0.2,485.45
2037,CA-2020-012492,2020-05-28,2020-05-30,First Class,CUS-01068,Mark Brown,Consumer,United States,Boston,Massachusetts,46890,East,TEC-PHO-18229,Technology,Phones,Apple iPhone 14,103.94,1,0.4,-4.26
2038,CA-2020-012492,2020-05-28,2020-05-30,First Class,CUS-01068,Mark Brown,Consumer,United States,Boston,Massachusetts,46890,East,TEC-PHO-18229,Technology,Phones,Apple iPhone 14,103.94,1,0.4,-4.26
2039,CA-2020-012492,2020-05-28,2020-05-30,First Class,CUS-01068,Mark Brown,Consumer,United States,Boston,Massachusetts,46890,East,TEC-PHO-18229,Technology,Phones,Apple iPhone 14,103.94,1,0.4,-4.26
2040,CA-2020-012492,2020-05-28,2020-05-30,First Class,CUS-01068,Mark Brown,Consumer,United States,Boston,Massachusetts,46890,East,TEC-PHO-18229,Technology,Phones,Apple iPhone 14,103.94,1,0.4,-4.26
2041,CA-2019-012496,2020-10-14,2020-10-16,First Class,CUS-01073,Patricia Davis,Consumer,United States,Minneapolis,Minnesota,69085,Central,FUR-FUR-75496,Furniture,Furnishings,Master Caster Doorstop,188.28,8,0.3,50.53
2042,CA-2019-012496,2020-10-14,2020-10-16,First Class,CUS-01073,Patricia Davis,Consumer,United States,Minneapolis,Minnesota,69085,Central,FUR-FUR-75496,Furniture,Furnishings,Master Caster Doorstop,188.28,8,0.3,50.53
2043,CA-2020-012497,2019-12-16,2019-12-23,Standard Class,CUS-01046,James White,Home Office,United States,Charlotte,North Carolina,70508,South,FUR-FUR-70868,Furniture,Furnishings,Master Caster Doorstop,168.62,3,0.4,-18.37
2044,CA-2020-012502,2021-02-20,2021-02-24,Second Class,CUS-01047,Linda White,Home Office,United States,Baltimore,Maryland,96739,East,TEC-COM-38441,Technology,Computers,HP Pavilion 14,620.42,7,0.5,-34.11
2045,CA-2020-012502,2021-02-20,2021-02-24,Second Class,CUS-01047,Linda White,Home Office,United States,Baltimore,Maryland,96739,East,TEC-COM-38441,Technology,Computers,HP Pavilion 14,620.42,7,0.5,-34.11
2046,CA-2020-012502,2021-02-20,2021-02-24,Second Class,CUS-01047,Linda White,Home Office,United States,Baltimore,Maryland,96739,East,TEC-COM-38441,Technology,Computers,HP Pavilion 14,620.42,7,0.5,-34.11
2047,CA-2020-012505,2021-10-15,2021-10-15,Same Day,CUS-01039,Sandra Lee,Corporate,United States,Dallas,Texas,34896,Central,FUR-FUR-67030,Furniture,Furnishings,Master Caster Doorstop,269.75,3,0.5,-59.03
2048,CA-2021-012506,2019-05-18,2019-05-21,First Class,CUS-01078,Donald Davis,Corporate,United States,Dallas,Texas,40821,Central,OFF-STO-64571,Office Supplies,Storage,Avery Lateral File,82.95,5,0,15.38
2049,CA-2021-012506,2019-05-18,2019-05-21,First Class,CUS-01078,Donald Davis,Corporate,United States,Dallas,Texas,40821,Central,OFF-STO-64571,Office Supplies,Storage,Avery Lateral File,82.95,5,0,15.38
2050,CA-2021-012506,2019-05-18,2019-05-21,First Class,CUS-01078,Donald Davis,Corporate,United States,Dallas,Texas,40821,Central,OFF-STO-64571,Office Supplies,Storage,Avery Lateral File,82.95,5,0,15.38
2051,CA-2022-012507,2019-09-07,2019-09-12,Second Class,CUS-01037,William Davis,Home Office,United States,Minneapolis,Minnesota,26794,Central,FUR-FUR-12321,Furniture,Furnishings,Deflect-O Chair Mat,194.86,7,0.1,26.07
2052,CA-2022-012507,2019-09-07,2019-09-12,Second Class,CUS-01037,William Davis,Home Office,United States,Minneapolis,Minnesota,26794,Central,FUR-FUR-12321,Furniture,Furnishings,Deflect-O Chair Mat,194.86,7,0.1,26.07
2053,CA-2022-012507,2019-09-07,2019-09-12,Second Class,CUS-01037,William Davis,Home Office,United States,Minneapolis,Minnesota,26794,Central,FUR-FUR-12321,Furniture,Furnishings,Deflect-O Chair Mat,194.86,7,0.1,26.07
2054,CA-2020-012512,2022-07-22,2022-07-23,Same Day,CUS-01072,James Williams,Home Office,United States,Columbus,Ohio,53392,Central,OFF-LAB-52183,Office Supplies,Labels,Avery Easy Peel Labels,128.01,10,0.1,42.66
2055,CA-2020-012512,2022-07-22,2022-07-23,Same Day,CUS-01072,James Williams,Home Office,United States,Columbus,Ohio,53392,Central,OFF-LAB-52183,Office Supplies,Labels,Avery Easy Peel Labels,128.01,10,0.1,42.66
2056,CA-2020-012515,2022-02-27,2022-02-27,Same Day,CUS-01041,Emily Williams,Consumer,United States,Baltimore,Maryland,29445,East,OFF-ENV-79367,Office Supplies,Envelopes,Quality Park Catalog Envelopes,45.42,10,0.2,3.49
2057,CA-2020-012515,2022-02-27,2022-02-27,Same Day,CUS-01041,Emily Williams,Consumer,United States,Baltimore,Maryland,29445,East,OFF-ENV-79367,Office Supplies,Envelopes,Quality Park Catalog Envelopes,45.42,10,0.2,3.49
2058,CA-2020-012515,2022-02-27,2022-02-27,Same Day,CUS-01041,Emily Williams,Consumer,United States,Baltimore,Maryland,29445,East,OFF-ENV-79367,Office Supplies,Envelopes,Quality Park Catalog Envelopes,45.42,10,0.2,3.49
2059,CA-2020-012515,2022-02-27,2022-02-27,Same Day,CUS-01041,Emily Williams,Consumer,United States,Baltimore,Maryland,29445,East,OFF-ENV-79367,Office Supplies,Envelopes,Quality Park Catalog Envelopes,45.42,10,0.2,3.49
2060,CA-2020-012519,2022-12-28,2023-01-01,Second Class,CUS-01109,Christopher Davis,Corporate,United States,Baltimore,Maryland,42320,East,TEC-PHO-56683,Technology,Phones,Google Pixel 7,2730.23,8,0,992.37
2061,CA-2020-012519,2022-12-28,2023-01-01,Second Class,CUS-01109,Christopher Davis,Corporate,United States,Baltimore,Maryland,42320,East,TEC-PHO-56683,Technology,Phones,Google Pixel 7,2730.23,8,0,992.37
2062,CA-2020-012519,2022-12-28,2023-01-01,Second Class,CUS-01109,Christopher Davis,Corporate,United States,Baltimore,Maryland,42320,East,TEC-PHO-56683,Technology,Phones,Google Pixel 7,2730.23,8,0,992.37
2063,CA-2022-012522,2022-05-23,2022-05-28,Second Class,CUS-01025,Karen Harris,Home Office,United States,Boston,Massachusetts,17938,East,OFF-LAB-76077,Office Supplies,Labels,Maco Laser Labels,56.59,7,0.4,-9.34
2064,CA-2021-012525,2020-02-23,2020-02-27,Second Class,CUS-01004,Jennifer Lee,Corporate,United States,Baltimore,Maryland,20316,East,FUR-FUR-68547,Furniture,Furnishings,Deflect-O Chair Mat,371.71,9,0,106.88
2065,CA-2021-012525,2020-02-23,2020-02-27,Second Class,CUS-01004,Jennifer Lee,Corporate,United States,Baltimore,Maryland,20316,East,FUR-FUR-68547,Furniture,Furnishings,Deflect-O Chair Mat,371.71,9,0,106.88
2066,CA-2021-012525,2020-02-23,2020-02-27,Second Class,CUS-01004,Jennifer Lee,Corporate,United States,Baltimore,Maryland,20316,East,FUR-FUR-68547,Furniture,Furnishings,Deflect-O Chair Mat,371.71,9,0,106.88
2067,CA-2019-012528,2021-07-22,2021-07-24,First Class,CUS-01091,David Anderson,Corporate,United States,Miami,Florida,31351,South,OFF-ART-12222,Office Supplies,Art,Faber-Castell Watercolor,8.2,6,0.5,-0.81
2068,CA-2019-012528,2021-07-22,2021-07-24,First Class,CUS-01091,David Anderson,Corporate,United States,Miami,Florida,31351,South,OFF-ART-12222,Office Supplies,Art,Faber-Castell Watercolor,8.2,6,0.5,-0.81
2069,CA-2019-012528,2021-07-22,2021-07-24,First Class,CUS-01091,David Anderson,Corporate,United States,Miami,Florida,31351,South,OFF-ART-12222,Office Supplies,Art,Faber-Castell Watercolor,8.2,6,0.5,-0.81
2070,CA-2022-012531,2019-02-22,2019-02-23,Same Day,CUS-01051,Thomas Jackson,Consumer,United States,San Francisco,California,90357,West,TEC-ACC-84136,Technology,Accessories,Belkin Surge Protector,96.01,1,0,32.56
2071,CA-2022-012531,2019-02-22,2019-02-23,Same Day,CUS-01051,Thomas Jackson,Consumer,United States,San Francisco,California,90357,West,TEC-ACC-84136,Technology,Accessories,Belkin Surge Protector,96.01,1,0,32.56
2072,CA-2022-012536,2019-05-20,2019-05-23,Second Class,CUS-01014,Thomas Johnson,Home Office,United States,Seattle,Washington,22040,West,FUR-BOO-20637,Furniture,Bookcases,Sauder Cottage Road Bookcase,178.67,2,0.5,-18.78
2073,CA-2022-012537,2022-11-23,2022-11-28,Second Class,CUS-01106,John Perez,Consumer,United States,Philadelphia,Pennsylvania,68785,East,TEC-PHO-39805,Technology,Phones,Google Pixel 7,1972.19,9,0,140.01
2074,CA-2022-012537,2022-11-23,2022-11-28,Second Class,CUS-01106,John Perez,Consumer,United States,Philadelphia,Pennsylvania,68785,East,TEC-PHO-39805,Technology,Phones,Google Pixel 7,1972.19,9,0,140.01
2075,CA-2022-012541,2019-03-28,2019-03-31,Second Class,CUS-01020,Joseph Hernandez,Consumer,United States,Phoenix,Arizona,51872,West,FUR-FUR-97852,Furniture,Furnishings,Lorell Dry-Erase Board,150.97,9,0.2,37.27
2076,CA-2022-012541,2019-03-28,2019-03-31,Second Class,CUS-01020,Joseph Hernandez,Consumer,United States,Phoenix,Arizona,51872,West,FUR-FUR-97852,Furniture,Furnishings,Lorell Dry-Erase Board,150.97,9,0.2,37.27
2077,CA-2022-012541,2019-03-28,2019-03-31,Second Class,CUS-01020,Joseph Hernandez,Consumer,United States,Phoenix,Arizona,51872,West,FUR-FUR-97852,Furniture,Furnishings,Lorell Dry-Erase Board,150.97,9,0.2,37.27
2078,CA-2022-012541,2019-03-28,2019-03-31,Second Class,CUS-01020,Joseph Hernandez,Consumer,United States,Phoenix,Arizona,51872,West,FUR-FUR-97852,Furniture,Furnishings,Lorell Dry-Erase Board,150.97,9,0.2,37.27
2079,CA-2019-012542,2020-02-14,2020-02-19,Standard Class,CUS-01030,Joseph White,Corporate,United States,Houston,Texas,55794,South,OFF-PAP-58249,Office Supplies,Paper,Georgia-Pacific Copy Paper,55.71,3,0.4,-3.76
2080,CA-2021-012543,2022-02-13,2022-02-16,First Class,CUS-01021,Joseph Brown,Corporate,United States,Phoenix,Arizona,43590,West,FUR-TAB-44123,Furniture,Tables,Sauder Palladia Desk,266.16,5,0.5,-8.19
2081,CA-2021-012543,2022-02-13,2022-02-16,First Class,CUS-01021,Joseph Brown,Corporate,United States,Phoenix,Arizona,43590,West,FUR-TAB-44123,Furniture,Tables,Sauder Palladia Desk,266.16,5,0.5,-8.19
2082,CA-2021-012543,2022-02-13,2022-02-16,First Class,CUS-01021,Joseph Brown,Corporate,United States,Phoenix,Arizona,43590,West,FUR-TAB-44123,Furniture,Tables,Sauder Palladia Desk,266.16,5,0.5,-8.19
2083,CA-2021-012543,2022-02-13,2022-02-16,First Class,CUS-01021,Joseph Brown,Corporate,United States,Phoenix,Arizona,43590,West,FUR-TAB-44123,Furniture,Tables,Sauder Palladia Desk,266.16,5,0.5,-8.19
2084,CA-2020-012546,2019-08-19,2019-08-25,Standard Class,CUS-01103,Robert White,Consumer,United States,Philadelphia,Pennsylvania,36233,East,OFF-FAS-98369,Office Supplies,Fasteners,3M Post-it Flags,132.6,10,0.2,25.77
2085,CA-2020-012548,2020-05-31,2020-06-05,Second Class,CUS-01004,Jennifer Lee,Corporate,United States,Chicago,Illinois,38367,Central,TEC-ACC-75482,Technology,Accessories,Anker USB-C Hub,289.77,7,0.3,67.56
2086,CA-2020-012548,2020-05-31,2020-06-05,Second Class,CUS-01004,Jennifer Lee,Corporate,United States,Chicago,Illinois,38367,Central,TEC-ACC-75482,Technology,Accessories,Anker USB-C Hub,289.77,7,0.3,67.56
2087,CA-2020-012548,2020-05-31,2020-06-05,Second Class,CUS-01004,Jennifer Lee,Corporate,United States,Chicago,Illinois,38367,Central,TEC-ACC-75482,Technology,Accessories,Anker USB-C Hub,289.77,7,0.3,67.56
2088,CA-2020-012548,2020-05-31,2020-06-05,Second Class,CUS-01004,Jennifer Lee,Corporate,United States,Chicago,Illinois,38367,Central,TEC-ACC-75482,Technology,Accessories,Anker USB-C Hub,289.77,7,0.3,67.56
2089,CA-2020-012553,2021-09-10,2021-09-12,First Class,CUS-01010,Sandra Lopez,Corporate,United States,New York,New York,14089,East,OFF-BIN-45944,Office Supplies,Binders,Avery Heavy Duty Binder,34.06,5,0.5,-3.45
2090,CA-2020-012553,2021-09-10,2021-09-12,First Class,CUS-01010,Sandra Lopez,Corporate,United States,New York,New York,14089,East,OFF-BIN-45944,Office Supplies,Binders,Avery Heavy Duty Binder,34.06,5,0.5,-3.45
2091,CA-2019-012557,2021-01-23,2021-01-28,Second Class,CUS-01025,Karen Harris,Home Office,United States,Miami,Florida,19974,South,FUR-FUR-12935,Furniture,Furnishings,Lorell Dry-Erase Board,22.25,1,0,3.8
2092,CA-2019-012557,2021-01-23,2021-01-28,Second Class,CUS-01025,Karen Harris,Home Office,United States,Miami,Florida,19974,South,FUR-FUR-12935,Furniture,Furnishings,Lorell Dry-Erase Board,22.25,1,0,3.8
2093,CA-2019-012557,2021-01-23,2021-01-28,Second Class,CUS-01025,Karen Harris,Home Office,United States,Miami,Florida,19974,South,FUR-FUR-12935,Furniture,Furnishings,Lorell Dry-Erase Board,22.25,1,0,3.8
2094,CA-2022-012558,2019-09-04,2019-09-10,Standard Class,CUS-01023,Betty Garcia,Corporate,United States,New York,New York,21284,East,OFF-LAB-85992,Office Supplies,Labels,Staples Multipurpose Labels,25.85,5,0.2,1.52
2095,CA-2022-012558,2019-09-04,2019-09-10,Standard Class,CUS-01023,Betty Garcia,Corporate,United States,New York,New York,21284,East,OFF-LAB-85992,Office Supplies,Labels,Staples Multipurpose Labels,25.85,5,0.2,1.52
2096,CA-2022-012558,2019-09-04,2019-09-10,Standard Class,CUS-01023,Betty Garcia,Corporate,United States,New York,New York,21284,East,OFF-LAB-85992,Office Supplies,Labels,Staples Multipurpose Labels,25.85,5,0.2,1.52
2097,CA-2022-012558,2019-09-04,2019-09-10,Standard Class,CUS-01023,Betty Garcia,Corporate,United States,New York,New York,21284,East,OFF-LAB-85992,Office Supplies,Labels,Staples Multipurpose Labels,25.85,5,0.2,1.52
2098,CA-2019-012560,2020-03-17,2020-03-23,Standard Class,CUS-01087,Susan Martinez,Corporate,United States,Houston,Texas,14870,South,FUR-FUR-64057,Furniture,Furnishings,Master Caster Doorstop,15.15,1,0,4.74
2099,CA-2019-012560,2020-03-17,2020-03-23,Standard Class,CUS-01087,Susan Martinez,Corporate,United States,Houston,Texas,14870,South,FUR-FUR-64057,Furniture,Furnishings,Master Caster Doorstop,15.15,1,0,4.74
2100,CA-2019-012560,2020-03-17,2020-03-23,Standard Class,CUS-01087,Susan Martinez,Corporate,United States,Houston,Texas,14870,South,FUR-FUR-64057,Furniture,Furnishings,Master Caster Doorstop,15.15,1,0,4.74
2101,CA-2021-012562,2020-02-20,2020-02-22,First Class,CUS-01086,Mark Jones,Corporate,United States,Dallas,Texas,40778,Central,OFF-STO-95220,Office Supplies,Storage,Avery Lateral File,23.09,10,0.4,-3.16
2102,CA-2021-012562,2020-02-20,2020-02-22,First Class,CUS-01086,Mark Jones,Corporate,United States,Dallas,Texas,40778,Central,OFF-STO-95220,Office Supplies,Storage,Avery Lateral File,23.09,10,0.4,-3.16
2103,CA-2021-012562,2020-02-20,2020-02-22,First Class,CUS-01086,Mark Jones,Corporate,United States,Dallas,Texas,40778,Central,OFF-STO-95220,Office Supplies,Storage,Avery Lateral File,23.09,10,0.4,-3.16
2104,CA-2021-012562,2020-02-20,2020-02-22,First Class,CUS-01086,Mark Jones,Corporate,United States,Dallas,Texas,40778,Central,OFF-STO-95220,Office Supplies,Storage,Avery Lateral File,23.09,10,0.4,-3.16
2105,CA-2020-012566,2020-08-09,2020-08-11,First Class,CUS-01077,William Clark,Home Office,United States,Kansas City,Missouri,71928,Central,OFF-ART-96324,Office Supplies,Art,Faber-Castell Watercolor,122.63,9,0,21.86
2106,CA-2020-012566,2020-08-09,2020-08-11,First Class,CUS-01077,William Clark,Home Office,United States,Kansas City,Missouri,71928,Central,OFF-ART-96324,Office Supplies,Art,Faber-Castell Watercolor,122.63,9,0,21.86
2107,CA-2020-012566,2020-08-09,2020-08-11,First Class,CUS-01077,William Clark,Home Office,United States,Kansas City,Missouri,71928,Central,OFF-ART-96324,Office Supplies,Art,Faber-Castell Watercolor,122.63,9,0,21.86
2108,CA-2022-012567,2022-04-03,2022-04-04,Same Day,CUS-01060,Emily Williams,Home Office,United States,Minneapolis,Minnesota,29350,Central,OFF-STO-81076,Office Supplies,Storage,Bankers Box Stor/File,151.91,7,0,44.19
2109,CA-2022-012567,2022-04-03,2022-04-04,Same Day,CUS-01060,Emily Williams,Home Office,United States,Minneapolis,Minnesota,29350,Central,OFF-STO-81076,Office Supplies,Storage,Bankers Box Stor/File,151.91,7,0,44.19
2110,CA-2021-012569,2022-08-14,2022-08-15,Same Day,CUS-01097,Charles Miller,Consumer,United States,Los Angeles,California,55017,West,OFF-ART-54780,Office Supplies,Art,Sharpie Permanent Markers,38.53,3,0,16.99
2111,CA-2021-012569,2022-08-14,2022-08-15,Same Day,CUS-01097,Charles Miller,Consumer,United States,Los Angeles,California,55017,West,OFF-ART-54780,Office Supplies,Art,Sharpie Permanent Markers,38.53,3,0,16.99
2112,CA-2022-012572,2021-05-08,2021-05-15,Standard Class,CUS-01070,Mary Lee,Home Office,United States,Washington,District of Columbia,23607,East,OFF-BIN-82148,Office Supplies,Binders,Cardinal EasyOpen Binder,18.55,3,0.1,6.0
2113,CA-2022-012572,2021-05-08,2021-05-15,Standard Class,CUS-01070,Mary Lee,Home Office,United States,Washington,District of Columbia,23607,East,OFF-BIN-82148,Office Supplies,Binders,Cardinal EasyOpen Binder,18.55,3,0.1,6.0
2114,CA-2022-012572,2021-05-08,2021-05-15,Standard Class,CUS-01070,Mary Lee,Home Office,United States,Washington,District of Columbia,23607,East,OFF-BIN-82148,Office Supplies,Binders,Cardinal EasyOpen Binder,18.55,3,0.1,6.0
2115,CA-2022-012573,2020-10-28,2020-10-31,First Class,CUS-01067,Betty Taylor,Home Office,United States,Atlanta,Georgia,85631,South,FUR-FUR-23949,Furniture,Furnishings,Lorell Dry-Erase Board,217.16,8,0,83.33
2116,CA-2022-012573,2020-10-28,2020-10-31,First Class,CUS-01067,Betty Taylor,Home Office,United States,Atlanta,Georgia,85631,South,FUR-FUR-23949,Furniture,Furnishings,Lorell Dry-Erase Board,217.16,8,0,83.33
2117,CA-2019-012574,2019-08-09,2019-08-09,Same Day,CUS-01118,Lisa Perez,Home Office,United States,Boston,Massachusetts,41697,East,FUR-BOO-81036,Furniture,Bookcases,Bush Furniture Cabot Bookcase,325.46,4,0,18.38
2118,CA-2019-012574,2019-08-09,2019-08-09,Same Day,CUS-01118,Lisa Perez,Home Office,United States,Boston,Massachusetts,41697,East,FUR-BOO-81036,Furniture,Bookcases,Bush Furniture Cabot Bookcase,325.46,4,0,18.38
2119,CA-2019-012574,2019-08-09,2019-08-09,Same Day,CUS-01118,Lisa Perez,Home Office,United States,Boston,Massachusetts,41697,East,FUR-BOO-81036,Furniture,Bookcases,Bush Furniture Cabot Bookcase,325.46,4,0,18.38
2120,CA-2019-012579,2020-01-16,2020-01-21,Standard Class,CUS-01033,Robert Miller,Home Office,United States,Houston,Texas,65301,South,FUR-FUR-88323,Furniture,Furnishings,Deflect-O Chair Mat,82.36,7,0.3,10.98
2121,CA-2019-012579,2020-01-16,2020-01-21,Standard Class,CUS-01033,Robert Miller,Home Office,United States,Houston,Texas,65301,South,FUR-FUR-88323,Furniture,Furnishings,Deflect-O Chair Mat,82.36,7,0.3,10.98
2122,CA-2019-012579,2020-01-16,2020-01-21,Standard Class,CUS-01033,Robert Miller,Home Office,United States,Houston,Texas,65301,South,FUR-FUR-88323,Furniture,Furnishings,Deflect-O Chair Mat,82.36,7,0.3,10.98
2123,CA-2019-012579,2020-01-16,2020-01-21,Standard Class,CUS-01033,Robert Miller,Home Office,United States,Houston,Texas,65301,South,FUR-FUR-88323,Furniture,Furnishings,Deflect-O Chair Mat,82.36,7,0.3,10.98
2124,CA-2022-012581,2022-04-30,2022-05-07,Standard Class,CUS-01063,Thomas Jackson,Home Office,United States,Baltimore,Maryland,51894,East,FUR-CHA-72075,Furniture,Chairs,Herman Miller Aeron,1835.29,7,0,402.08
2125,CA-2022-012581,2022-04-30,2022-05-07,Standard Class,CUS-01063,Thomas Jackson,Home Office,United States,Baltimore,Maryland,51894,East,FUR-CHA-72075,Furniture,Chairs,Herman Miller Aeron,1835.29,7,0,402.08
2126,CA-2022-012581,2022-04-30,2022-05-07,Standard Class,CUS-01063,Thomas Jackson,Home Office,United States,Baltimore,Maryland,51894,East,FUR-CHA-72075,Furniture,Chairs,Herman Miller Aeron,1835.29,7,0,402.08
2127,CA-2022-012586,2021-02-17,2021-02-23,Standard Class,CUS-01098,Patricia Clark,Corporate,United States,Baltimore,Maryland,43050,East,OFF-PAP-42163,Office Supplies,Paper,Hammermill Premium Copy Paper,13.83,2,0.5,-1.4
2128,CA-2022-012586,2021-02-17,2021-02-23,Standard Class,CUS-01098,Patricia Clark,Corporate,United States,Baltimore,Maryland,43050,East,OFF-PAP-42163,Office Supplies,Paper,Hammermill Premium Copy Paper,13.83,2,0.5,-1.4
2129,CA-2022-012586,2021-02-17,2021-02-23,Standard Class,CUS-01098,Patricia Clark,Corporate,United States,Baltimore,Maryland,43050,East,OFF-PAP-42163,Office Supplies,Paper,Hammermill Premium Copy Paper,13.83,2,0.5,-1.4
2130,CA-2020-012587,2021-08-19,2021-08-25,Standard Class,CUS-01040,Betty Davis,Consumer,United States,Atlanta,Georgia,90441,South,FUR-CHA-99630,Furniture,Chairs,HON Ignition 2.0 Task Chair,48.25,1,0.5,-1.88
2131,CA-2020-012587,2021-08-19,2021-08-25,Standard Class,CUS-01040,Betty Davis,Consumer,United States,Atlanta,Georgia,90441,South,FUR-CHA-99630,Furniture,Chairs,HON Ignition 2.0 Task Chair,48.25,1,0.5,-1.88
2132,CA-2022-012592,2022-11-28,2022-11-28,Same Day,CUS-01033,Robert Miller,Home Office,United States,Washington,District of Columbia,74369,East,TEC-COP-31331,Technology,Copiers,Ricoh IM C300,1213.73,10,0.3,267.86
2133,CA-2022-012592,2022-11-28,2022-11-28,Same Day,CUS-01033,Robert Miller,Home Office,United States,Washington,District of Columbia,74369,East,TEC-COP-31331,Technology,Copiers,Ricoh IM C300,1213.73,10,0.3,267.86
2134,CA-2019-012595,2021-09-14,2021-09-14,Same Day,CUS-01001,Linda Smith,Home Office,United States,Atlanta,Georgia,59377,South,TEC-ACC-39284,Technology,Accessories,Anker USB-C Hub,118.22,10,0.5,-8.36
2135,CA-2019-012595,2021-09-14,2021-09-14,Same Day,CUS-01001,Linda Smith,Home Office,United States,Atlanta,Georgia,59377,South,TEC-ACC-39284,Technology,Accessories,Anker USB-C Hub,118.22,10,0.5,-8.36
2136,CA-2019-012595,2021-09-14,2021-09-14,Same Day,CUS-01001,Linda Smith,Home Office,United States,Atlanta,Georgia,59377,South,TEC-ACC-39284,Technology,Accessories,Anker USB-C Hub,118.22,10,0.5,-8.36
2137,CA-2019-012595,2021-09-14,2021-09-14,Same Day,CUS-01001,Linda Smith,Home Office,United States,Atlanta,Georgia,59377,South,TEC-ACC-39284,Technology,Accessories,Anker USB-C Hub,118.22,10,0.5,-8.36
2138,CA-2019-012597,2019-12-03,2019-12-06,Second Class,CUS-01095,Ashley Hernandez,Corporate,United States,Baltimore,Maryland,75030,East,FUR-FUR-78835,Furniture,Furnishings,Deflect-O Chair Mat,1027.19,6,0,223.36
2139,CA-2021-012598,2022-02-15,2022-02-15,Same Day,CUS-01009,Karen Smith,Consumer,United States,Boston,Massachusetts,97123,East,FUR-FUR-76468,Furniture,Furnishings,Master Caster Doorstop,524.86,3,0,31.3
2140,CA-2020-012602,2021-07-02,2021-07-05,First Class,CUS-01062,Donald Martin,Consumer,United States,Philadelphia,Pennsylvania,86299,East,FUR-CHA-40441,Furniture,Chairs,HON Ignition 2.0 Task Chair,316.23,5,0,110.25
2141,CA-2020-012602,2021-07-02,2021-07-05,First Class,CUS-01062,Donald Martin,Consumer,United States,Philadelphia,Pennsylvania,86299,East,FUR-CHA-40441,Furniture,Chairs,HON Ignition 2.0 Task Chair,316.23,5,0,110.25
2142,CA-2020-012602,2021-07-02,2021-07-05,First Class,CUS-01062,Donald Martin,Consumer,United States,Philadelphia,Pennsylvania,86299,East,FUR-CHA-40441,Furniture,Chairs,HON Ignition 2.0 Task Chair,316.23,5,0,110.25
2143,CA-2020-012602,2021-07-02,2021-07-05,First Class,CUS-01062,Donald Martin,Consumer,United States,Philadelphia,Pennsylvania,86299,East,FUR-CHA-40441,Furniture,Chairs,HON Ignition 2.0 Task Chair,316.23,5,0,110.25
2144,CA-2019-012604,2019-05-03,2019-05-08,Standard Class,CUS-01068,Mark Brown,Consumer,United States,Columbus,Ohio,79536,Central,TEC-ACC-51881,Technology,Accessories,Anker USB-C Hub,414.81,8,0.1,52.05
2145,CA-2019-012604,2019-05-03,2019-05-08,Standard Class,CUS-01068,Mark Brown,Consumer,United States,Columbus,Ohio,79536,Central,TEC-ACC-51881,Technology,Accessories,Anker USB-C Hub,414.81,8,0.1,52.05
2146,CA-2019-012604,2019-05-03,2019-05-08,Standard Class,CUS-01068,Mark Brown,Consumer,United States,Columbus,Ohio,79536,Central,TEC-ACC-51881,Technology,Accessories,Anker USB-C Hub,414.81,8,0.1,52.05
2147,CA-2019-012604,2019-05-03,2019-05-08,Standard Class,CUS-01068,Mark Brown,Consumer,United States,Columbus,Ohio,79536,Central,TEC-ACC-51881,Technology,Accessories,Anker USB-C Hub,414.81,8,0.1,52.05
2148,CA-2022-012607,2020-03-14,2020-03-19,Standard Class,CUS-01050,David Taylor,Consumer,United States,Philadelphia,Pennsylvania,97435,East,TEC-MAC-18912,Technology,Machines,Zebra ZT411 Label Printer,130.49,2,0,19.42
2149,CA-2022-012607,2020-03-14,2020-03-19,Standard Class,CUS-01050,David Taylor,Consumer,United States,Philadelphia,Pennsylvania,97435,East,TEC-MAC-18912,Technology,Machines,Zebra ZT411 Label Printer,130.49,2,0,19.42
2150,CA-2022-012607,2020-03-14,2020-03-19,Standard Class,CUS-01050,David Taylor,Consumer,United States,Philadelphia,Pennsylvania,97435,East,TEC-MAC-18912,Technology,Machines,Zebra ZT411 Label Printer,130.49,2,0,19.42
2151,CA-2022-012607,2020-03-14,2020-03-19,Standard Class,CUS-01050,David Taylor,Consumer,United States,Philadelphia,Pennsylvania,97435,East,TEC-MAC-18912,Technology,Machines,Zebra ZT411 Label Printer,130.49,2,0,19.42
2152,CA-2021-012611,2020-06-21,2020-06-21,Same Day,CUS-01097,Charles Miller,Consumer,United States,Houston,Texas,52006,South,FUR-CHA-98035,Furniture,Chairs,Steelcase Leap V2,1219.43,6,0.4,-140.19
2153,CA-2021-012611,2020-06-21,2020-06-21,Same Day,CUS-01097,Charles Miller,Consumer,United States,Houston,Texas,52006,South,FUR-CHA-98035,Furniture,Chairs,Steelcase Leap V2,1219.43,6,0.4,-140.19
2154,CA-2020-012613,2022-06-13,2022-06-13,Same Day,CUS-01031,Patricia Davis,Consumer,United States,Kansas City,Missouri,19837,Central,FUR-CHA-18694,Furniture,Chairs,Flash Furniture Mesh Chair,407.98,3,0,80.7
2155,CA-2020-012613,2022-06-13,2022-06-13,Same Day,CUS-01031,Patricia Davis,Consumer,United States,Kansas City,Missouri,19837,Central,FUR-CHA-18694,Furniture,Chairs,Flash Furniture Mesh Chair,407.98,3,0,80.7
2156,CA-2020-012613,2022-06-13,2022-06-13,Same Day,CUS-01031,Patricia Davis,Consumer,United States,Kansas City,Missouri,19837,Central,FUR-CHA-18694,Furniture,Chairs,Flash Furniture Mesh Chair,407.98,3,0,80.7
2157,CA-2020-012613,2022-06-13,2022-06-13,Same Day,CUS-01031,Patricia Davis,Consumer,United States,Kansas City,Missouri,19837,Central,FUR-CHA-18694,Furniture,Chairs,Flash Furniture Mesh Chair,407.98,3,0,80.7
2158,CA-2021-012617,2022-08-24,2022-08-27,First Class,CUS-01108,Christopher Martinez,Consumer,United States,Minneapolis,Minnesota,71592,Central,OFF-STO-87274,Office Supplies,Storage,Smead Filing Box,655.34,10,0,155.79
2159,CA-2022-012621,2021-12-27,2022-01-02,Standard Class,CUS-01081,Daniel Anderson,Corporate,United States,Minneapolis,Minnesota,47872,Central,OFF-SUP-51032,Office Supplies,Supplies,Pilot G2 Gel Pen 12-Pack,48.78,6,0.1,13.48
2160,CA-2022-012621,2021-12-27,2022-01-02,Standard Class,CUS-01081,Daniel Anderson,Corporate,United States,Minneapolis,Minnesota,47872,Central,OFF-SUP-51032,Office Supplies,Supplies,Pilot G2 Gel Pen 12-Pack,48.78,6,0.1,13.48
2161,CA-2022-012621,2021-12-27,2022-01-02,Standard Class,CUS-01081,Daniel Anderson,Corporate,United States,Minneapolis,Minnesota,47872,Central,OFF-SUP-51032,Office Supplies,Supplies,Pilot G2 Gel Pen 12-Pack,48.78,6,0.1,13.48
2162,CA-2021-012624,2020-11-17,2020-11-18,Same Day,CUS-01034,Christopher Miller,Home Office,United States,Atlanta,Georgia,90354,South,TEC-ACC-99912,Technology,Accessories,Anker USB-C Hub,156.85,9,0.3,20.67
2163,CA-2021-012624,2020-11-17,2020-11-18,Same Day,CUS-01034,Christopher Miller,Home Office,United States,Atlanta,Georgia,90354,South,TEC-ACC-99912,Technology,Accessories,Anker USB-C Hub,156.85,9,0.3,20.67
2164,CA-2021-012624,2020-11-17,2020-11-18,Same Day,CUS-01034,Christopher Miller,Home Office,United States,Atlanta,Georgia,90354,South,TEC-ACC-99912,Technology,Accessories,Anker USB-C Hub,156.85,9,0.3,20.67
2165,CA-2021-012624,2020-11-17,2020-11-18,Same Day,CUS-01034,Christopher Miller,Home Office,United States,Atlanta,Georgia,90354,South,TEC-ACC-99912,Technology,Accessories,Anker USB-C Hub,156.85,9,0.3,20.67
2166,CA-2020-012626,2020-08-19,2020-08-22,Second Class,CUS-01077,William Clark,Home Office,United States,Dallas,Texas,94866,Central,FUR-BOO-61331,Furniture,Bookcases,Bush Furniture Cabot Bookcase,249.32,5,0.5,-33.03
2167,CA-2020-012626,2020-08-19,2020-08-22,Second Class,CUS-01077,William Clark,Home Office,United States,Dallas,Texas,94866,Central,FUR-BOO-61331,Furniture,Bookcases,Bush Furniture Cabot Bookcase,249.32,5,0.5,-33.03
2168,CA-2021-012627,2019-05-28,2019-05-30,First Class,CUS-01049,Linda Hernandez,Corporate,United States,Houston,Texas,18722,South,TEC-ACC-69606,Technology,Accessories,APC UPS 1500VA,420.72,9,0.2,107.05
2169,CA-2021-012627,2019-05-28,2019-05-30,First Class,CUS-01049,Linda Hernandez,Corporate,United States,Houston,Texas,18722,South,TEC-ACC-69606,Technology,Accessories,APC UPS 1500VA,420.72,9,0.2,107.05
2170,CA-2021-012627,2019-05-28,2019-05-30,First Class,CUS-01049,Linda Hernandez,Corporate,United States,Houston,Texas,18722,South,TEC-ACC-69606,Technology,Accessories,APC UPS 1500VA,420.72,9,0.2,107.05
2171,CA-2021-012627,2019-05-28,2019-05-30,First Class,CUS-01049,Linda Hernandez,Corporate,United States,Houston,Texas,18722,South,TEC-ACC-69606,Technology,Accessories,APC UPS 1500VA,420.72,9,0.2,107.05
2172,CA-2020-012632,2019-04-15,2019-04-16,Same Day,CUS-01077,William Clark,Home Office,United States,Baltimore,Maryland,67301,East,FUR-BOO-28314,Furniture,Bookcases,Bush Furniture Cabot Bookcase,669.12,6,0,44.44
2173,CA-2021-012635,2022-01-28,2022-01-30,First Class,CUS-01101,David Johnson,Home Office,United States,Baltimore,Maryland,36855,East,TEC-MAC-11291,Technology,Machines,Zebra ZT411 Label Printer,516.46,10,0.2,84.53
2174,CA-2021-012635,2022-01-28,2022-01-30,First Class,CUS-01101,David Johnson,Home Office,United States,Baltimore,Maryland,36855,East,TEC-MAC-11291,Technology,Machines,Zebra ZT411 Label Printer,516.46,10,0.2,84.53
2175,CA-2020-012636,2022-06-20,2022-06-23,First Class,CUS-01108,Christopher Martinez,Consumer,United States,Seattle,Washington,13008,West,OFF-ENV-32523,Office Supplies,Envelopes,Quality Park Catalog Envelopes,206.53,7,0.1,55.08
2176,CA-2020-012638,2022-03-15,2022-03-18,First Class,CUS-01016,Matthew Williams,Home Office,United States,Philadelphia,Pennsylvania,63267,East,TEC-COM-89902,Technology,Computers,Apple MacBook Air,1703.43,3,0.1,275.59
2177,CA-2020-012639,2021-06-10,2021-06-11,Same Day,CUS-01028,Sarah Garcia,Corporate,United States,Los Angeles,California,20747,West,FUR-FUR-29711,Furniture,Furnishings,Master Caster Doorstop,201.06,7,0.4,-5.95
2178,CA-2020-012639,2021-06-10,2021-06-11,Same Day,CUS-01028,Sarah Garcia,Corporate,United States,Los Angeles,California,20747,West,FUR-FUR-29711,Furniture,Furnishings,Master Caster Doorstop,201.06,7,0.4,-5.95
2179,CA-2020-012639,2021-06-10,2021-06-11,Same Day,CUS-01028,Sarah Garcia,Corporate,United States,Los Angeles,California,20747,West,FUR-FUR-29711,Furniture,Furnishings,Master Caster Doorstop,201.06,7,0.4,-5.95
2180,CA-2020-012642,2021-06-13,2021-06-16,First Class,CUS-01003,William Clark,Consumer,United States,Nashville,Tennessee,90692,South,FUR-FUR-36931,Furniture,Furnishings,Lorell Dry-Erase Board,23.97,2,0.4,-1.41
2181,CA-2020-012642,2021-06-13,2021-06-16,First Class,CUS-01003,William Clark,Consumer,United States,Nashville,Tennessee,90692,South,FUR-FUR-36931,Furniture,Furnishings,Lorell Dry-Erase Board,23.97,2,0.4,-1.41
2182,CA-2020-012642,2021-06-13,2021-06-16,First Class,CUS-01003,William Clark,Consumer,United States,Nashville,Tennessee,90692,South,FUR-FUR-36931,Furniture,Furnishings,Lorell Dry-Erase Board,23.97,2,0.4,-1.41
2183,CA-2020-012642,2021-06-13,2021-06-16,First Class,CUS-01003,William Clark,Consumer,United States,Nashville,Tennessee,90692,South,FUR-FUR-36931,Furniture,Furnishings,Lorell Dry-Erase Board,23.97,2,0.4,-1.41
2184,CA-2020-012646,2020-10-05,2020-10-08,First Class,CUS-01036,Ashley Jones,Corporate,United States,San Francisco,California,40263,West,FUR-FUR-99979,Furniture,Furnishings,Deflect-O Chair Mat,710.94,4,0,164.15
2185,CA-2022-012648,2020-12-07,2020-12-10,First Class,CUS-01003,William Clark,Consumer,United States,Charlotte,North Carolina,68369,South,FUR-CHA-43413,Furniture,Chairs,Flash Furniture Mesh Chair,432.91,5,0.3,179.5
2186,CA-2022-012648,2020-12-07,2020-12-10,First Class,CUS-01003,William Clark,Consumer,United States,Charlotte,North Carolina,68369,South,FUR-CHA-43413,Furniture,Chairs,Flash Furniture Mesh Chair,432.91,5,0.3,179.5
2187,CA-2022-012648,2020-12-07,2020-12-10,First Class,CUS-01003,William Clark,Consumer,United States,Charlotte,North Carolina,68369,South,FUR-CHA-43413,Furniture,Chairs,Flash Furniture Mesh Chair,432.91,5,0.3,179.5
2188,CA-2022-012653,2019-12-12,2019-12-17,Second Class,CUS-01083,Michael Johnson,Corporate,United States,Los Angeles,California,59996,West,FUR-CHA-21792,Furniture,Chairs,Steelcase Leap V2,1985.26,3,0,587.99
2189,CA-2021-012655,2021-12-11,2021-12-14,First Class,CUS-01020,Joseph Hernandez,Consumer,United States,Dallas,Texas,67133,Central,FUR-TAB-63669,Furniture,Tables,IKEA Bekant Desk,3264.62,9,0,465.95
2190,CA-2019-012656,2022-09-02,2022-09-06,Second Class,CUS-01071,Joseph Lee,Consumer,United States,Charlotte,North Carolina,32010,South,TEC-PHO-88988,Technology,Phones,Samsung Galaxy S22,911.53,2,0,143.68
2191,CA-2019-012656,2022-09-02,2022-09-06,Second Class,CUS-01071,Joseph Lee,Consumer,United States,Charlotte,North Carolina,32010,South,TEC-PHO-88988,Technology,Phones,Samsung Galaxy S22,911.53,2,0,143.68
2192,CA-2019-012661,2022-02-07,2022-02-09,First Class,CUS-01020,Joseph Hernandez,Consumer,United States,Seattle,Washington,11146,West,FUR-TAB-77272,Furniture,Tables,Sauder Palladia Desk,3391.05,9,0,703.72
2193,CA-2019-012661,2022-02-07,2022-02-09,First Class,CUS-01020,Joseph Hernandez,Consumer,United States,Seattle,Washington,11146,West,FUR-TAB-77272,Furniture,Tables,Sauder Palladia Desk,3391.05,9,0,703.72
2194,CA-2019-012665,2019-11-16,2019-11-19,Second Class,CUS-01111,Lisa Taylor,Corporate,United States,Columbus,Ohio,46605,Central,FUR-TAB-32956,Furniture,Tables,Sauder Palladia Desk,2693.01,4,0,824.21
2195,CA-2019-012669,2019-10-06,2019-10-12,Standard Class,CUS-01059,Jennifer Williams,Home Office,United States,Charlotte,North Carolina,82130,South,OFF-APP-71160,Office Supplies,Appliances,ACCO 3-Hole Punch,226.91,9,0.3,82.72
2196,CA-2019-012669,2019-10-06,2019-10-12,Standard Class,CUS-01059,Jennifer Williams,Home Office,United States,Charlotte,North Carolina,82130,South,OFF-APP-71160,Office Supplies,Appliances,ACCO 3-Hole Punch,226.91,9,0.3,82.72
2197,CA-2019-012669,2019-10-06,2019-10-12,Standard Class,CUS-01059,Jennifer Williams,Home Office,United States,Charlotte,North Carolina,82130,South,OFF-APP-71160,Office Supplies,Appliances,ACCO 3-Hole Punch,226.91,9,0.3,82.72
2198,CA-2019-012669,2019-10-06,2019-10-12,Standard Class,CUS-01059,Jennifer Williams,Home Office,United States,Charlotte,North Carolina,82130,South,OFF-APP-71160,Office Supplies,Appliances,ACCO 3-Hole Punch,226.91,9,0.3,82.72
2199,CA-2021-012673,2021-04-14,2021-04-19,Second Class,CUS-01110,Margaret Jones,Home Office,United States,Atlanta,Georgia,14773,South,TEC-PHO-49117,Technology,Phones,Google Pixel 7,440.35,7,0.4,-44.12
2200,CA-2021-012673,2021-04-14,2021-04-19,Second Class,CUS-01110,Margaret Jones,Home Office,United States,Atlanta,Georgia,14773,South,TEC-PHO-49117,Technology,Phones,Google Pixel 7,440.35,7,0.4,-44.12
2201,CA-2021-012673,2021-04-14,2021-04-19,Second Class,CUS-01110,Margaret Jones,Home Office,United States,Atlanta,Georgia,14773,South,TEC-PHO-49117,Technology,Phones,Google Pixel 7,440.35,7,0.4,-44.12
2202,CA-2019-012678,2021-09-24,2021-09-27,Second Class,CUS-01028,Sarah Garcia,Corporate,United States,Atlanta,Georgia,68974,South,OFF-ART-49580,Office Supplies,Art,Sharpie Permanent Markers,14.73,3,0,6.04
2203,CA-2019-012678,2021-09-24,2021-09-27,Second Class,CUS-01028,Sarah Garcia,Corporate,United States,Atlanta,Georgia,68974,South,OFF-ART-49580,Office Supplies,Art,Sharpie Permanent Markers,14.73,3,0,6.04
2204,CA-2019-012678,2021-09-24,2021-09-27,Second Class,CUS-01028,Sarah Garcia,Corporate,United States,Atlanta,Georgia,68974,South,OFF-ART-49580,Office Supplies,Art,Sharpie Permanent Markers,14.73,3,0,6.04
2205,CA-2019-012678,2021-09-24,2021-09-27,Second Class,CUS-01028,Sarah Garcia,Corporate,United States,Atlanta,Georgia,68974,South,OFF-ART-49580,Office Supplies,Art,Sharpie Permanent Markers,14.73,3,0,6.04
2206,CA-2021-012681,2021-03-28,2021-03-29,Same Day,CUS-01048,Karen Thompson,Corporate,United States,Portland,Oregon,27093,West,FUR-CHA-29075,Furniture,Chairs,Steelcase Leap V2,434.99,2,0.2,86.83
2207,CA-2021-012681,2021-03-28,2021-03-29,Same Day,CUS-01048,Karen Thompson,Corporate,United States,Portland,Oregon,27093,West,FUR-CHA-29075,Furniture,Chairs,Steelcase Leap V2,434.99,2,0.2,86.83
2208,CA-2021-012681,2021-03-28,2021-03-29,Same Day,CUS-01048,Karen Thompson,Corporate,United States,Portland,Oregon,27093,West,FUR-CHA-29075,Furniture,Chairs,Steelcase Leap V2,434.99,2,0.2,86.83
2209,CA-2022-012685,2022-08-31,2022-08-31,Same Day,CUS-01077,William Clark,Home Office,United States,Minneapolis,Minnesota,77182,Central,OFF-STO-72843,Office Supplies,Storage,Avery Lateral File,46.48,6,0.1,8.1
2210,CA-2022-012685,2022-08-31,2022-08-31,Same Day,CUS-01077,William Clark,Home Office,United States,Minneapolis,Minnesota,77182,Central,OFF-STO-72843,Office Supplies,Storage,Avery Lateral File,46.48,6,0.1,8.1
2211,CA-2019-012689,2019-10-26,2019-10-28,First Class,CUS-01004,Jennifer Lee,Corporate,United States,Phoenix,Arizona,58662,West,TEC-COP-53783,Technology,Copiers,Xerox B210,2346.8,8,0.3,701.01
2212,CA-2019-012689,2019-10-26,2019-10-28,First Class,CUS-01004,Jennifer Lee,Corporate,United States,Phoenix,Arizona,58662,West,TEC-COP-53783,Technology,Copiers,Xerox B210,2346.8,8,0.3,701.01
2213,CA-2019-012689,2019-10-26,2019-10-28,First Class,CUS-01004,Jennifer Lee,Corporate,United States,Phoenix,Arizona,58662,West,TEC-COP-53783,Technology,Copiers,Xerox B210,2346.8,8,0.3,701.01
2214,CA-2021-012690,2021-11-24,2021-11-30,Standard Class,CUS-01098,Patricia Clark,Corporate,United States,Charlotte,North Carolina,77367,South,TEC-MAC-84232,Technology,Machines,Fellowes Powershred 79Ci,122.01,3,0.4,-11.11
2215,CA-2021-012690,2021-11-24,2021-11-30,Standard Class,CUS-01098,Patricia Clark,Corporate,United States,Charlotte,North Carolina,77367,South,TEC-MAC-84232,Technology,Machines,Fellowes Powershred 79Ci,122.01,3,0.4,-11.11
2216,CA-2021-012690,2021-11-24,2021-11-30,Standard Class,CUS-01098,Patricia Clark,Corporate,United States,Charlotte,North Carolina,77367,South,TEC-MAC-84232,Technology,Machines,Fellowes Powershred 79Ci,122.01,3,0.4,-11.11
2217,CA-2021-012690,2021-11-24,2021-11-30,Standard Class,CUS-01098,Patricia Clark,Corporate,United States,Charlotte,North Carolina,77367,South,TEC-MAC-84232,Technology,Machines,Fellowes Powershred 79Ci,122.01,3,0.4,-11.11
2218,CA-2021-012691,2019-10-19,2019-10-22,Second Class,CUS-01079,Anthony Miller,Consumer,United States,Miami,Florida,61694,South,TEC-PHO-49703,Technology,Phones,Apple iPhone 14,285.0,3,0.1,61.95
2219,CA-2021-012691,2019-10-19,2019-10-22,Second Class,CUS-01079,Anthony Miller,Consumer,United States,Miami,Florida,61694,South,TEC-PHO-49703,Technology,Phones,Apple iPhone 14,285.0,3,0.1,61.95
2220,CA-2022-012693,2021-05-24,2021-05-26,First Class,CUS-01001,Linda Smith,Home Office,United States,Philadelphia,Pennsylvania,14910,East,FUR-FUR-38717,Furniture,Furnishings,Deflect-O Chair Mat,36.18,3,0.5,-1.73
2221,CA-2022-012693,2021-05-24,2021-05-26,First Class,CUS-01001,Linda Smith,Home Office,United States,Philadelphia,Pennsylvania,14910,East,FUR-FUR-38717,Furniture,Furnishings,Deflect-O Chair Mat,36.18,3,0.5,-1.73
2222,CA-2022-012693,2021-05-24,2021-05-26,First Class,CUS-01001,Linda Smith,Home Office,United States,Philadelphia,Pennsylvania,14910,East,FUR-FUR-38717,Furniture,Furnishings,Deflect-O Chair Mat,36.18,3,0.5,-1.73
2223,CA-2022-012693,2021-05-24,2021-05-26,First Class,CUS-01001,Linda Smith,Home Office,United States,Philadelphia,Pennsylvania,14910,East,FUR-FUR-38717,Furniture,Furnishings,Deflect-O Chair Mat,36.18,3,0.5,-1.73
2224,CA-2021-012695,2021-02-01,2021-02-02,Same Day,CUS-01074,John Lopez,Consumer,United States,Minneapolis,Minnesota,79036,Central,TEC-MAC-99469,Technology,Machines,Fellowes Powershred 79Ci,1704.85,10,0.1,239.5
2225,CA-2022-012700,2020-07-11,2020-07-14,First Class,CUS-01064,Sandra Miller,Home Office,United States,Houston,Texas,87554,South,FUR-BOO-29394,Furniture,Bookcases,Bush Furniture Cabot Bookcase,395.92,4,0.1,93.33
2226,CA-2022-012700,2020-07-11,2020-07-14,First Class,CUS-01064,Sandra Miller,Home Office,United States,Houston,Texas,87554,South,FUR-BOO-29394,Furniture,Bookcases,Bush Furniture Cabot Bookcase,395.92,4,0.1,93.33
2227,CA-2019-012704,2021-11-01,2021-11-04,First Class,CUS-01096,Emily Jones,Consumer,United States,Charlotte,North Carolina,84261,South,FUR-BOO-41784,Furniture,Bookcases,Bush Furniture Cabot Bookcase,848.87,8,0,305.58
2228,CA-2022-012709,2021-06-04,2021-06-08,Second Class,CUS-01061,William Jones,Home Office,United States,Boston,Massachusetts,58546,East,TEC-ACC-73769,Technology,Accessories,Anker USB-C Hub,264.85,8,0.4,-37.79
2229,CA-2022-012709,2021-06-04,2021-06-08,Second Class,CUS-01061,William Jones,Home Office,United States,Boston,Massachusetts,58546,East,TEC-ACC-73769,Technology,Accessories,Anker USB-C Hub,264.85,8,0.4,-37.79
2230,CA-2022-012709,2021-06-04,2021-06-08,Second Class,CUS-01061,William Jones,Home Office,United States,Boston,Massachusetts,58546,East,TEC-ACC-73769,Technology,Accessories,Anker USB-C Hub,264.85,8,0.4,-37.79
2231,CA-2022-012709,2021-06-04,2021-06-08,Second Class,CUS-01061,William Jones,Home Office,United States,Boston,Massachusetts,58546,East,TEC-ACC-73769,Technology,Accessories,Anker USB-C Hub,264.85,8,0.4,-37.79
2232,CA-2022-012713,2020-08-09,2020-08-14,Second Class,CUS-01103,Robert White,Consumer,United States,San Francisco,California,30865,West,OFF-ENV-20863,Office Supplies,Envelopes,Staples 10-Envelope Box,5.11,2,0,0.56
2233,CA-2022-012713,2020-08-09,2020-08-14,Second Class,CUS-01103,Robert White,Consumer,United States,San Francisco,California,30865,West,OFF-ENV-20863,Office Supplies,Envelopes,Staples 10-Envelope Box,5.11,2,0,0.56
2234,CA-2022-012713,2020-08-09,2020-08-14,Second Class,CUS-01103,Robert White,Consumer,United States,San Francisco,California,30865,West,OFF-ENV-20863,Office Supplies,Envelopes,Staples 10-Envelope Box,5.11,2,0,0.56
2235,CA-2022-012713,2020-08-09,2020-08-14,Second Class,CUS-01103,Robert White,Consumer,United States,San Francisco,California,30865,West,OFF-ENV-20863,Office Supplies,Envelopes,Staples 10-Envelope Box,5.11,2,0,0.56
2236,CA-2022-012715,2022-11-29,2022-12-02,Second Class,CUS-01001,Linda Smith,Home Office,United States,Atlanta,Georgia,14284,South,TEC-ACC-98963,Technology,Accessories,Belkin Surge Protector,350.89,6,0,23.22
2237,CA-2022-012715,2022-11-29,2022-12-02,Second Class,CUS-01001,Linda Smith,Home Office,United States,Atlanta,Georgia,14284,South,TEC-ACC-98963,Technology,Accessories,Belkin Surge Protector,350.89,6,0,23.22
2238,CA-2022-012715,2022-11-29,2022-12-02,Second Class,CUS-01001,Linda Smith,Home Office,United States,Atlanta,Georgia,14284,South,TEC-ACC-98963,Technology,Accessories,Belkin Surge Protector,350.89,6,0,23.22
2239,CA-2021-012716,2019-03-21,2019-03-26,Standard Class,CUS-01079,Anthony Miller,Consumer,United States,Philadelphia,Pennsylvania,32273,East,FUR-FUR-45039,Furniture,Furnishings,Deflect-O Chair Mat,394.15,10,0,150.85
2240,CA-2021-012716,2019-03-21,2019-03-26,Standard Class,CUS-01079,Anthony Miller,Consumer,United States,Philadelphia,Pennsylvania,32273,East,FUR-FUR-45039,Furniture,Furnishings,Deflect-O Chair Mat,394.15,10,0,150.85
2241,CA-2021-012716,2019-03-21,2019-03-26,Standard Class,CUS-01079,Anthony Miller,Consumer,United States,Philadelphia,Pennsylvania,32273,East,FUR-FUR-45039,Furniture,Furnishings,Deflect-O Chair Mat,394.15,10,0,150.85
2242,CA-2020-012717,2021-08-04,2021-08-06,First Class,CUS-01083,Michael Johnson,Corporate,United States,Baltimore,Maryland,89493,East,TEC-ACC-61562,Technology,Accessories,Logitech MX Master Mouse,107.2,3,0.5,-20.05
2243,CA-2020-012717,2021-08-04,2021-08-06,First Class,CUS-01083,Michael Johnson,Corporate,United States,Baltimore,Maryland,89493,East,TEC-ACC-61562,Technology,Accessories,Logitech MX Master Mouse,107.2,3,0.5,-20.05
2244,CA-2020-012717,2021-08-04,2021-08-06,First Class,CUS-01083,Michael Johnson,Corporate,United States,Baltimore,Maryland,89493,East,TEC-ACC-61562,Technology,Accessories,Logitech MX Master Mouse,107.2,3,0.5,-20.05
2245,CA-2021-012718,2022-08-31,2022-09-01,Same Day,CUS-01104,Margaret Brown,Home Office,United States,San Francisco,California,97327,West,FUR-TAB-70461,Furniture,Tables,IKEA Bekant Desk,707.56,3,0,57.87
2246,CA-2020-012721,2021-07-08,2021-07-11,Second Class,CUS-01093,Patricia Garcia,Corporate,United States,Boston,Massachusetts,53611,East,OFF-ENV-73123,Office Supplies,Envelopes,Quality Park Catalog Envelopes,16.75,2,0.2,7.12
2247,CA-2020-012721,2021-07-08,2021-07-11,Second Class,CUS-01093,Patricia Garcia,Corporate,United States,Boston,Massachusetts,53611,East,OFF-ENV-73123,Office Supplies,Envelopes,Quality Park Catalog Envelopes,16.75,2,0.2,7.12
2248,CA-2022-012722,2021-01-15,2021-01-19,Second Class,CUS-01025,Karen Harris,Home Office,United States,Chicago,Illinois,16411,Central,TEC-ACC-34453,Technology,Accessories,APC UPS 1500VA,328.21,8,0.4,-59.65
2249,CA-2022-012722,2021-01-15,2021-01-19,Second Class,CUS-01025,Karen Harris,Home Office,United States,Chicago,Illinois,16411,Central,TEC-ACC-34453,Technology,Accessories,APC UPS 1500VA,328.21,8,0.4,-59.65
2250,CA-2022-012722,2021-01-15,2021-01-19,Second Class,CUS-01025,Karen Harris,Home Office,United States,Chicago,Illinois,16411,Central,TEC-ACC-34453,Technology,Accessories,APC UPS 1500VA,328.21,8,0.4,-59.65
2251,CA-2022-012723,2020-10-31,2020-11-01,Same Day,CUS-01118,Lisa Perez,Home Office,United States,Los Angeles,California,31519,West,FUR-FUR-73818,Furniture,Furnishings,Deflect-O Chair Mat,502.02,6,0,33.54
2252,CA-2022-012723,2020-10-31,2020-11-01,Same Day,CUS-01118,Lisa Perez,Home Office,United States,Los Angeles,California,31519,West,FUR-FUR-73818,Furniture,Furnishings,Deflect-O Chair Mat,502.02,6,0,33.54
2253,CA-2020-012725,2022-05-21,2022-05-22,Same Day,CUS-01117,David Taylor,Home Office,United States,Seattle,Washington,64771,West,TEC-PHO-54952,Technology,Phones,Google Pixel 7,1049.17,6,0.3,53.61
2254,CA-2020-012725,2022-05-21,2022-05-22,Same Day,CUS-01117,David Taylor,Home Office,United States,Seattle,Washington,64771,West,TEC-PHO-54952,Technology,Phones,Google Pixel 7,1049.17,6,0.3,53.61
2255,CA-2020-012725,2022-05-21,2022-05-22,Same Day,CUS-01117,David Taylor,Home Office,United States,Seattle,Washington,64771,West,TEC-PHO-54952,Technology,Phones,Google Pixel 7,1049.17,6,0.3,53.61
2256,CA-2020-012725,2022-05-21,2022-05-22,Same Day,CUS-01117,David Taylor,Home Office,United States,Seattle,Washington,64771,West,TEC-PHO-54952,Technology,Phones,Google Pixel 7,1049.17,6,0.3,53.61
2257,CA-2020-012730,2019-10-30,2019-11-02,First Class,CUS-01068,Mark Brown,Consumer,United States,Nashville,Tennessee,87396,South,OFF-LAB-15167,Office Supplies,Labels,Staples Multipurpose Labels,37.3,10,0.2,9.9
2258,CA-2020-012730,2019-10-30,2019-11-02,First Class,CUS-01068,Mark Brown,Consumer,United States,Nashville,Tennessee,87396,South,OFF-LAB-15167,Office Supplies,Labels,Staples Multipurpose Labels,37.3,10,0.2,9.9
2259,CA-2020-012730,2019-10-30,2019-11-02,First Class,CUS-01068,Mark Brown,Consumer,United States,Nashville,Tennessee,87396,South,OFF-LAB-15167,Office Supplies,Labels,Staples Multipurpose Labels,37.3,10,0.2,9.9
2260,CA-2020-012730,2019-10-30,2019-11-02,First Class,CUS-01068,Mark Brown,Consumer,United States,Nashville,Tennessee,87396,South,OFF-LAB-15167,Office Supplies,Labels,Staples Multipurpose Labels,37.3,10,0.2,9.9
2261,CA-2019-012732,2020-11-12,2020-11-18,Standard Class,CUS-01076,Emily Miller,Home Office,United States,Baltimore,Maryland,64689,East,FUR-TAB-87449,Furniture,Tables,Sauder Palladia Desk,1174.55,5,0.2,477.58
2262,CA-2020-012735,2020-06-04,2020-06-05,Same Day,CUS-01001,Linda Smith,Home Office,United States,Los Angeles,California,39071,West,FUR-TAB-10294,Furniture,Tables,Sauder Palladia Desk,181.99,2,0.2,48.06
2263,CA-2020-012735,2020-06-04,2020-06-05,Same Day,CUS-01001,Linda Smith,Home Office,United States,Los Angeles,California,39071,West,FUR-TAB-10294,Furniture,Tables,Sauder Palladia Desk,181.99,2,0.2,48.06
2264,CA-2020-012735,2020-06-04,2020-06-05,Same Day,CUS-01001,Linda Smith,Home Office,United States,Los Angeles,California,39071,West,FUR-TAB-10294,Furniture,Tables,Sauder Palladia Desk,181.99,2,0.2,48.06
2265,CA-2020-012735,2020-06-04,2020-06-05,Same Day,CUS-01001,Linda Smith,Home Office,United States,Los Angeles,California,39071,West,FUR-TAB-10294,Furniture,Tables,Sauder Palladia Desk,181.99,2,0.2,48.06
2266,CA-2019-012740,2022-08-03,2022-08-05,First Class,CUS-01064,Sandra Miller,Home Office,United States,Phoenix,Arizona,96676,West,OFF-FAS-40780,Office Supplies,Fasteners,Swingline Heavy Duty Stapler,134.71,7,0.3,16.29
2267,CA-2019-012740,2022-08-03,2022-08-05,First Class,CUS-01064,Sandra Miller,Home Office,United States,Phoenix,Arizona,96676,West,OFF-FAS-40780,Office Supplies,Fasteners,Swingline Heavy Duty Stapler,134.71,7,0.3,16.29
2268,CA-2019-012745,2019-06-13,2019-06-15,First Class,CUS-01062,Donald Martin,Consumer,United States,New York,New York,27023,East,OFF-FAS-96174,Office Supplies,Fasteners,Swingline Heavy Duty Stapler,15.59,5,0.4,-0.9
2269,CA-2019-012745,2019-06-13,2019-06-15,First Class,CUS-01062,Donald Martin,Consumer,United States,New York,New York,27023,East,OFF-FAS-96174,Office Supplies,Fasteners,Swingline Heavy Duty Stapler,15.59,5,0.4,-0.9
2270,CA-2019-012745,2019-06-13,2019-06-15,First Class,CUS-01062,Donald Martin,Consumer,United States,New York,New York,27023,East,OFF-FAS-96174,Office Supplies,Fasteners,Swingline Heavy Duty Stapler,15.59,5,0.4,-0.9
2271,CA-2019-012745,2019-06-13,2019-06-15,First Class,CUS-01062,Donald Martin,Consumer,United States,New York,New York,27023,East,OFF-FAS-96174,Office Supplies,Fasteners,Swingline Heavy Duty Stapler,15.59,5,0.4,-0.9
2272,CA-2020-012749,2021-01-10,2021-01-16,Standard Class,CUS-01040,Betty Davis,Consumer,United States,New York,New York,30390,East,TEC-PHO-18648,Technology,Phones,Samsung Galaxy S22,1222.08,5,0,116.52
2273,CA-2020-012749,2021-01-10,2021-01-16,Standard Class,CUS-01040,Betty Davis,Consumer,United States,New York,New York,30390,East,TEC-PHO-18648,Technology,Phones,Samsung Galaxy S22,1222.08,5,0,116.52
2274,CA-2020-012749,2021-01-10,2021-01-16,Standard Class,CUS-01040,Betty Davis,Consumer,United States,New York,New York,30390,East,TEC-PHO-18648,Technology,Phones,Samsung Galaxy S22,1222.08,5,0,116.52
2275,CA-2020-012749,2021-01-10,2021-01-16,Standard Class,CUS-01040,Betty Davis,Consumer,United States,New York,New York,30390,East,TEC-PHO-18648,Technology,Phones,Samsung Galaxy S22,1222.08,5,0,116.52
2276,CA-2021-012751,2021-10-21,2021-10-21,Same Day,CUS-01062,Donald Martin,Consumer,United States,Chicago,Illinois,56695,Central,TEC-ACC-60840,Technology,Accessories,Anker USB-C Hub,1466.96,9,0.2,498.95
2277,CA-2019-012752,2019-10-26,2019-10-28,First Class,CUS-01067,Betty Taylor,Home Office,United States,Portland,Oregon,92781,West,FUR-CHA-61023,Furniture,Chairs,Herman Miller Aeron,1279.35,7,0,477.08
2278,CA-2019-012752,2019-10-26,2019-10-28,First Class,CUS-01067,Betty Taylor,Home Office,United States,Portland,Oregon,92781,West,FUR-CHA-61023,Furniture,Chairs,Herman Miller Aeron,1279.35,7,0,477.08
2279,CA-2019-012752,2019-10-26,2019-10-28,First Class,CUS-01067,Betty Taylor,Home Office,United States,Portland,Oregon,92781,West,FUR-CHA-61023,Furniture,Chairs,Herman Miller Aeron,1279.35,7,0,477.08
2280,CA-2019-012752,2019-10-26,2019-10-28,First Class,CUS-01067,Betty Taylor,Home Office,United States,Portland,Oregon,92781,West,FUR-CHA-61023,Furniture,Chairs,Herman Miller Aeron,1279.35,7,0,477.08
2281,CA-2020-012754,2020-01-25,2020-01-25,Same Day,CUS-01096,Emily Jones,Consumer,United States,Portland,Oregon,83067,West,FUR-FUR-94217,Furniture,Furnishings,Master Caster Doorstop,79.18,1,0,18.3
2282,CA-2021-012756,2022-09-23,2022-09-26,First Class,CUS-01054,David Martin,Home Office,United States,Boston,Massachusetts,70749,East,TEC-COM-87941,Technology,Computers,Dell Inspiron 15,751.81,2,0,179.96
2283,CA-2021-012756,2022-09-23,2022-09-26,First Class,CUS-01054,David Martin,Home Office,United States,Boston,Massachusetts,70749,East,TEC-COM-87941,Technology,Computers,Dell Inspiron 15,751.81,2,0,179.96
2284,CA-2021-012756,2022-09-23,2022-09-26,First Class,CUS-01054,David Martin,Home Office,United States,Boston,Massachusetts,70749,East,TEC-COM-87941,Technology,Computers,Dell Inspiron 15,751.81,2,0,179.96
2285,CA-2019-012757,2019-03-08,2019-03-10,First Class,CUS-01040,Betty Davis,Consumer,United States,Miami,Florida,15103,South,TEC-PHO-97139,Technology,Phones,Google Pixel 7,1395.69,3,0.2,525.17
2286,CA-2019-012757,2019-03-08,2019-03-10,First Class,CUS-01040,Betty Davis,Consumer,United States,Miami,Florida,15103,South,TEC-PHO-97139,Technology,Phones,Google Pixel 7,1395.69,3,0.2,525.17
2287,CA-2021-012762,2021-04-23,2021-04-30,Standard Class,CUS-01047,Linda White,Home Office,United States,Baltimore,Maryland,50420,East,OFF-FAS-12979,Office Supplies,Fasteners,Acme Scissors,22.44,5,0.3,2.78
2288,CA-2020-012765,2022-05-19,2022-05-25,Standard Class,CUS-01015,Ashley Martin,Consumer,United States,Boston,Massachusetts,53749,East,FUR-CHA-85551,Furniture,Chairs,Steelcase Leap V2,156.58,2,0.1,10.9
2289,CA-2020-012765,2022-05-19,2022-05-25,Standard Class,CUS-01015,Ashley Martin,Consumer,United States,Boston,Massachusetts,53749,East,FUR-CHA-85551,Furniture,Chairs,Steelcase Leap V2,156.58,2,0.1,10.9
2290,CA-2020-012765,2022-05-19,2022-05-25,Standard Class,CUS-01015,Ashley Martin,Consumer,United States,Boston,Massachusetts,53749,East,FUR-CHA-85551,Furniture,Chairs,Steelcase Leap V2,156.58,2,0.1,10.9
2291,CA-2019-012770,2022-03-28,2022-03-31,First Class,CUS-01013,Michael Gonzalez,Corporate,United States,Houston,Texas,50880,South,FUR-CHA-45264,Furniture,Chairs,Herman Miller Aeron,2067.86,3,0,181.41
2292,CA-2019-012775,2019-03-29,2019-03-30,Same Day,CUS-01052,Michael Thompson,Corporate,United States,Boston,Massachusetts,30815,East,OFF-SUP-20749,Office Supplies,Supplies,Pilot G2 Gel Pen 12-Pack,35.06,3,0,10.6
2293,CA-2022-012779,2022-12-21,2022-12-24,Second Class,CUS-01095,Ashley Hernandez,Corporate,United States,Portland,Oregon,10692,West,OFF-SUP-85588,Office Supplies,Supplies,Dixon Ticonderoga Pencils,47.32,4,0.5,-6.37
2294,CA-2022-012781,2022-06-09,2022-06-09,Same Day,CUS-01106,John Perez,Consumer,United States,Minneapolis,Minnesota,27853,Central,FUR-FUR-47704,Furniture,Furnishings,Lorell Dry-Erase Board,206.23,10,0,68.63
2295,CA-2022-012781,2022-06-09,2022-06-09,Same Day,CUS-01106,John Perez,Consumer,United States,Minneapolis,Minnesota,27853,Central,FUR-FUR-47704,Furniture,Furnishings,Lorell Dry-Erase Board,206.23,10,0,68.63
2296,CA-2022-012781,2022-06-09,2022-06-09,Same Day,CUS-01106,John Perez,Consumer,United States,Minneapolis,Minnesota,27853,Central,FUR-FUR-47704,Furniture,Furnishings,Lorell Dry-Erase Board,206.23,10,0,68.63
2297,CA-2022-012783,2019-08-23,2019-08-23,Same Day,CUS-01096,Emily Jones,Consumer,United States,Dallas,Texas,85578,Central,TEC-MAC-97952,Technology,Machines,Zebra ZT411 Label Printer,160.7,1,0.1,72.2
2298,CA-2019-012784,2019-09-30,2019-10-04,Second Class,CUS-01015,Ashley Martin,Consumer,United States,Philadelphia,Pennsylvania,24519,East,OFF-BIN-24018,Office Supplies,Binders,Cardinal EasyOpen Binder,100.27,8,0,10.91
2299,CA-2021-012788,2021-04-21,2021-04-22,Same Day,CUS-01057,Betty Hernandez,Consumer,United States,Seattle,Washington,37103,West,FUR-BOO-97275,Furniture,Bookcases,Bush Furniture Cabot Bookcase,205.24,4,0.5,-25.2
2300,CA-2021-012788,2021-04-21,2021-04-22,Same Day,CUS-01057,Betty Hernandez,Consumer,United States,Seattle,Washington,37103,West,FUR-BOO-97275,Furniture,Bookcases,Bush Furniture Cabot Bookcase,205.24,4,0.5,-25.2
2301,CA-2021-012788,2021-04-21,2021-04-22,Same Day,CUS-01057,Betty Hernandez,Consumer,United States,Seattle,Washington,37103,West,FUR-BOO-97275,Furniture,Bookcases,Bush Furniture Cabot Bookcase,205.24,4,0.5,-25.2
2302,CA-2022-012791,2020-05-31,2020-06-06,Standard Class,CUS-01060,Emily Williams,Home Office,United States,Los Angeles,California,17810,West,OFF-STO-47889,Office Supplies,Storage,Bankers Box Stor/File,14.77,2,0.2,1.57
2303,CA-2022-012791,2020-05-31,2020-06-06,Standard Class,CUS-01060,Emily Williams,Home Office,United States,Los Angeles,California,17810,West,OFF-STO-47889,Office Supplies,Storage,Bankers Box Stor/File,14.77,2,0.2,1.57
2304,CA-2022-012791,2020-05-31,2020-06-06,Standard Class,CUS-01060,Emily Williams,Home Office,United States,Los Angeles,California,17810,West,OFF-STO-47889,Office Supplies,Storage,Bankers Box Stor/File,14.77,2,0.2,1.57
2305,CA-2020-012792,2019-01-29,2019-01-29,Same Day,CUS-01076,Emily Miller,Home Office,United States,Miami,Florida,49740,South,OFF-LAB-36335,Office Supplies,Labels,Staples Multipurpose Labels,21.38,5,0.5,-4.65
2306,CA-2020-012792,2019-01-29,2019-01-29,Same Day,CUS-01076,Emily Miller,Home Office,United States,Miami,Florida,49740,South,OFF-LAB-36335,Office Supplies,Labels,Staples Multipurpose Labels,21.38,5,0.5,-4.65
2307,CA-2020-012792,2019-01-29,2019-01-29,Same Day,CUS-01076,Emily Miller,Home Office,United States,Miami,Florida,49740,South,OFF-LAB-36335,Office Supplies,Labels,Staples Multipurpose Labels,21.38,5,0.5,-4.65
2308,CA-2020-012796,2020-03-27,2020-03-27,Same Day,CUS-01003,William Clark,Consumer,United States,Portland,Oregon,60407,West,TEC-MAC-94133,Technology,Machines,Fellowes Powershred 79Ci,226.79,2,0.2,76.77
2309,CA-2020-012796,2020-03-27,2020-03-27,Same Day,CUS-01003,William Clark,Consumer,United States,Portland,Oregon,60407,West,TEC-MAC-94133,Technology,Machines,Fellowes Powershred 79Ci,226.79,2,0.2,76.77
2310,CA-2020-012796,2020-03-27,2020-03-27,Same Day,CUS-01003,William Clark,Consumer,United States,Portland,Oregon,60407,West,TEC-MAC-94133,Technology,Machines,Fellowes Powershred 79Ci,226.79,2,0.2,76.77
2311,CA-2019-012800,2022-09-10,2022-09-13,First Class,CUS-01003,William Clark,Consumer,United States,Washington,District of Columbia,24040,East,TEC-ACC-42020,Technology,Accessories,Belkin Surge Protector,1730.79,9,0,520.98
2312,CA-2020-012803,2020-11-01,2020-11-02,Same Day,CUS-01001,Linda Smith,Home Office,United States,Atlanta,Georgia,34559,South,TEC-ACC-42921,Technology,Accessories,APC UPS 1500VA,266.81,5,0.1,80.45
2313,CA-2020-012803,2020-11-01,2020-11-02,Same Day,CUS-01001,Linda Smith,Home Office,United States,Atlanta,Georgia,34559,South,TEC-ACC-42921,Technology,Accessories,APC UPS 1500VA,266.81,5,0.1,80.45
2314,CA-2020-012803,2020-11-01,2020-11-02,Same Day,CUS-01001,Linda Smith,Home Office,United States,Atlanta,Georgia,34559,South,TEC-ACC-42921,Technology,Accessories,APC UPS 1500VA,266.81,5,0.1,80.45
2315,CA-2019-012804,2021-08-24,2021-08-27,Second Class,CUS-01042,Linda Jones,Home Office,United States,Boston,Massachusetts,56777,East,FUR-TAB-53703,Furniture,Tables,Realspace Magellan Corner Desk,3529.15,7,0,1150.12
2316,CA-2020-012808,2021-04-21,2021-04-26,Standard Class,CUS-01060,Emily Williams,Home Office,United States,Nashville,Tennessee,19516,South,TEC-MAC-27789,Technology,Machines,Dymo LabelWriter 450,606.47,4,0.1,120.29
2317,CA-2021-012810,2022-04-18,2022-04-18,Same Day,CUS-01036,Ashley Jones,Corporate,United States,Atlanta,Georgia,22252,South,FUR-TAB-25568,Furniture,Tables,Realspace Magellan Corner Desk,289.27,5,0.1,19.57
2318,CA-2021-012810,2022-04-18,2022-04-18,Same Day,CUS-01036,Ashley Jones,Corporate,United States,Atlanta,Georgia,22252,South,FUR-TAB-25568,Furniture,Tables,Realspace Magellan Corner Desk,289.27,5,0.1,19.57
2319,CA-2021-012810,2022-04-18,2022-04-18,Same Day,CUS-01036,Ashley Jones,Corporate,United States,Atlanta,Georgia,22252,South,FUR-TAB-25568,Furniture,Tables,Realspace Magellan Corner Desk,289.27,5,0.1,19.57
2320,CA-2020-012811,2021-09-29,2021-10-03,Second Class,CUS-01114,Jessica Jackson,Corporate,United States,Chicago,Illinois,21627,Central,OFF-LAB-46394,Office Supplies,Labels,Maco Laser Labels,10.51,6,0.3,3.69
2321,CA-2020-012811,2021-09-29,2021-10-03,Second Class,CUS-01114,Jessica Jackson,Corporate,United States,Chicago,Illinois,21627,Central,OFF-LAB-46394,Office Supplies,Labels,Maco Laser Labels,10.51,6,0.3,3.69
2322,CA-2019-012812,2022-07-08,2022-07-15,Standard Class,CUS-01036,Ashley Jones,Corporate,United States,Seattle,Washington,30572,West,TEC-PHO-35671,Technology,Phones,Samsung Galaxy S22,4105.11,4,0,689.66
2323,CA-2022-012813,2022-06-20,2022-06-23,Second Class,CUS-01016,Matthew Williams,Home Office,United States,San Francisco,California,92199,West,FUR-FUR-18292,Furniture,Furnishings,Deflect-O Chair Mat,120.03,3,0.5,-12.08
2324,CA-2022-012813,2022-06-20,2022-06-23,Second Class,CUS-01016,Matthew Williams,Home Office,United States,San Francisco,California,92199,West,FUR-FUR-18292,Furniture,Furnishings,Deflect-O Chair Mat,120.03,3,0.5,-12.08
2325,CA-2021-012815,2021-12-27,2022-01-01,Second Class,CUS-01108,Christopher Martinez,Consumer,United States,Houston,Texas,21118,South,TEC-COM-30150,Technology,Computers,Dell Inspiron 15,3087.24,7,0.1,1018.4
2326,CA-2021-012815,2021-12-27,2022-01-01,Second Class,CUS-01108,Christopher Martinez,Consumer,United States,Houston,Texas,21118,South,TEC-COM-30150,Technology,Computers,Dell Inspiron 15,3087.24,7,0.1,1018.4
2327,CA-2021-012816,2022-02-10,2022-02-13,First Class,CUS-01021,Joseph Brown,Corporate,United States,Portland,Oregon,65690,West,TEC-MAC-46592,Technology,Machines,Dymo LabelWriter 450,1823.97,10,0.1,766.95
2328,CA-2020-012821,2020-08-28,2020-08-29,Same Day,CUS-01119,James White,Home Office,United States,Washington,District of Columbia,25118,East,OFF-ART-40112,Office Supplies,Art,Crayola Colored Pencils,76.4,9,0,20.93
2329,CA-2020-012821,2020-08-28,2020-08-29,Same Day,CUS-01119,James White,Home Office,United States,Washington,District of Columbia,25118,East,OFF-ART-40112,Office Supplies,Art,Crayola Colored Pencils,76.4,9,0,20.93
2330,CA-2020-012821,2020-08-28,2020-08-29,Same Day,CUS-01119,James White,Home Office,United States,Washington,District of Columbia,25118,East,OFF-ART-40112,Office Supplies,Art,Crayola Colored Pencils,76.4,9,0,20.93
2331,CA-2020-012821,2020-08-28,2020-08-29,Same Day,CUS-01119,James White,Home Office,United States,Washington,District of Columbia,25118,East,OFF-ART-40112,Office Supplies,Art,Crayola Colored Pencils,76.4,9,0,20.93
2332,CA-2020-012825,2021-11-26,2021-12-01,Second Class,CUS-01113,Michael Williams,Home Office,United States,Seattle,Washington,41520,West,TEC-MAC-81259,Technology,Machines,Fellowes Powershred 79Ci,1629.57,4,0,302.52
2333,CA-2021-012826,2020-11-11,2020-11-14,Second Class,CUS-01006,Jessica Davis,Home Office,United States,Charlotte,North Carolina,36909,South,TEC-COM-77889,Technology,Computers,Dell Inspiron 15,4847.61,8,0,1060.89
2334,CA-2021-012829,2019-12-04,2019-12-07,First Class,CUS-01004,Jennifer Lee,Corporate,United States,New York,New York,13581,East,OFF-BIN-13977,Office Supplies,Binders,Mead Flex Binder,9.13,3,0,0.76
2335,CA-2021-012829,2019-12-04,2019-12-07,First Class,CUS-01004,Jennifer Lee,Corporate,United States,New York,New York,13581,East,OFF-BIN-13977,Office Supplies,Binders,Mead Flex Binder,9.13,3,0,0.76
2336,CA-2022-012833,2021-06-18,2021-06-20,First Class,CUS-01101,David Johnson,Home Office,United States,Philadelphia,Pennsylvania,56312,East,FUR-FUR-25093,Furniture,Furnishings,Lorell Dry-Erase Board,367.86,9,0.2,129.12
2337,CA-2022-012833,2021-06-18,2021-06-20,First Class,CUS-01101,David Johnson,Home Office,United States,Philadelphia,Pennsylvania,56312,East,FUR-FUR-25093,Furniture,Furnishings,Lorell Dry-Erase Board,367.86,9,0.2,129.12
2338,CA-2022-012833,2021-06-18,2021-06-20,First Class,CUS-01101,David Johnson,Home Office,United States,Philadelphia,Pennsylvania,56312,East,FUR-FUR-25093,Furniture,Furnishings,Lorell Dry-Erase Board,367.86,9,0.2,129.12
2339,CA-2020-012834,2022-01-22,2022-01-27,Second Class,CUS-01086,Mark Jones,Corporate,United States,Miami,Florida,74374,South,OFF-PAP-33032,Office Supplies,Paper,Hammermill Premium Copy Paper,57.99,5,0,10.19
2340,CA-2020-012834,2022-01-22,2022-01-27,Second Class,CUS-01086,Mark Jones,Corporate,United States,Miami,Florida,74374,South,OFF-PAP-33032,Office Supplies,Paper,Hammermill Premium Copy Paper,57.99,5,0,10.19
2341,CA-2020-012834,2022-01-22,2022-01-27,Second Class,CUS-01086,Mark Jones,Corporate,United States,Miami,Florida,74374,South,OFF-PAP-33032,Office Supplies,Paper,Hammermill Premium Copy Paper,57.99,5,0,10.19
2342,CA-2020-012834,2022-01-22,2022-01-27,Second Class,CUS-01086,Mark Jones,Corporate,United States,Miami,Florida,74374,South,OFF-PAP-33032,Office Supplies,Paper,Hammermill Premium Copy Paper,57.99,5,0,10.19
2343,CA-2019-012835,2021-06-09,2021-06-09,Same Day,CUS-01006,Jessica Davis,Home Office,United States,New York,New York,96774,East,FUR-TAB-55265,Furniture,Tables,Sauder Palladia Desk,287.45,2,0.3,97.61
2344,CA-2019-012835,2021-06-09,2021-06-09,Same Day,CUS-01006,Jessica Davis,Home Office,United States,New York,New York,96774,East,FUR-TAB-55265,Furniture,Tables,Sauder Palladia Desk,287.45,2,0.3,97.61
2345,CA-2019-012835,2021-06-09,2021-06-09,Same Day,CUS-01006,Jessica Davis,Home Office,United States,New York,New York,96774,East,FUR-TAB-55265,Furniture,Tables,Sauder Palladia Desk,287.45,2,0.3,97.61
2346,CA-2020-012840,2021-02-12,2021-02-17,Standard Class,CUS-01053,Richard Jones,Corporate,United States,San Francisco,California,77067,West,TEC-ACC-96681,Technology,Accessories,Belkin Surge Protector,33.08,5,0,12.04
2347,CA-2020-012840,2021-02-12,2021-02-17,Standard Class,CUS-01053,Richard Jones,Corporate,United States,San Francisco,California,77067,West,TEC-ACC-96681,Technology,Accessories,Belkin Surge Protector,33.08,5,0,12.04
2348,CA-2020-012840,2021-02-12,2021-02-17,Standard Class,CUS-01053,Richard Jones,Corporate,United States,San Francisco,California,77067,West,TEC-ACC-96681,Technology,Accessories,Belkin Surge Protector,33.08,5,0,12.04
2349,CA-2020-012840,2021-02-12,2021-02-17,Standard Class,CUS-01053,Richard Jones,Corporate,United States,San Francisco,California,77067,West,TEC-ACC-96681,Technology,Accessories,Belkin Surge Protector,33.08,5,0,12.04
2350,CA-2019-012844,2019-03-22,2019-03-22,Same Day,CUS-01053,Richard Jones,Corporate,United States,Seattle,Washington,63763,West,OFF-SUP-91014,Office Supplies,Supplies,Dixon Ticonderoga Pencils,12.23,1,0,1.23
2351,CA-2021-012849,2019-09-08,2019-09-09,Same Day,CUS-01107,Anthony White,Home Office,United States,Washington,District of Columbia,79375,East,OFF-BIN-91995,Office Supplies,Binders,Cardinal EasyOpen Binder,16.75,3,0.5,-2.09
2352,CA-2021-012849,2019-09-08,2019-09-09,Same Day,CUS-01107,Anthony White,Home Office,United States,Washington,District of Columbia,79375,East,OFF-BIN-91995,Office Supplies,Binders,Cardinal EasyOpen Binder,16.75,3,0.5,-2.09
2353,CA-2020-012850,2020-01-20,2020-01-26,Standard Class,CUS-01035,Emily Wilson,Home Office,United States,Seattle,Washington,98211,West,TEC-COM-91143,Technology,Computers,Apple MacBook Air,1617.67,3,0.2,344.65
2354,CA-2020-012850,2020-01-20,2020-01-26,Standard Class,CUS-01035,Emily Wilson,Home Office,United States,Seattle,Washington,98211,West,TEC-COM-91143,Technology,Computers,Apple MacBook Air,1617.67,3,0.2,344.65
2355,CA-2019-012854,2021-05-09,2021-05-13,Second Class,CUS-01093,Patricia Garcia,Corporate,United States,Atlanta,Georgia,23643,South,FUR-BOO-70550,Furniture,Bookcases,Bush Furniture Cabot Bookcase,437.22,7,0.2,187.21
2356,CA-2019-012854,2021-05-09,2021-05-13,Second Class,CUS-01093,Patricia Garcia,Corporate,United States,Atlanta,Georgia,23643,South,FUR-BOO-70550,Furniture,Bookcases,Bush Furniture Cabot Bookcase,437.22,7,0.2,187.21
2357,CA-2019-012854,2021-05-09,2021-05-13,Second Class,CUS-01093,Patricia Garcia,Corporate,United States,Atlanta,Georgia,23643,South,FUR-BOO-70550,Furniture,Bookcases,Bush Furniture Cabot Bookcase,437.22,7,0.2,187.21
2358,CA-2019-012854,2021-05-09,2021-05-13,Second Class,CUS-01093,Patricia Garcia,Corporate,United States,Atlanta,Georgia,23643,South,FUR-BOO-70550,Furniture,Bookcases,Bush Furniture Cabot Bookcase,437.22,7,0.2,187.21
2359,CA-2020-012856,2021-02-04,2021-02-06,First Class,CUS-01024,Daniel Miller,Home Office,United States,Atlanta,Georgia,98572,South,FUR-BOO-99546,Furniture,Bookcases,Way2Furn 5-Shelf,113.22,4,0,35.94
2360,CA-2020-012856,2021-02-04,2021-02-06,First Class,CUS-01024,Daniel Miller,Home Office,United States,Atlanta,Georgia,98572,South,FUR-BOO-99546,Furniture,Bookcases,Way2Furn 5-Shelf,113.22,4,0,35.94
2361,CA-2020-012856,2021-02-04,2021-02-06,First Class,CUS-01024,Daniel Miller,Home Office,United States,Atlanta,Georgia,98572,South,FUR-BOO-99546,Furniture,Bookcases,Way2Furn 5-Shelf,113.22,4,0,35.94
2362,CA-2020-012856,2021-02-04,2021-02-06,First Class,CUS-01024,Daniel Miller,Home Office,United States,Atlanta,Georgia,98572,South,FUR-BOO-99546,Furniture,Bookcases,Way2Furn 5-Shelf,113.22,4,0,35.94
2363,CA-2022-012859,2021-04-22,2021-04-25,First Class,CUS-01066,Margaret White,Home Office,United States,Philadelphia,Pennsylvania,24282,East,FUR-TAB-75663,Furniture,Tables,Realspace Magellan Corner Desk,917.18,5,0.3,312.02
2364,CA-2022-012859,2021-04-22,2021-04-25,First Class,CUS-01066,Margaret White,Home Office,United States,Philadelphia,Pennsylvania,24282,East,FUR-TAB-75663,Furniture,Tables,Realspace Magellan Corner Desk,917.18,5,0.3,312.02
2365,CA-2022-012862,2022-11-28,2022-12-05,Standard Class,CUS-01089,Michael Johnson,Home Office,United States,Chicago,Illinois,47971,Central,OFF-BIN-41302,Office Supplies,Binders,Cardinal EasyOpen Binder,10.94,4,0.1,4.79
2366,CA-2022-012862,2022-11-28,2022-12-05,Standard Class,CUS-01089,Michael Johnson,Home Office,United States,Chicago,Illinois,47971,Central,OFF-BIN-41302,Office Supplies,Binders,Cardinal EasyOpen Binder,10.94,4,0.1,4.79
2367,CA-2022-012862,2022-11-28,2022-12-05,Standard Class,CUS-01089,Michael Johnson,Home Office,United States,Chicago,Illinois,47971,Central,OFF-BIN-41302,Office Supplies,Binders,Cardinal EasyOpen Binder,10.94,4,0.1,4.79
2368,CA-2020-012867,2020-06-11,2020-06-13,First Class,CUS-01051,Thomas Jackson,Consumer,United States,Seattle,Washington,23392,West,TEC-PHO-78971,Technology,Phones,Motorola Moto G,665.45,2,0,194.7
2369,CA-2020-012867,2020-06-11,2020-06-13,First Class,CUS-01051,Thomas Jackson,Consumer,United States,Seattle,Washington,23392,West,TEC-PHO-78971,Technology,Phones,Motorola Moto G,665.45,2,0,194.7
2370,CA-2020-012872,2019-07-07,2019-07-11,Second Class,CUS-01028,Sarah Garcia,Corporate,United States,Portland,Oregon,94414,West,FUR-TAB-63300,Furniture,Tables,IKEA Bekant Desk,392.95,2,0,163.96
2371,CA-2020-012872,2019-07-07,2019-07-11,Second Class,CUS-01028,Sarah Garcia,Corporate,United States,Portland,Oregon,94414,West,FUR-TAB-63300,Furniture,Tables,IKEA Bekant Desk,392.95,2,0,163.96
2372,CA-2020-012872,2019-07-07,2019-07-11,Second Class,CUS-01028,Sarah Garcia,Corporate,United States,Portland,Oregon,94414,West,FUR-TAB-63300,Furniture,Tables,IKEA Bekant Desk,392.95,2,0,163.96
2373,CA-2020-012872,2019-07-07,2019-07-11,Second Class,CUS-01028,Sarah Garcia,Corporate,United States,Portland,Oregon,94414,West,FUR-TAB-63300,Furniture,Tables,IKEA Bekant Desk,392.95,2,0,163.96
2374,CA-2021-012877,2019-07-15,2019-07-16,Same Day,CUS-01100,Donald Jackson,Home Office,United States,New York,New York,34225,East,TEC-PHO-86820,Technology,Phones,Apple iPhone 14,2140.22,7,0,577.64
2375,CA-2020-012881,2020-11-14,2020-11-15,Same Day,CUS-01034,Christopher Miller,Home Office,United States,Columbus,Ohio,25689,Central,OFF-APP-91403,Office Supplies,Appliances,Fellowes Saturn Laminator,175.45,7,0.3,51.56
2376,CA-2020-012881,2020-11-14,2020-11-15,Same Day,CUS-01034,Christopher Miller,Home Office,United States,Columbus,Ohio,25689,Central,OFF-APP-91403,Office Supplies,Appliances,Fellowes Saturn Laminator,175.45,7,0.3,51.56
2377,CA-2020-012881,2020-11-14,2020-11-15,Same Day,CUS-01034,Christopher Miller,Home Office,United States,Columbus,Ohio,25689,Central,OFF-APP-91403,Office Supplies,Appliances,Fellowes Saturn Laminator,175.45,7,0.3,51.56
2378,CA-2020-012885,2019-06-06,2019-06-08,First Class,CUS-01104,Margaret Brown,Home Office,United States,Washington,District of Columbia,93792,East,OFF-FAS-80677,Office Supplies,Fasteners,Swingline Heavy Duty Stapler,16.62,4,0.4,-2.18
2379,CA-2020-012885,2019-06-06,2019-06-08,First Class,CUS-01104,Margaret Brown,Home Office,United States,Washington,District of Columbia,93792,East,OFF-FAS-80677,Office Supplies,Fasteners,Swingline Heavy Duty Stapler,16.62,4,0.4,-2.18
2380,CA-2020-012885,2019-06-06,2019-06-08,First Class,CUS-01104,Margaret Brown,Home Office,United States,Washington,District of Columbia,93792,East,OFF-FAS-80677,Office Supplies,Fasteners,Swingline Heavy Duty Stapler,16.62,4,0.4,-2.18
2381,CA-2019-012886,2019-10-13,2019-10-13,Same Day,CUS-01022,Karen Taylor,Home Office,United States,Seattle,Washington,89504,West,OFF-SUP-19633,Office Supplies,Supplies,Pilot G2 Gel Pen 12-Pack,32.35,5,0.3,5.99
2382,CA-2019-012891,2019-03-16,2019-03-18,First Class,CUS-01067,Betty Taylor,Home Office,United States,Houston,Texas,58081,South,OFF-BIN-41149,Office Supplies,Binders,Cardinal EasyOpen Binder,68.5,7,0.4,-7.68
2383,CA-2019-012894,2019-09-21,2019-09-21,Same Day,CUS-01006,Jessica Davis,Home Office,United States,Los Angeles,California,78191,West,TEC-ACC-62144,Technology,Accessories,APC UPS 1500VA,110.99,2,0,22.7
2384,CA-2019-012894,2019-09-21,2019-09-21,Same Day,CUS-01006,Jessica Davis,Home Office,United States,Los Angeles,California,78191,West,TEC-ACC-62144,Technology,Accessories,APC UPS 1500VA,110.99,2,0,22.7
2385,CA-2019-012894,2019-09-21,2019-09-21,Same Day,CUS-01006,Jessica Davis,Home Office,United States,Los Angeles,California,78191,West,TEC-ACC-62144,Technology,Accessories,APC UPS 1500VA,110.99,2,0,22.7
2386,CA-2019-012894,2019-09-21,2019-09-21,Same Day,CUS-01006,Jessica Davis,Home Office,United States,Los Angeles,California,78191,West,TEC-ACC-62144,Technology,Accessories,APC UPS 1500VA,110.99,2,0,22.7
2387,CA-2019-012895,2020-03-11,2020-03-16,Standard Class,CUS-01099,Patricia Johnson,Home Office,United States,San Francisco,California,54634,West,FUR-CHA-76725,Furniture,Chairs,Flash Furniture Mesh Chair,935.79,7,0,228.48
2388,CA-2019-012895,2020-03-11,2020-03-16,Standard Class,CUS-01099,Patricia Johnson,Home Office,United States,San Francisco,California,54634,West,FUR-CHA-76725,Furniture,Chairs,Flash Furniture Mesh Chair,935.79,7,0,228.48
2389,CA-2019-012895,2020-03-11,2020-03-16,Standard Class,CUS-01099,Patricia Johnson,Home Office,United States,San Francisco,California,54634,West,FUR-CHA-76725,Furniture,Chairs,Flash Furniture Mesh Chair,935.79,7,0,228.48
2390,CA-2019-012895,2020-03-11,2020-03-16,Standard Class,CUS-01099,Patricia Johnson,Home Office,United States,San Francisco,California,54634,West,FUR-CHA-76725,Furniture,Chairs,Flash Furniture Mesh Chair,935.79,7,0,228.48
2391,CA-2022-012898,2022-08-12,2022-08-17,Second Class,CUS-01027,David Martin,Home Office,United States,Minneapolis,Minnesota,15287,Central,TEC-COM-82683,Technology,Computers,Lenovo ThinkPad X1,608.91,9,0.5,-110.24
2392,CA-2022-012898,2022-08-12,2022-08-17,Second Class,CUS-01027,David Martin,Home Office,United States,Minneapolis,Minnesota,15287,Central,TEC-COM-82683,Technology,Computers,Lenovo ThinkPad X1,608.91,9,0.5,-110.24
2393,CA-2022-012898,2022-08-12,2022-08-17,Second Class,CUS-01027,David Martin,Home Office,United States,Minneapolis,Minnesota,15287,Central,TEC-COM-82683,Technology,Computers,Lenovo ThinkPad X1,608.91,9,0.5,-110.24
2394,CA-2021-012903,2021-09-03,2021-09-07,Second Class,CUS-01006,Jessica Davis,Home Office,United States,Seattle,Washington,94559,West,FUR-CHA-23431,Furniture,Chairs,HON Ignition 2.0 Task Chair,5034.33,8,0,1471.4
2395,CA-2021-012905,2022-04-04,2022-04-10,Standard Class,CUS-01037,William Davis,Home Office,United States,Los Angeles,California,69389,West,FUR-TAB-88361,Furniture,Tables,Sauder Palladia Desk,1005.15,10,0.4,-179.25
2396,CA-2021-012905,2022-04-04,2022-04-10,Standard Class,CUS-01037,William Davis,Home Office,United States,Los Angeles,California,69389,West,FUR-TAB-88361,Furniture,Tables,Sauder Palladia Desk,1005.15,10,0.4,-179.25
2397,CA-2021-012905,2022-04-04,2022-04-10,Standard Class,CUS-01037,William Davis,Home Office,United States,Los Angeles,California,69389,West,FUR-TAB-88361,Furniture,Tables,Sauder Palladia Desk,1005.15,10,0.4,-179.25
2398,CA-2021-012905,2022-04-04,2022-04-10,Standard Class,CUS-01037,William Davis,Home Office,United States,Los Angeles,California,69389,West,FUR-TAB-88361,Furniture,Tables,Sauder Palladia Desk,1005.15,10,0.4,-179.25
2399,CA-2021-012910,2022-08-07,2022-08-07,Same Day,CUS-01114,Jessica Jackson,Corporate,United States,Dallas,Texas,80158,Central,FUR-FUR-84548,Furniture,Furnishings,Lorell Dry-Erase Board,116.37,6,0,19.52
2400,CA-2021-012910,2022-08-07,2022-08-07,Same Day,CUS-01114,Jessica Jackson,Corporate,United States,Dallas,Texas,80158,Central,FUR-FUR-84548,Furniture,Furnishings,Lorell Dry-Erase Board,116.37,6,0,19.52
2401,CA-2021-012910,2022-08-07,2022-08-07,Same Day,CUS-01114,Jessica Jackson,Corporate,United States,Dallas,Texas,80158,Central,FUR-FUR-84548,Furniture,Furnishings,Lorell Dry-Erase Board,116.37,6,0,19.52
2402,CA-2020-012915,2020-01-25,2020-01-30,Standard Class,CUS-01108,Christopher Martinez,Consumer,United States,San Francisco,California,28519,West,FUR-FUR-83380,Furniture,Furnishings,Lorell Dry-Erase Board,109.29,1,0.4,-16.33
2403,CA-2022-012917,2021-03-26,2021-04-01,Standard Class,CUS-01098,Patricia Clark,Corporate,United States,Houston,Texas,94139,South,FUR-TAB-38299,Furniture,Tables,Realspace Magellan Corner Desk,433.32,4,0.1,78.13
2404,CA-2022-012917,2021-03-26,2021-04-01,Standard Class,CUS-01098,Patricia Clark,Corporate,United States,Houston,Texas,94139,South,FUR-TAB-38299,Furniture,Tables,Realspace Magellan Corner Desk,433.32,4,0.1,78.13
2405,CA-2022-012917,2021-03-26,2021-04-01,Standard Class,CUS-01098,Patricia Clark,Corporate,United States,Houston,Texas,94139,South,FUR-TAB-38299,Furniture,Tables,Realspace Magellan Corner Desk,433.32,4,0.1,78.13
2406,CA-2020-012919,2019-10-11,2019-10-17,Standard Class,CUS-01106,John Perez,Consumer,United States,Boston,Massachusetts,63408,East,OFF-PAP-84221,Office Supplies,Paper,Hammermill Premium Copy Paper,107.67,6,0,29.04
2407,CA-2020-012919,2019-10-11,2019-10-17,Standard Class,CUS-01106,John Perez,Consumer,United States,Boston,Massachusetts,63408,East,OFF-PAP-84221,Office Supplies,Paper,Hammermill Premium Copy Paper,107.67,6,0,29.04
2408,CA-2022-012924,2021-01-04,2021-01-08,Second Class,CUS-01085,Richard Miller,Home Office,United States,Chicago,Illinois,82170,Central,FUR-FUR-63336,Furniture,Furnishings,Master Caster Doorstop,124.68,4,0,34.25
2409,CA-2022-012924,2021-01-04,2021-01-08,Second Class,CUS-01085,Richard Miller,Home Office,United States,Chicago,Illinois,82170,Central,FUR-FUR-63336,Furniture,Furnishings,Master Caster Doorstop,124.68,4,0,34.25
2410,CA-2022-012924,2021-01-04,2021-01-08,Second Class,CUS-01085,Richard Miller,Home Office,United States,Chicago,Illinois,82170,Central,FUR-FUR-63336,Furniture,Furnishings,Master Caster Doorstop,124.68,4,0,34.25
2411,CA-2022-012924,2021-01-04,2021-01-08,Second Class,CUS-01085,Richard Miller,Home Office,United States,Chicago,Illinois,82170,Central,FUR-FUR-63336,Furniture,Furnishings,Master Caster Doorstop,124.68,4,0,34.25
2412,CA-2019-012929,2020-01-25,2020-01-28,First Class,CUS-01119,James White,Home Office,United States,Boston,Massachusetts,35171,East,FUR-FUR-29523,Furniture,Furnishings,Lorell Dry-Erase Board,227.46,5,0.2,68.33
2413,CA-2019-012931,2021-09-06,2021-09-09,Second Class,CUS-01001,Linda Smith,Home Office,United States,Nashville,Tennessee,61206,South,FUR-CHA-25307,Furniture,Chairs,HON Ignition 2.0 Task Chair,2407.56,7,0.1,192.66
2414,CA-2019-012931,2021-09-06,2021-09-09,Second Class,CUS-01001,Linda Smith,Home Office,United States,Nashville,Tennessee,61206,South,FUR-CHA-25307,Furniture,Chairs,HON Ignition 2.0 Task Chair,2407.56,7,0.1,192.66
2415,CA-2021-012933,2019-04-09,2019-04-15,Standard Class,CUS-01068,Mark Brown,Consumer,United States,Washington,District of Columbia,94972,East,FUR-CHA-92557,Furniture,Chairs,Herman Miller Aeron,1740.88,6,0,402.58
2416,CA-2021-012933,2019-04-09,2019-04-15,Standard Class,CUS-01068,Mark Brown,Consumer,United States,Washington,District of Columbia,94972,East,FUR-CHA-92557,Furniture,Chairs,Herman Miller Aeron,1740.88,6,0,402.58
2417,CA-2020-012934,2021-06-26,2021-06-26,Same Day,CUS-01007,Mary Martin,Consumer,United States,Dallas,Texas,93558,Central,FUR-BOO-74915,Furniture,Bookcases,Bush Furniture Cabot Bookcase,1494.31,10,0.2,308.27
2418,CA-2022-012939,2021-04-05,2021-04-05,Same Day,CUS-01077,William Clark,Home Office,United States,San Francisco,California,12550,West,OFF-PAP-74499,Office Supplies,Paper,Georgia-Pacific Copy Paper,99.66,8,0.4,-20.89
2419,CA-2022-012939,2021-04-05,2021-04-05,Same Day,CUS-01077,William Clark,Home Office,United States,San Francisco,California,12550,West,OFF-PAP-74499,Office Supplies,Paper,Georgia-Pacific Copy Paper,99.66,8,0.4,-20.89
2420,CA-2019-012941,2019-02-16,2019-02-17,Same Day,CUS-01009,Karen Smith,Consumer,United States,Seattle,Washington,36563,West,FUR-TAB-27388,Furniture,Tables,IKEA Bekant Desk,1812.96,6,0.3,609.1
2421,CA-2019-012941,2019-02-16,2019-02-17,Same Day,CUS-01009,Karen Smith,Consumer,United States,Seattle,Washington,36563,West,FUR-TAB-27388,Furniture,Tables,IKEA Bekant Desk,1812.96,6,0.3,609.1
2422,CA-2020-012944,2021-04-01,2021-04-07,Standard Class,CUS-01070,Mary Lee,Home Office,United States,Baltimore,Maryland,11394,East,TEC-COM-20301,Technology,Computers,Dell Inspiron 15,186.47,1,0.4,-8.86
2423,CA-2020-012944,2021-04-01,2021-04-07,Standard Class,CUS-01070,Mary Lee,Home Office,United States,Baltimore,Maryland,11394,East,TEC-COM-20301,Technology,Computers,Dell Inspiron 15,186.47,1,0.4,-8.86
2424,CA-2020-012944,2021-04-01,2021-04-07,Standard Class,CUS-01070,Mary Lee,Home Office,United States,Baltimore,Maryland,11394,East,TEC-COM-20301,Technology,Computers,Dell Inspiron 15,186.47,1,0.4,-8.86
2425,CA-2020-012944,2021-04-01,2021-04-07,Standard Class,CUS-01070,Mary Lee,Home Office,United States,Baltimore,Maryland,11394,East,TEC-COM-20301,Technology,Computers,Dell Inspiron 15,186.47,1,0.4,-8.86
2426,CA-2020-012947,2022-10-03,2022-10-05,First Class,CUS-01060,Emily Williams,Home Office,United States,Nashville,Tennessee,85161,South,FUR-FUR-34954,Furniture,Furnishings,Deflect-O Chair Mat,84.76,2,0.2,14.65
2427,CA-2020-012952,2020-10-23,2020-10-28,Standard Class,CUS-01111,Lisa Taylor,Corporate,United States,Miami,Florida,76881,South,TEC-PHO-46096,Technology,Phones,Motorola Moto G,145.13,1,0.1,33.48
2428,CA-2020-012952,2020-10-23,2020-10-28,Standard Class,CUS-01111,Lisa Taylor,Corporate,United States,Miami,Florida,76881,South,TEC-PHO-46096,Technology,Phones,Motorola Moto G,145.13,1,0.1,33.48
2429,CA-2020-012952,2020-10-23,2020-10-28,Standard Class,CUS-01111,Lisa Taylor,Corporate,United States,Miami,Florida,76881,South,TEC-PHO-46096,Technology,Phones,Motorola Moto G,145.13,1,0.1,33.48
2430,CA-2019-012957,2021-08-21,2021-08-26,Standard Class,CUS-01116,Sarah Gonzalez,Corporate,United States,Charlotte,North Carolina,97461,South,OFF-ART-19853,Office Supplies,Art,Crayola Colored Pencils,5.38,3,0,2.16
2431,CA-2019-012957,2021-08-21,2021-08-26,Standard Class,CUS-01116,Sarah Gonzalez,Corporate,United States,Charlotte,North Carolina,97461,South,OFF-ART-19853,Office Supplies,Art,Crayola Colored Pencils,5.38,3,0,2.16
2432,CA-2019-012961,2020-06-18,2020-06-18,Same Day,CUS-01074,John Lopez,Consumer,United States,Kansas City,Missouri,89494,Central,FUR-TAB-40360,Furniture,Tables,Sauder Palladia Desk,3245.74,9,0.1,1300.43
2433,CA-2019-012961,2020-06-18,2020-06-18,Same Day,CUS-01074,John Lopez,Consumer,United States,Kansas City,Missouri,89494,Central,FUR-TAB-40360,Furniture,Tables,Sauder Palladia Desk,3245.74,9,0.1,1300.43
2434,CA-2021-012963,2019-03-01,2019-03-03,First Class,CUS-01074,John Lopez,Consumer,United States,Houston,Texas,74595,South,OFF-SUP-93447,Office Supplies,Supplies,Scotch Magic Tape,14.15,2,0.5,-1.71
2435,CA-2022-012967,2020-04-28,2020-04-28,Same Day,CUS-01111,Lisa Taylor,Corporate,United States,Boston,Massachusetts,10295,East,FUR-TAB-96364,Furniture,Tables,IKEA Bekant Desk,697.4,3,0.1,210.38
2436,CA-2022-012967,2020-04-28,2020-04-28,Same Day,CUS-01111,Lisa Taylor,Corporate,United States,Boston,Massachusetts,10295,East,FUR-TAB-96364,Furniture,Tables,IKEA Bekant Desk,697.4,3,0.1,210.38
2437,CA-2022-012967,2020-04-28,2020-04-28,Same Day,CUS-01111,Lisa Taylor,Corporate,United States,Boston,Massachusetts,10295,East,FUR-TAB-96364,Furniture,Tables,IKEA Bekant Desk,697.4,3,0.1,210.38
2438,CA-2020-012971,2021-03-16,2021-03-18,First Class,CUS-01100,Donald Jackson,Home Office,United States,Columbus,Ohio,68626,Central,TEC-ACC-84636,Technology,Accessories,APC UPS 1500VA,50.18,2,0,3.97
2439,CA-2020-012971,2021-03-16,2021-03-18,First Class,CUS-01100,Donald Jackson,Home Office,United States,Columbus,Ohio,68626,Central,TEC-ACC-84636,Technology,Accessories,APC UPS 1500VA,50.18,2,0,3.97
2440,CA-2021-012972,2021-03-25,2021-03-25,Same Day,CUS-01072,James Williams,Home Office,United States,Dallas,Texas,66355,Central,OFF-SUP-81660,Office Supplies,Supplies,Dixon Ticonderoga Pencils,76.71,3,0,31.21
2441,CA-2021-012977,2022-05-24,2022-05-29,Second Class,CUS-01108,Christopher Martinez,Consumer,United States,Nashville,Tennessee,42869,South,OFF-FAS-27037,Office Supplies,Fasteners,3M Post-it Flags,147.7,10,0.3,57.37
2442,CA-2019-012978,2020-12-11,2020-12-12,Same Day,CUS-01104,Margaret Brown,Home Office,United States,Baltimore,Maryland,22014,East,FUR-TAB-81299,Furniture,Tables,IKEA Bekant Desk,757.55,7,0.5,-48.63
2443,CA-2019-012978,2020-12-11,2020-12-12,Same Day,CUS-01104,Margaret Brown,Home Office,United States,Baltimore,Maryland,22014,East,FUR-TAB-81299,Furniture,Tables,IKEA Bekant Desk,757.55,7,0.5,-48.63
2444,CA-2019-012981,2021-07-14,2021-07-17,First Class,CUS-01100,Donald Jackson,Home Office,United States,Washington,District of Columbia,18320,East,OFF-STO-90010,Office Supplies,Storage,Smead Filing Box,92.71,7,0,36.42
2445,CA-2019-012981,2021-07-14,2021-07-17,First Class,CUS-01100,Donald Jackson,Home Office,United States,Washington,District of Columbia,18320,East,OFF-STO-90010,Office Supplies,Storage,Smead Filing Box,92.71,7,0,36.42
2446,CA-2019-012981,2021-07-14,2021-07-17,First Class,CUS-01100,Donald Jackson,Home Office,United States,Washington,District of Columbia,18320,East,OFF-STO-90010,Office Supplies,Storage,Smead Filing Box,92.71,7,0,36.42
2447,CA-2019-012981,2021-07-14,2021-07-17,First Class,CUS-01100,Donald Jackson,Home Office,United States,Washington,District of Columbia,18320,East,OFF-STO-90010,Office Supplies,Storage,Smead Filing Box,92.71,7,0,36.42
2448,CA-2022-012986,2019-09-23,2019-09-25,First Class,CUS-01064,Sandra Miller,Home Office,United States,Washington,District of Columbia,51714,East,OFF-SUP-62244,Office Supplies,Supplies,Pilot G2 Gel Pen 12-Pack,18.42,4,0.3,1.3
2449,CA-2022-012986,2019-09-23,2019-09-25,First Class,CUS-01064,Sandra Miller,Home Office,United States,Washington,District of Columbia,51714,East,OFF-SUP-62244,Office Supplies,Supplies,Pilot G2 Gel Pen 12-Pack,18.42,4,0.3,1.3
2450,CA-2022-012986,2019-09-23,2019-09-25,First Class,CUS-01064,Sandra Miller,Home Office,United States,Washington,District of Columbia,51714,East,OFF-SUP-62244,Office Supplies,Supplies,Pilot G2 Gel Pen 12-Pack,18.42,4,0.3,1.3
2451,CA-2019-012988,2021-03-10,2021-03-11,Same Day,CUS-01088,Sarah Williams,Corporate,United States,Nashville,Tennessee,15022,South,TEC-PHO-46647,Technology,Phones,Samsung Galaxy S22,769.14,3,0.3,300.73
2452,CA-2019-012988,2021-03-10,2021-03-11,Same Day,CUS-01088,Sarah Williams,Corporate,United States,Nashville,Tennessee,15022,South,TEC-PHO-46647,Technology,Phones,Samsung Galaxy S22,769.14,3,0.3,300.73
2453,CA-2019-012988,2021-03-10,2021-03-11,Same Day,CUS-01088,Sarah Williams,Corporate,United States,Nashville,Tennessee,15022,South,TEC-PHO-46647,Technology,Phones,Samsung Galaxy S22,769.14,3,0.3,300.73
2454,CA-2021-012991,2021-12-08,2021-12-09,Same Day,CUS-01076,Emily Miller,Home Office,United States,Atlanta,Georgia,28396,South,FUR-BOO-93663,Furniture,Bookcases,Bush Furniture Cabot Bookcase,156.62,3,0.2,57.3
2455,CA-2021-012991,2021-12-08,2021-12-09,Same Day,CUS-01076,Emily Miller,Home Office,United States,Atlanta,Georgia,28396,South,FUR-BOO-93663,Furniture,Bookcases,Bush Furniture Cabot Bookcase,156.62,3,0.2,57.3
2456,CA-2020-012993,2022-03-18,2022-03-24,Standard Class,CUS-01052,Michael Thompson,Corporate,United States,San Francisco,California,20434,West,OFF-ENV-79866,Office Supplies,Envelopes,Quality Park Catalog Envelopes,83.65,8,0,34.76
2457,CA-2020-012993,2022-03-18,2022-03-24,Standard Class,CUS-01052,Michael Thompson,Corporate,United States,San Francisco,California,20434,West,OFF-ENV-79866,Office Supplies,Envelopes,Quality Park Catalog Envelopes,83.65,8,0,34.76
2458,CA-2020-012993,2022-03-18,2022-03-24,Standard Class,CUS-01052,Michael Thompson,Corporate,United States,San Francisco,California,20434,West,OFF-ENV-79866,Office Supplies,Envelopes,Quality Park Catalog Envelopes,83.65,8,0,34.76
2459,CA-2022-012998,2022-03-24,2022-03-28,Second Class,CUS-01076,Emily Miller,Home Office,United States,Seattle,Washington,55000,West,OFF-ENV-39301,Office Supplies,Envelopes,Quality Park Catalog Envelopes,77.7,9,0,21.29
2460,CA-2022-012998,2022-03-24,2022-03-28,Second Class,CUS-01076,Emily Miller,Home Office,United States,Seattle,Washington,55000,West,OFF-ENV-39301,Office Supplies,Envelopes,Quality Park Catalog Envelopes,77.7,9,0,21.29
2461,CA-2022-012998,2022-03-24,2022-03-28,Second Class,CUS-01076,Emily Miller,Home Office,United States,Seattle,Washington,55000,West,OFF-ENV-39301,Office Supplies,Envelopes,Quality Park Catalog Envelopes,77.7,9,0,21.29
2462,CA-2022-012998,2022-03-24,2022-03-28,Second Class,CUS-01076,Emily Miller,Home Office,United States,Seattle,Washington,55000,West,OFF-ENV-39301,Office Supplies,Envelopes,Quality Park Catalog Envelopes,77.7,9,0,21.29
2463,CA-2021-013000,2019-02-22,2019-02-23,Same Day,CUS-01050,David Taylor,Consumer,United States,Chicago,Illinois,89938,Central,FUR-FUR-47657,Furniture,Furnishings,Lorell Dry-Erase Board,634.1,4,0,80.95
2464,CA-2019-013003,2021-09-12,2021-09-12,Same Day,CUS-01007,Mary Martin,Consumer,United States,Phoenix,Arizona,53727,West,OFF-LAB-14940,Office Supplies,Labels,Staples Multipurpose Labels,40.93,6,0.1,8.51
2465,CA-2021-013004,2021-07-18,2021-07-24,Standard Class,CUS-01106,John Perez,Consumer,United States,Dallas,Texas,24053,Central,TEC-COM-91183,Technology,Computers,Lenovo ThinkPad X1,5738.38,7,0.5,-978.79
2466,CA-2020-013007,2021-07-05,2021-07-07,First Class,CUS-01003,William Clark,Consumer,United States,Dallas,Texas,94320,Central,TEC-ACC-14612,Technology,Accessories,Logitech MX Master Mouse,294.99,3,0.5,-29.97
2467,CA-2022-013011,2019-05-04,2019-05-08,Second Class,CUS-01001,Linda Smith,Home Office,United States,Minneapolis,Minnesota,27009,Central,TEC-MAC-83112,Technology,Machines,Fellowes Powershred 79Ci,715.18,6,0.4,-41.16
2468,CA-2022-013011,2019-05-04,2019-05-08,Second Class,CUS-01001,Linda Smith,Home Office,United States,Minneapolis,Minnesota,27009,Central,TEC-MAC-83112,Technology,Machines,Fellowes Powershred 79Ci,715.18,6,0.4,-41.16
2469,CA-2021-013016,2021-05-26,2021-05-26,Same Day,CUS-01042,Linda Jones,Home Office,United States,Charlotte,North Carolina,80636,South,FUR-BOO-31966,Furniture,Bookcases,Sauder Cottage Road Bookcase,138.72,6,0.3,61.49
2470,CA-2021-013016,2021-05-26,2021-05-26,Same Day,CUS-01042,Linda Jones,Home Office,United States,Charlotte,North Carolina,80636,South,FUR-BOO-31966,Furniture,Bookcases,Sauder Cottage Road Bookcase,138.72,6,0.3,61.49
2471,CA-2021-013016,2021-05-26,2021-05-26,Same Day,CUS-01042,Linda Jones,Home Office,United States,Charlotte,North Carolina,80636,South,FUR-BOO-31966,Furniture,Bookcases,Sauder Cottage Road Bookcase,138.72,6,0.3,61.49
2472,CA-2021-013021,2021-05-14,2021-05-17,First Class,CUS-01101,David Johnson,Home Office,United States,Dallas,Texas,75802,Central,TEC-ACC-20876,Technology,Accessories,Logitech MX Master Mouse,1005.02,7,0.3,60.46
